zone,day_of_week,hour,is_weekday,is_rush_hour,congestion_score,level
MG Road,0,0,1,0,0.54,medium
Whitefield,0,0,1,0,0.289,low
Koramangala,0,0,1,0,0.152,low
Electronic City,0,0,1,0,0.572,medium
Indiranagar,0,0,1,0,0.281,low
MG Road,0,1,1,0,0.481,medium
Whitefield,0,1,1,0,0.426,medium
Koramangala,0,1,1,0,0.161,low
Electronic City,0,1,1,0,0.412,medium
Indiranagar,0,1,1,0,0.343,low
MG Road,0,2,1,0,0.463,medium
Whitefield,0,2,1,0,0.263,low
Koramangala,0,2,1,0,0.119,low
Electronic City,0,2,1,0,0.297,low
Indiranagar,0,2,1,0,0.162,low
MG Road,0,3,1,0,0.455,medium
Whitefield,0,3,1,0,0.219,low
Koramangala,0,3,1,0,0.125,low
Electronic City,0,3,1,0,0.377,medium
Indiranagar,0,3,1,0,0.187,low
MG Road,0,4,1,0,0.617,medium
Whitefield,0,4,1,0,0.282,low
Koramangala,0,4,1,0,0.105,low
Electronic City,0,4,1,0,0.336,low
Indiranagar,0,4,1,0,0.256,low
MG Road,0,5,1,0,0.809,high
Whitefield,0,5,1,0,0.508,medium
Koramangala,0,5,1,0,0.43,medium
Electronic City,0,5,1,0,0.702,high
Indiranagar,0,5,1,0,0.577,medium
MG Road,0,6,1,0,0.752,high
Whitefield,0,6,1,0,0.748,high
Koramangala,0,6,1,0,0.399,medium
Electronic City,0,6,1,0,0.665,high
Indiranagar,0,6,1,0,0.666,high
MG Road,0,7,1,0,0.702,high
Whitefield,0,7,1,0,0.617,medium
Koramangala,0,7,1,0,0.243,low
Electronic City,0,7,1,0,0.644,medium
Indiranagar,0,7,1,0,0.616,medium
MG Road,0,8,1,1,1.0,high
Whitefield,0,8,1,1,0.864,high
Koramangala,0,8,1,1,0.641,medium
Electronic City,0,8,1,1,0.976,high
Indiranagar,0,8,1,1,0.732,high
MG Road,0,9,1,1,0.992,high
Whitefield,0,9,1,1,0.813,high
Koramangala,0,9,1,1,0.735,high
Electronic City,0,9,1,1,1.0,high
Indiranagar,0,9,1,1,0.709,high
MG Road,0,10,1,1,1.0,high
Whitefield,0,10,1,1,0.819,high
Koramangala,0,10,1,1,0.596,medium
Electronic City,0,10,1,1,1.0,high
Indiranagar,0,10,1,1,0.932,high
MG Road,0,11,1,0,0.875,high
Whitefield,0,11,1,0,0.533,medium
Koramangala,0,11,1,0,0.375,medium
Electronic City,0,11,1,0,0.777,high
Indiranagar,0,11,1,0,0.678,high
MG Road,0,12,1,0,0.762,high
Whitefield,0,12,1,0,0.585,medium
Koramangala,0,12,1,0,0.311,low
Electronic City,0,12,1,0,0.654,high
Indiranagar,0,12,1,0,0.665,high
MG Road,0,13,1,0,0.908,high
Whitefield,0,13,1,0,0.594,medium
Koramangala,0,13,1,0,0.48,medium
Electronic City,0,13,1,0,0.779,high
Indiranagar,0,13,1,0,0.548,medium
MG Road,0,14,1,0,0.829,high
Whitefield,0,14,1,0,0.723,high
Koramangala,0,14,1,0,0.397,medium
Electronic City,0,14,1,0,0.875,high
Indiranagar,0,14,1,0,0.39,medium
MG Road,0,15,1,0,0.866,high
Whitefield,0,15,1,0,0.607,medium
Koramangala,0,15,1,0,0.376,medium
Electronic City,0,15,1,0,0.757,high
Indiranagar,0,15,1,0,0.441,medium
MG Road,0,16,1,0,0.782,high
Whitefield,0,16,1,0,0.629,medium
Koramangala,0,16,1,0,0.518,medium
Electronic City,0,16,1,0,0.709,high
Indiranagar,0,16,1,0,0.535,medium
MG Road,0,17,1,1,1.0,high
Whitefield,0,17,1,1,0.923,high
Koramangala,0,17,1,1,0.676,high
Electronic City,0,17,1,1,0.958,high
Indiranagar,0,17,1,1,0.891,high
MG Road,0,18,1,1,1.0,high
Whitefield,0,18,1,1,0.927,high
Koramangala,0,18,1,1,0.594,medium
Electronic City,0,18,1,1,0.974,high
Indiranagar,0,18,1,1,0.819,high
MG Road,0,19,1,1,0.933,high
Whitefield,0,19,1,1,0.874,high
Koramangala,0,19,1,1,0.671,high
Electronic City,0,19,1,1,1.0,high
Indiranagar,0,19,1,1,0.831,high
MG Road,0,20,1,1,0.937,high
Whitefield,0,20,1,1,0.816,high
Koramangala,0,20,1,1,0.623,medium
Electronic City,0,20,1,1,0.936,high
Indiranagar,0,20,1,1,0.837,high
MG Road,0,21,1,0,0.832,high
Whitefield,0,21,1,0,0.751,high
Koramangala,0,21,1,0,0.414,medium
Electronic City,0,21,1,0,0.771,high
Indiranagar,0,21,1,0,0.594,medium
MG Road,0,22,1,0,0.646,medium
Whitefield,0,22,1,0,0.598,medium
Koramangala,0,22,1,0,0.405,medium
Electronic City,0,22,1,0,0.947,high
Indiranagar,0,22,1,0,0.585,medium
MG Road,0,23,1,0,0.824,high
Whitefield,0,23,1,0,0.597,medium
Koramangala,0,23,1,0,0.307,low
Electronic City,0,23,1,0,0.841,high
Indiranagar,0,23,1,0,0.66,high
MG Road,1,0,1,0,0.563,medium
Whitefield,1,0,1,0,0.227,low
Koramangala,1,0,1,0,0.212,low
Electronic City,1,0,1,0,0.338,low
Indiranagar,1,0,1,0,0.347,low
MG Road,1,1,1,0,0.675,high
Whitefield,1,1,1,0,0.221,low
Koramangala,1,1,1,0,0.055,low
Electronic City,1,1,1,0,0.458,medium
Indiranagar,1,1,1,0,0.26,low
MG Road,1,2,1,0,0.376,medium
Whitefield,1,2,1,0,0.305,low
Koramangala,1,2,1,0,0.015,low
Electronic City,1,2,1,0,0.488,medium
Indiranagar,1,2,1,0,0.226,low
MG Road,1,3,1,0,0.624,medium
Whitefield,1,3,1,0,0.237,low
Koramangala,1,3,1,0,0.074,low
Electronic City,1,3,1,0,0.515,medium
Indiranagar,1,3,1,0,0.202,low
MG Road,1,4,1,0,0.518,medium
Whitefield,1,4,1,0,0.405,medium
Koramangala,1,4,1,0,0.0,low
Electronic City,1,4,1,0,0.465,medium
Indiranagar,1,4,1,0,0.321,low
MG Road,1,5,1,0,0.863,high
Whitefield,1,5,1,0,0.501,medium
Koramangala,1,5,1,0,0.294,low
Electronic City,1,5,1,0,0.792,high
Indiranagar,1,5,1,0,0.624,medium
MG Road,1,6,1,0,0.82,high
Whitefield,1,6,1,0,0.628,medium
Koramangala,1,6,1,0,0.346,low
Electronic City,1,6,1,0,0.769,high
Indiranagar,1,6,1,0,0.623,medium
MG Road,1,7,1,0,0.743,high
Whitefield,1,7,1,0,0.749,high
Koramangala,1,7,1,0,0.438,medium
Electronic City,1,7,1,0,0.655,high
Indiranagar,1,7,1,0,0.653,high
MG Road,1,8,1,1,0.972,high
Whitefield,1,8,1,1,0.913,high
Koramangala,1,8,1,1,0.743,high
Electronic City,1,8,1,1,0.934,high
Indiranagar,1,8,1,1,0.927,high
MG Road,1,9,1,1,1.0,high
Whitefield,1,9,1,1,0.916,high
Koramangala,1,9,1,1,0.802,high
Electronic City,1,9,1,1,0.98,high
Indiranagar,1,9,1,1,0.79,high
MG Road,1,10,1,1,0.979,high
Whitefield,1,10,1,1,0.785,high
Koramangala,1,10,1,1,0.644,medium
Electronic City,1,10,1,1,1.0,high
Indiranagar,1,10,1,1,0.872,high
MG Road,1,11,1,0,0.866,high
Whitefield,1,11,1,0,0.601,medium
Koramangala,1,11,1,0,0.516,medium
Electronic City,1,11,1,0,0.729,high
Indiranagar,1,11,1,0,0.818,high
MG Road,1,12,1,0,0.85,high
Whitefield,1,12,1,0,0.531,medium
Koramangala,1,12,1,0,0.314,low
Electronic City,1,12,1,0,0.789,high
Indiranagar,1,12,1,0,0.582,medium
MG Road,1,13,1,0,0.857,high
Whitefield,1,13,1,0,0.638,medium
Koramangala,1,13,1,0,0.394,medium
Electronic City,1,13,1,0,0.682,high
Indiranagar,1,13,1,0,0.479,medium
MG Road,1,14,1,0,0.764,high
Whitefield,1,14,1,0,0.669,high
Koramangala,1,14,1,0,0.417,medium
Electronic City,1,14,1,0,0.65,high
Indiranagar,1,14,1,0,0.614,medium
MG Road,1,15,1,0,0.831,high
Whitefield,1,15,1,0,0.529,medium
Koramangala,1,15,1,0,0.412,medium
Electronic City,1,15,1,0,0.755,high
Indiranagar,1,15,1,0,0.509,medium
MG Road,1,16,1,0,0.829,high
Whitefield,1,16,1,0,0.645,medium
Koramangala,1,16,1,0,0.487,medium
Electronic City,1,16,1,0,0.834,high
Indiranagar,1,16,1,0,0.49,medium
MG Road,1,17,1,1,0.975,high
Whitefield,1,17,1,1,0.891,high
Koramangala,1,17,1,1,0.691,high
Electronic City,1,17,1,1,1.0,high
Indiranagar,1,17,1,1,1.0,high
MG Road,1,18,1,1,1.0,high
Whitefield,1,18,1,1,0.941,high
Koramangala,1,18,1,1,0.726,high
Electronic City,1,18,1,1,1.0,high
Indiranagar,1,18,1,1,0.825,high
MG Road,1,19,1,1,1.0,high
Whitefield,1,19,1,1,0.788,high
Koramangala,1,19,1,1,0.631,medium
Electronic City,1,19,1,1,0.961,high
Indiranagar,1,19,1,1,0.857,high
MG Road,1,20,1,1,1.0,high
Whitefield,1,20,1,1,0.701,high
Koramangala,1,20,1,1,0.705,high
Electronic City,1,20,1,1,0.871,high
Indiranagar,1,20,1,1,0.812,high
MG Road,1,21,1,0,0.887,high
Whitefield,1,21,1,0,0.605,medium
Koramangala,1,21,1,0,0.314,low
Electronic City,1,21,1,0,0.693,high
Indiranagar,1,21,1,0,0.654,high
MG Road,1,22,1,0,0.742,high
Whitefield,1,22,1,0,0.617,medium
Koramangala,1,22,1,0,0.404,medium
Electronic City,1,22,1,0,0.698,high
Indiranagar,1,22,1,0,0.772,high
MG Road,1,23,1,0,0.851,high
Whitefield,1,23,1,0,0.438,medium
Koramangala,1,23,1,0,0.415,medium
Electronic City,1,23,1,0,0.697,high
Indiranagar,1,23,1,0,0.668,high
MG Road,2,0,1,0,0.437,medium
Whitefield,2,0,1,0,0.291,low
Koramangala,2,0,1,0,0.14,low
Electronic City,2,0,1,0,0.519,medium
Indiranagar,2,0,1,0,0.204,low
MG Road,2,1,1,0,0.473,medium
Whitefield,2,1,1,0,0.262,low
Koramangala,2,1,1,0,0.048,low
Electronic City,2,1,1,0,0.591,medium
Indiranagar,2,1,1,0,0.332,low
MG Road,2,2,1,0,0.399,medium
Whitefield,2,2,1,0,0.373,medium
Koramangala,2,2,1,0,0.27,low
Electronic City,2,2,1,0,0.533,medium
Indiranagar,2,2,1,0,0.178,low
MG Road,2,3,1,0,0.461,medium
Whitefield,2,3,1,0,0.401,medium
Koramangala,2,3,1,0,0.043,low
Electronic City,2,3,1,0,0.486,medium
Indiranagar,2,3,1,0,0.362,medium
MG Road,2,4,1,0,0.426,medium
Whitefield,2,4,1,0,0.295,low
Koramangala,2,4,1,0,0.0,low
Electronic City,2,4,1,0,0.368,medium
Indiranagar,2,4,1,0,0.28,low
MG Road,2,5,1,0,0.7,high
Whitefield,2,5,1,0,0.731,high
Koramangala,2,5,1,0,0.286,low
Electronic City,2,5,1,0,0.715,high
Indiranagar,2,5,1,0,0.61,medium
MG Road,2,6,1,0,0.915,high
Whitefield,2,6,1,0,0.485,medium
Koramangala,2,6,1,0,0.493,medium
Electronic City,2,6,1,0,0.751,high
Indiranagar,2,6,1,0,0.521,medium
MG Road,2,7,1,0,0.837,high
Whitefield,2,7,1,0,0.616,medium
Koramangala,2,7,1,0,0.352,medium
Electronic City,2,7,1,0,0.756,high
Indiranagar,2,7,1,0,0.569,medium
MG Road,2,8,1,1,1.0,high
Whitefield,2,8,1,1,0.903,high
Koramangala,2,8,1,1,0.777,high
Electronic City,2,8,1,1,0.901,high
Indiranagar,2,8,1,1,1.0,high
MG Road,2,9,1,1,0.894,high
Whitefield,2,9,1,1,0.838,high
Koramangala,2,9,1,1,0.697,high
Electronic City,2,9,1,1,1.0,high
Indiranagar,2,9,1,1,0.8,high
MG Road,2,10,1,1,1.0,high
Whitefield,2,10,1,1,0.811,high
Koramangala,2,10,1,1,0.603,medium
Electronic City,2,10,1,1,1.0,high
Indiranagar,2,10,1,1,0.879,high
MG Road,2,11,1,0,0.745,high
Whitefield,2,11,1,0,0.672,high
Koramangala,2,11,1,0,0.425,medium
Electronic City,2,11,1,0,0.815,high
Indiranagar,2,11,1,0,0.65,high
MG Road,2,12,1,0,0.734,high
Whitefield,2,12,1,0,0.555,medium
Koramangala,2,12,1,0,0.46,medium
Electronic City,2,12,1,0,0.799,high
Indiranagar,2,12,1,0,0.598,medium
MG Road,2,13,1,0,0.809,high
Whitefield,2,13,1,0,0.702,high
Koramangala,2,13,1,0,0.353,medium
Electronic City,2,13,1,0,0.794,high
Indiranagar,2,13,1,0,0.584,medium
MG Road,2,14,1,0,0.783,high
Whitefield,2,14,1,0,0.688,high
Koramangala,2,14,1,0,0.466,medium
Electronic City,2,14,1,0,0.815,high
Indiranagar,2,14,1,0,0.704,high
MG Road,2,15,1,0,0.802,high
Whitefield,2,15,1,0,0.655,high
Koramangala,2,15,1,0,0.375,medium
Electronic City,2,15,1,0,0.776,high
Indiranagar,2,15,1,0,0.59,medium
MG Road,2,16,1,0,0.808,high
Whitefield,2,16,1,0,0.648,medium
Koramangala,2,16,1,0,0.335,low
Electronic City,2,16,1,0,0.917,high
Indiranagar,2,16,1,0,0.52,medium
MG Road,2,17,1,1,0.953,high
Whitefield,2,17,1,1,0.943,high
Koramangala,2,17,1,1,0.713,high
Electronic City,2,17,1,1,1.0,high
Indiranagar,2,17,1,1,0.9,high
MG Road,2,18,1,1,1.0,high
Whitefield,2,18,1,1,0.778,high
Koramangala,2,18,1,1,0.656,high
Electronic City,2,18,1,1,0.946,high
Indiranagar,2,18,1,1,0.928,high
MG Road,2,19,1,1,1.0,high
Whitefield,2,19,1,1,0.784,high
Koramangala,2,19,1,1,0.624,medium
Electronic City,2,19,1,1,1.0,high
Indiranagar,2,19,1,1,0.805,high
MG Road,2,20,1,1,0.984,high
Whitefield,2,20,1,1,0.869,high
Koramangala,2,20,1,1,0.67,high
Electronic City,2,20,1,1,0.959,high
Indiranagar,2,20,1,1,0.812,high
MG Road,2,21,1,0,0.819,high
Whitefield,2,21,1,0,0.484,medium
Koramangala,2,21,1,0,0.287,low
Electronic City,2,21,1,0,0.693,high
Indiranagar,2,21,1,0,0.583,medium
MG Road,2,22,1,0,0.825,high
Whitefield,2,22,1,0,0.718,high
Koramangala,2,22,1,0,0.469,medium
Electronic City,2,22,1,0,0.737,high
Indiranagar,2,22,1,0,0.598,medium
MG Road,2,23,1,0,0.72,high
Whitefield,2,23,1,0,0.599,medium
Koramangala,2,23,1,0,0.377,medium
Electronic City,2,23,1,0,0.776,high
Indiranagar,2,23,1,0,0.534,medium
MG Road,3,0,1,0,0.542,medium
Whitefield,3,0,1,0,0.423,medium
Koramangala,3,0,1,0,0.091,low
Electronic City,3,0,1,0,0.482,medium
Indiranagar,3,0,1,0,0.355,medium
MG Road,3,1,1,0,0.468,medium
Whitefield,3,1,1,0,0.318,low
Koramangala,3,1,1,0,0.101,low
Electronic City,3,1,1,0,0.458,medium
Indiranagar,3,1,1,0,0.238,low
MG Road,3,2,1,0,0.502,medium
Whitefield,3,2,1,0,0.34,low
Koramangala,3,2,1,0,0.216,low
Electronic City,3,2,1,0,0.527,medium
Indiranagar,3,2,1,0,0.472,medium
MG Road,3,3,1,0,0.439,medium
Whitefield,3,3,1,0,0.37,medium
Koramangala,3,3,1,0,0.115,low
Electronic City,3,3,1,0,0.625,medium
Indiranagar,3,3,1,0,0.235,low
MG Road,3,4,1,0,0.433,medium
Whitefield,3,4,1,0,0.252,low
Koramangala,3,4,1,0,0.0,low
Electronic City,3,4,1,0,0.408,medium
Indiranagar,3,4,1,0,0.239,low
MG Road,3,5,1,0,0.812,high
Whitefield,3,5,1,0,0.627,medium
Koramangala,3,5,1,0,0.55,medium
Electronic City,3,5,1,0,0.826,high
Indiranagar,3,5,1,0,0.554,medium
MG Road,3,6,1,0,0.728,high
Whitefield,3,6,1,0,0.639,medium
Koramangala,3,6,1,0,0.294,low
Electronic City,3,6,1,0,0.897,high
Indiranagar,3,6,1,0,0.694,high
MG Road,3,7,1,0,0.762,high
Whitefield,3,7,1,0,0.463,medium
Koramangala,3,7,1,0,0.508,medium
Electronic City,3,7,1,0,0.741,high
Indiranagar,3,7,1,0,0.699,high
MG Road,3,8,1,1,0.922,high
Whitefield,3,8,1,1,0.802,high
Koramangala,3,8,1,1,0.65,high
Electronic City,3,8,1,1,1.0,high
Indiranagar,3,8,1,1,0.814,high
MG Road,3,9,1,1,1.0,high
Whitefield,3,9,1,1,0.765,high
Koramangala,3,9,1,1,0.639,medium
Electronic City,3,9,1,1,1.0,high
Indiranagar,3,9,1,1,0.891,high
MG Road,3,10,1,1,1.0,high
Whitefield,3,10,1,1,0.76,high
Koramangala,3,10,1,1,0.527,medium
Electronic City,3,10,1,1,1.0,high
Indiranagar,3,10,1,1,0.877,high
MG Road,3,11,1,0,0.74,high
Whitefield,3,11,1,0,0.724,high
Koramangala,3,11,1,0,0.409,medium
Electronic City,3,11,1,0,0.844,high
Indiranagar,3,11,1,0,0.605,medium
MG Road,3,12,1,0,0.965,high
Whitefield,3,12,1,0,0.74,high
Koramangala,3,12,1,0,0.38,medium
Electronic City,3,12,1,0,0.828,high
Indiranagar,3,12,1,0,0.652,high
MG Road,3,13,1,0,0.909,high
Whitefield,3,13,1,0,0.523,medium
Koramangala,3,13,1,0,0.455,medium
Electronic City,3,13,1,0,0.835,high
Indiranagar,3,13,1,0,0.459,medium
MG Road,3,14,1,0,0.705,high
Whitefield,3,14,1,0,0.437,medium
Koramangala,3,14,1,0,0.378,medium
Electronic City,3,14,1,0,0.807,high
Indiranagar,3,14,1,0,0.72,high
MG Road,3,15,1,0,0.806,high
Whitefield,3,15,1,0,0.73,high
Koramangala,3,15,1,0,0.29,low
Electronic City,3,15,1,0,0.614,medium
Indiranagar,3,15,1,0,0.596,medium
MG Road,3,16,1,0,0.831,high
Whitefield,3,16,1,0,0.597,medium
Koramangala,3,16,1,0,0.235,low
Electronic City,3,16,1,0,0.743,high
Indiranagar,3,16,1,0,0.496,medium
MG Road,3,17,1,1,1.0,high
Whitefield,3,17,1,1,0.879,high
Koramangala,3,17,1,1,0.575,medium
Electronic City,3,17,1,1,0.959,high
Indiranagar,3,17,1,1,0.765,high
MG Road,3,18,1,1,1.0,high
Whitefield,3,18,1,1,0.926,high
Koramangala,3,18,1,1,0.571,medium
Electronic City,3,18,1,1,1.0,high
Indiranagar,3,18,1,1,0.808,high
MG Road,3,19,1,1,0.987,high
Whitefield,3,19,1,1,0.841,high
Koramangala,3,19,1,1,0.567,medium
Electronic City,3,19,1,1,0.956,high
Indiranagar,3,19,1,1,0.754,high
MG Road,3,20,1,1,1.0,high
Whitefield,3,20,1,1,0.853,high
Koramangala,3,20,1,1,0.594,medium
Electronic City,3,20,1,1,1.0,high
Indiranagar,3,20,1,1,0.841,high
MG Road,3,21,1,0,0.782,high
Whitefield,3,21,1,0,0.649,medium
Koramangala,3,21,1,0,0.461,medium
Electronic City,3,21,1,0,0.708,high
Indiranagar,3,21,1,0,0.554,medium
MG Road,3,22,1,0,0.778,high
Whitefield,3,22,1,0,0.416,medium
Koramangala,3,22,1,0,0.279,low
Electronic City,3,22,1,0,0.859,high
Indiranagar,3,22,1,0,0.732,high
MG Road,3,23,1,0,0.78,high
Whitefield,3,23,1,0,0.646,medium
Koramangala,3,23,1,0,0.425,medium
Electronic City,3,23,1,0,0.996,high
Indiranagar,3,23,1,0,0.69,high
MG Road,4,0,1,0,0.49,medium
Whitefield,4,0,1,0,0.224,low
Koramangala,4,0,1,0,0.0,low
Electronic City,4,0,1,0,0.466,medium
Indiranagar,4,0,1,0,0.239,low
MG Road,4,1,1,0,0.386,medium
Whitefield,4,1,1,0,0.248,low
Koramangala,4,1,1,0,0.013,low
Electronic City,4,1,1,0,0.585,medium
Indiranagar,4,1,1,0,0.371,medium
MG Road,4,2,1,0,0.499,medium
Whitefield,4,2,1,0,0.418,medium
Koramangala,4,2,1,0,0.106,low
Electronic City,4,2,1,0,0.381,medium
Indiranagar,4,2,1,0,0.422,medium
MG Road,4,3,1,0,0.543,medium
Whitefield,4,3,1,0,0.217,low
Koramangala,4,3,1,0,0.085,low
Electronic City,4,3,1,0,0.38,medium
Indiranagar,4,3,1,0,0.189,low
MG Road,4,4,1,0,0.574,medium
Whitefield,4,4,1,0,0.453,medium
Koramangala,4,4,1,0,0.0,low
Electronic City,4,4,1,0,0.495,medium
Indiranagar,4,4,1,0,0.248,low
MG Road,4,5,1,0,0.761,high
Whitefield,4,5,1,0,0.553,medium
Koramangala,4,5,1,0,0.331,low
Electronic City,4,5,1,0,0.754,high
Indiranagar,4,5,1,0,0.534,medium
MG Road,4,6,1,0,0.822,high
Whitefield,4,6,1,0,0.596,medium
Koramangala,4,6,1,0,0.381,medium
Electronic City,4,6,1,0,0.677,high
Indiranagar,4,6,1,0,0.554,medium
MG Road,4,7,1,0,0.86,high
Whitefield,4,7,1,0,0.64,medium
Koramangala,4,7,1,0,0.322,low
Electronic City,4,7,1,0,0.758,high
Indiranagar,4,7,1,0,0.66,high
MG Road,4,8,1,1,0.916,high
Whitefield,4,8,1,1,0.893,high
Koramangala,4,8,1,1,0.597,medium
Electronic City,4,8,1,1,1.0,high
Indiranagar,4,8,1,1,0.789,high
MG Road,4,9,1,1,0.906,high
Whitefield,4,9,1,1,0.72,high
Koramangala,4,9,1,1,0.654,high
Electronic City,4,9,1,1,1.0,high
Indiranagar,4,9,1,1,0.778,high
MG Road,4,10,1,1,1.0,high
Whitefield,4,10,1,1,0.717,high
Koramangala,4,10,1,1,0.645,medium
Electronic City,4,10,1,1,0.903,high
Indiranagar,4,10,1,1,0.798,high
MG Road,4,11,1,0,0.804,high
Whitefield,4,11,1,0,0.531,medium
Koramangala,4,11,1,0,0.369,medium
Electronic City,4,11,1,0,0.831,high
Indiranagar,4,11,1,0,0.554,medium
MG Road,4,12,1,0,0.867,high
Whitefield,4,12,1,0,0.51,medium
Koramangala,4,12,1,0,0.442,medium
Electronic City,4,12,1,0,0.865,high
Indiranagar,4,12,1,0,0.402,medium
MG Road,4,13,1,0,0.736,high
Whitefield,4,13,1,0,0.646,medium
Koramangala,4,13,1,0,0.384,medium
Electronic City,4,13,1,0,0.78,high
Indiranagar,4,13,1,0,0.552,medium
MG Road,4,14,1,0,0.807,high
Whitefield,4,14,1,0,0.588,medium
Koramangala,4,14,1,0,0.493,medium
Electronic City,4,14,1,0,0.77,high
Indiranagar,4,14,1,0,0.627,medium
MG Road,4,15,1,0,0.767,high
Whitefield,4,15,1,0,0.561,medium
Koramangala,4,15,1,0,0.365,medium
Electronic City,4,15,1,0,0.782,high
Indiranagar,4,15,1,0,0.566,medium
MG Road,4,16,1,0,0.823,high
Whitefield,4,16,1,0,0.766,high
Koramangala,4,16,1,0,0.47,medium
Electronic City,4,16,1,0,0.724,high
Indiranagar,4,16,1,0,0.696,high
MG Road,4,17,1,1,1.0,high
Whitefield,4,17,1,1,0.687,high
Koramangala,4,17,1,1,0.569,medium
Electronic City,4,17,1,1,0.85,high
Indiranagar,4,17,1,1,0.822,high
MG Road,4,18,1,1,1.0,high
Whitefield,4,18,1,1,0.984,high
Koramangala,4,18,1,1,0.676,high
Electronic City,4,18,1,1,0.982,high
Indiranagar,4,18,1,1,0.916,high
MG Road,4,19,1,1,0.873,high
Whitefield,4,19,1,1,0.869,high
Koramangala,4,19,1,1,0.712,high
Electronic City,4,19,1,1,0.882,high
Indiranagar,4,19,1,1,0.942,high
MG Road,4,20,1,1,1.0,high
Whitefield,4,20,1,1,0.817,high
Koramangala,4,20,1,1,0.701,high
Electronic City,4,20,1,1,1.0,high
Indiranagar,4,20,1,1,0.865,high
MG Road,4,21,1,0,0.82,high
Whitefield,4,21,1,0,0.563,medium
Koramangala,4,21,1,0,0.332,low
Electronic City,4,21,1,0,0.816,high
Indiranagar,4,21,1,0,0.532,medium
MG Road,4,22,1,0,0.806,high
Whitefield,4,22,1,0,0.562,medium
Koramangala,4,22,1,0,0.438,medium
Electronic City,4,22,1,0,0.777,high
Indiranagar,4,22,1,0,0.683,high
MG Road,4,23,1,0,0.759,high
Whitefield,4,23,1,0,0.578,medium
Koramangala,4,23,1,0,0.322,low
Electronic City,4,23,1,0,0.714,high
Indiranagar,4,23,1,0,0.63,medium
MG Road,5,0,0,0,0.311,low
Whitefield,5,0,0,0,0.0,low
Koramangala,5,0,0,0,0.0,low
Electronic City,5,0,0,0,0.308,low
Indiranagar,5,0,0,0,0.083,low
MG Road,5,1,0,0,0.4,medium
Whitefield,5,1,0,0,0.0,low
Koramangala,5,1,0,0,0.0,low
Electronic City,5,1,0,0,0.058,low
Indiranagar,5,1,0,0,0.17,low
MG Road,5,2,0,0,0.302,low
Whitefield,5,2,0,0,0.046,low
Koramangala,5,2,0,0,0.0,low
Electronic City,5,2,0,0,0.11,low
Indiranagar,5,2,0,0,0.246,low
MG Road,5,3,0,0,0.26,low
Whitefield,5,3,0,0,0.059,low
Koramangala,5,3,0,0,0.0,low
Electronic City,5,3,0,0,0.238,low
Indiranagar,5,3,0,0,0.068,low
MG Road,5,4,0,0,0.187,low
Whitefield,5,4,0,0,0.088,low
Koramangala,5,4,0,0,0.001,low
Electronic City,5,4,0,0,0.308,low
Indiranagar,5,4,0,0,0.177,low
MG Road,5,5,0,0,0.509,medium
Whitefield,5,5,0,0,0.271,low
Koramangala,5,5,0,0,0.14,low
Electronic City,5,5,0,0,0.504,medium
Indiranagar,5,5,0,0,0.438,medium
MG Road,5,6,0,0,0.415,medium
Whitefield,5,6,0,0,0.472,medium
Koramangala,5,6,0,0,0.137,low
Electronic City,5,6,0,0,0.466,medium
Indiranagar,5,6,0,0,0.269,low
MG Road,5,7,0,0,0.418,medium
Whitefield,5,7,0,0,0.416,medium
Koramangala,5,7,0,0,0.156,low
Electronic City,5,7,0,0,0.397,medium
Indiranagar,5,7,0,0,0.246,low
MG Road,5,8,0,1,0.523,medium
Whitefield,5,8,0,1,0.484,medium
Koramangala,5,8,0,1,0.129,low
Electronic City,5,8,0,1,0.38,medium
Indiranagar,5,8,0,1,0.33,low
MG Road,5,9,0,1,0.528,medium
Whitefield,5,9,0,1,0.134,low
Koramangala,5,9,0,1,0.146,low
Electronic City,5,9,0,1,0.482,medium
Indiranagar,5,9,0,1,0.406,medium
MG Road,5,10,0,1,0.698,high
Whitefield,5,10,0,1,0.44,medium
Koramangala,5,10,0,1,0.128,low
Electronic City,5,10,0,1,0.411,medium
Indiranagar,5,10,0,1,0.556,medium
MG Road,5,11,0,0,0.555,medium
Whitefield,5,11,0,0,0.351,medium
Koramangala,5,11,0,0,0.148,low
Electronic City,5,11,0,0,0.516,medium
Indiranagar,5,11,0,0,0.338,low
MG Road,5,12,0,0,0.504,medium
Whitefield,5,12,0,0,0.306,low
Koramangala,5,12,0,0,0.147,low
Electronic City,5,12,0,0,0.457,medium
Indiranagar,5,12,0,0,0.293,low
MG Road,5,13,0,0,0.559,medium
Whitefield,5,13,0,0,0.33,low
Koramangala,5,13,0,0,0.27,low
Electronic City,5,13,0,0,0.288,low
Indiranagar,5,13,0,0,0.437,medium
MG Road,5,14,0,0,0.65,medium
Whitefield,5,14,0,0,0.184,low
Koramangala,5,14,0,0,0.123,low
Electronic City,5,14,0,0,0.47,medium
Indiranagar,5,14,0,0,0.237,low
MG Road,5,15,0,0,0.488,medium
Whitefield,5,15,0,0,0.261,low
Koramangala,5,15,0,0,0.29,low
Electronic City,5,15,0,0,0.575,medium
Indiranagar,5,15,0,0,0.452,medium
MG Road,5,16,0,0,0.608,medium
Whitefield,5,16,0,0,0.26,low
Koramangala,5,16,0,0,0.108,low
Electronic City,5,16,0,0,0.539,medium
Indiranagar,5,16,0,0,0.252,low
MG Road,5,17,0,1,0.607,medium
Whitefield,5,17,0,1,0.331,low
Koramangala,5,17,0,1,0.12,low
Electronic City,5,17,0,1,0.557,medium
Indiranagar,5,17,0,1,0.386,medium
MG Road,5,18,0,1,0.521,medium
Whitefield,5,18,0,1,0.443,medium
Koramangala,5,18,0,1,0.064,low
Electronic City,5,18,0,1,0.549,medium
Indiranagar,5,18,0,1,0.397,medium
MG Road,5,19,0,1,0.525,medium
Whitefield,5,19,0,1,0.376,medium
Koramangala,5,19,0,1,0.05,low
Electronic City,5,19,0,1,0.574,medium
Indiranagar,5,19,0,1,0.335,low
MG Road,5,20,0,1,0.508,medium
Whitefield,5,20,0,1,0.434,medium
Koramangala,5,20,0,1,0.094,low
Electronic City,5,20,0,1,0.387,medium
Indiranagar,5,20,0,1,0.225,low
MG Road,5,21,0,0,0.598,medium
Whitefield,5,21,0,0,0.248,low
Koramangala,5,21,0,0,0.29,low
Electronic City,5,21,0,0,0.333,low
Indiranagar,5,21,0,0,0.486,medium
MG Road,5,22,0,0,0.567,medium
Whitefield,5,22,0,0,0.342,low
Koramangala,5,22,0,0,0.106,low
Electronic City,5,22,0,0,0.532,medium
Indiranagar,5,22,0,0,0.347,low
MG Road,5,23,0,0,0.638,medium
Whitefield,5,23,0,0,0.359,medium
Koramangala,5,23,0,0,0.162,low
Electronic City,5,23,0,0,0.471,medium
Indiranagar,5,23,0,0,0.345,low
MG Road,6,0,0,0,0.275,low
Whitefield,6,0,0,0,0.0,low
Koramangala,6,0,0,0,0.0,low
Electronic City,6,0,0,0,0.259,low
Indiranagar,6,0,0,0,0.064,low
MG Road,6,1,0,0,0.235,low
Whitefield,6,1,0,0,0.051,low
Koramangala,6,1,0,0,0.0,low
Electronic City,6,1,0,0,0.157,low
Indiranagar,6,1,0,0,0.0,low
MG Road,6,2,0,0,0.266,low
Whitefield,6,2,0,0,0.0,low
Koramangala,6,2,0,0,0.0,low
Electronic City,6,2,0,0,0.064,low
Indiranagar,6,2,0,0,0.132,low
MG Road,6,3,0,0,0.288,low
Whitefield,6,3,0,0,0.07,low
Koramangala,6,3,0,0,0.0,low
Electronic City,6,3,0,0,0.333,low
Indiranagar,6,3,0,0,0.131,low
MG Road,6,4,0,0,0.103,low
Whitefield,6,4,0,0,0.0,low
Koramangala,6,4,0,0,0.0,low
Electronic City,6,4,0,0,0.202,low
Indiranagar,6,4,0,0,0.091,low
MG Road,6,5,0,0,0.492,medium
Whitefield,6,5,0,0,0.365,medium
Koramangala,6,5,0,0,0.09,low
Electronic City,6,5,0,0,0.451,medium
Indiranagar,6,5,0,0,0.237,low
MG Road,6,6,0,0,0.476,medium
Whitefield,6,6,0,0,0.242,low
Koramangala,6,6,0,0,0.072,low
Electronic City,6,6,0,0,0.584,medium
Indiranagar,6,6,0,0,0.274,low
MG Road,6,7,0,0,0.761,high
Whitefield,6,7,0,0,0.389,medium
Koramangala,6,7,0,0,0.165,low
Electronic City,6,7,0,0,0.431,medium
Indiranagar,6,7,0,0,0.406,medium
MG Road,6,8,0,1,0.504,medium
Whitefield,6,8,0,1,0.36,medium
Koramangala,6,8,0,1,0.355,medium
Electronic City,6,8,0,1,0.492,medium
Indiranagar,6,8,0,1,0.442,medium
MG Road,6,9,0,1,0.494,medium
Whitefield,6,9,0,1,0.347,low
Koramangala,6,9,0,1,0.292,low
Electronic City,6,9,0,1,0.45,medium
Indiranagar,6,9,0,1,0.495,medium
MG Road,6,10,0,1,0.607,medium
Whitefield,6,10,0,1,0.305,low
Koramangala,6,10,0,1,0.201,low
Electronic City,6,10,0,1,0.578,medium
Indiranagar,6,10,0,1,0.4,medium
MG Road,6,11,0,0,0.424,medium
Whitefield,6,11,0,0,0.292,low
Koramangala,6,11,0,0,0.13,low
Electronic City,6,11,0,0,0.494,medium
Indiranagar,6,11,0,0,0.4,medium
MG Road,6,12,0,0,0.564,medium
Whitefield,6,12,0,0,0.243,low
Koramangala,6,12,0,0,0.18,low
Electronic City,6,12,0,0,0.549,medium
Indiranagar,6,12,0,0,0.395,medium
MG Road,6,13,0,0,0.636,medium
Whitefield,6,13,0,0,0.417,medium
Koramangala,6,13,0,0,0.187,low
Electronic City,6,13,0,0,0.494,medium
Indiranagar,6,13,0,0,0.217,low
MG Road,6,14,0,0,0.584,medium
Whitefield,6,14,0,0,0.367,medium
Koramangala,6,14,0,0,0.172,low
Electronic City,6,14,0,0,0.398,medium
Indiranagar,6,14,0,0,0.264,low
MG Road,6,15,0,0,0.634,medium
Whitefield,6,15,0,0,0.347,low
Koramangala,6,15,0,0,0.205,low
Electronic City,6,15,0,0,0.502,medium
Indiranagar,6,15,0,0,0.352,medium
MG Road,6,16,0,0,0.625,medium
Whitefield,6,16,0,0,0.309,low
Koramangala,6,16,0,0,0.158,low
Electronic City,6,16,0,0,0.463,medium
Indiranagar,6,16,0,0,0.315,low
MG Road,6,17,0,1,0.525,medium
Whitefield,6,17,0,1,0.368,medium
Koramangala,6,17,0,1,0.112,low
Electronic City,6,17,0,1,0.6,medium
Indiranagar,6,17,0,1,0.278,low
MG Road,6,18,0,1,0.535,medium
Whitefield,6,18,0,1,0.315,low
Koramangala,6,18,0,1,0.266,low
Electronic City,6,18,0,1,0.516,medium
Indiranagar,6,18,0,1,0.433,medium
MG Road,6,19,0,1,0.431,medium
Whitefield,6,19,0,1,0.371,medium
Koramangala,6,19,0,1,0.221,low
Electronic City,6,19,0,1,0.507,medium
Indiranagar,6,19,0,1,0.435,medium
MG Road,6,20,0,1,0.509,medium
Whitefield,6,20,0,1,0.463,medium
Koramangala,6,20,0,1,0.334,low
Electronic City,6,20,0,1,0.471,medium
Indiranagar,6,20,0,1,0.314,low
MG Road,6,21,0,0,0.666,high
Whitefield,6,21,0,0,0.476,medium
Koramangala,6,21,0,0,0.108,low
Electronic City,6,21,0,0,0.466,medium
Indiranagar,6,21,0,0,0.327,low
MG Road,6,22,0,0,0.442,medium
Whitefield,6,22,0,0,0.277,low
Koramangala,6,22,0,0,0.07,low
Electronic City,6,22,0,0,0.439,medium
Indiranagar,6,22,0,0,0.347,low
MG Road,6,23,0,0,0.569,medium
Whitefield,6,23,0,0,0.474,medium
Koramangala,6,23,0,0,0.07,low
Electronic City,6,23,0,0,0.579,medium
Indiranagar,6,23,0,0,0.333,low
MG Road,0,0,1,0,0.496,medium
Whitefield,0,0,1,0,0.354,medium
Koramangala,0,0,1,0,0.01,low
Electronic City,0,0,1,0,0.481,medium
Indiranagar,0,0,1,0,0.313,low
MG Road,0,1,1,0,0.539,medium
Whitefield,0,1,1,0,0.323,low
Koramangala,0,1,1,0,0.296,low
Electronic City,0,1,1,0,0.399,medium
Indiranagar,0,1,1,0,0.258,low
MG Road,0,2,1,0,0.45,medium
Whitefield,0,2,1,0,0.256,low
Koramangala,0,2,1,0,0.049,low
Electronic City,0,2,1,0,0.545,medium
Indiranagar,0,2,1,0,0.414,medium
MG Road,0,3,1,0,0.454,medium
Whitefield,0,3,1,0,0.233,low
Koramangala,0,3,1,0,0.138,low
Electronic City,0,3,1,0,0.406,medium
Indiranagar,0,3,1,0,0.351,medium
MG Road,0,4,1,0,0.516,medium
Whitefield,0,4,1,0,0.179,low
Koramangala,0,4,1,0,0.224,low
Electronic City,0,4,1,0,0.594,medium
Indiranagar,0,4,1,0,0.251,low
MG Road,0,5,1,0,0.769,high
Whitefield,0,5,1,0,0.623,medium
Koramangala,0,5,1,0,0.427,medium
Electronic City,0,5,1,0,0.803,high
Indiranagar,0,5,1,0,0.761,high
MG Road,0,6,1,0,0.786,high
Whitefield,0,6,1,0,0.536,medium
Koramangala,0,6,1,0,0.29,low
Electronic City,0,6,1,0,0.692,high
Indiranagar,0,6,1,0,0.597,medium
MG Road,0,7,1,0,0.944,high
Whitefield,0,7,1,0,0.559,medium
Koramangala,0,7,1,0,0.418,medium
Electronic City,0,7,1,0,0.749,high
Indiranagar,0,7,1,0,0.695,high
MG Road,0,8,1,1,1.0,high
Whitefield,0,8,1,1,0.808,high
Koramangala,0,8,1,1,0.611,medium
Electronic City,0,8,1,1,1.0,high
Indiranagar,0,8,1,1,0.905,high
MG Road,0,9,1,1,1.0,high
Whitefield,0,9,1,1,0.897,high
Koramangala,0,9,1,1,0.621,medium
Electronic City,0,9,1,1,1.0,high
Indiranagar,0,9,1,1,0.939,high
MG Road,0,10,1,1,1.0,high
Whitefield,0,10,1,1,0.891,high
Koramangala,0,10,1,1,0.735,high
Electronic City,0,10,1,1,1.0,high
Indiranagar,0,10,1,1,0.961,high
MG Road,0,11,1,0,0.852,high
Whitefield,0,11,1,0,0.587,medium
Koramangala,0,11,1,0,0.412,medium
Electronic City,0,11,1,0,0.847,high
Indiranagar,0,11,1,0,0.535,medium
MG Road,0,12,1,0,0.829,high
Whitefield,0,12,1,0,0.569,medium
Koramangala,0,12,1,0,0.402,medium
Electronic City,0,12,1,0,0.852,high
Indiranagar,0,12,1,0,0.615,medium
MG Road,0,13,1,0,0.804,high
Whitefield,0,13,1,0,0.491,medium
Koramangala,0,13,1,0,0.46,medium
Electronic City,0,13,1,0,0.802,high
Indiranagar,0,13,1,0,0.773,high
MG Road,0,14,1,0,0.775,high
Whitefield,0,14,1,0,0.618,medium
Koramangala,0,14,1,0,0.42,medium
Electronic City,0,14,1,0,0.876,high
Indiranagar,0,14,1,0,0.592,medium
MG Road,0,15,1,0,0.822,high
Whitefield,0,15,1,0,0.649,medium
Koramangala,0,15,1,0,0.415,medium
Electronic City,0,15,1,0,0.714,high
Indiranagar,0,15,1,0,0.616,medium
MG Road,0,16,1,0,0.886,high
Whitefield,0,16,1,0,0.518,medium
Koramangala,0,16,1,0,0.411,medium
Electronic City,0,16,1,0,0.694,high
Indiranagar,0,16,1,0,0.696,high
MG Road,0,17,1,1,0.928,high
Whitefield,0,17,1,1,0.805,high
Koramangala,0,17,1,1,0.68,high
Electronic City,0,17,1,1,1.0,high
Indiranagar,0,17,1,1,0.845,high
MG Road,0,18,1,1,1.0,high
Whitefield,0,18,1,1,1.0,high
Koramangala,0,18,1,1,0.534,medium
Electronic City,0,18,1,1,0.824,high
Indiranagar,0,18,1,1,0.885,high
MG Road,0,19,1,1,1.0,high
Whitefield,0,19,1,1,0.768,high
Koramangala,0,19,1,1,0.707,high
Electronic City,0,19,1,1,1.0,high
Indiranagar,0,19,1,1,0.805,high
MG Road,0,20,1,1,0.948,high
Whitefield,0,20,1,1,0.92,high
Koramangala,0,20,1,1,0.702,high
Electronic City,0,20,1,1,0.992,high
Indiranagar,0,20,1,1,0.998,high
MG Road,0,21,1,0,0.714,high
Whitefield,0,21,1,0,0.478,medium
Koramangala,0,21,1,0,0.345,low
Electronic City,0,21,1,0,0.746,high
Indiranagar,0,21,1,0,0.619,medium
MG Road,0,22,1,0,0.781,high
Whitefield,0,22,1,0,0.628,medium
Koramangala,0,22,1,0,0.3,low
Electronic City,0,22,1,0,0.866,high
Indiranagar,0,22,1,0,0.593,medium
MG Road,0,23,1,0,0.889,high
Whitefield,0,23,1,0,0.627,medium
Koramangala,0,23,1,0,0.437,medium
Electronic City,0,23,1,0,0.796,high
Indiranagar,0,23,1,0,0.636,medium
MG Road,1,0,1,0,0.551,medium
Whitefield,1,0,1,0,0.406,medium
Koramangala,1,0,1,0,0.116,low
Electronic City,1,0,1,0,0.507,medium
Indiranagar,1,0,1,0,0.293,low
MG Road,1,1,1,0,0.615,medium
Whitefield,1,1,1,0,0.246,low
Koramangala,1,1,1,0,0.244,low
Electronic City,1,1,1,0,0.447,medium
Indiranagar,1,1,1,0,0.186,low
MG Road,1,2,1,0,0.51,medium
Whitefield,1,2,1,0,0.246,low
Koramangala,1,2,1,0,0.167,low
Electronic City,1,2,1,0,0.398,medium
Indiranagar,1,2,1,0,0.264,low
MG Road,1,3,1,0,0.349,low
Whitefield,1,3,1,0,0.264,low
Koramangala,1,3,1,0,0.0,low
Electronic City,1,3,1,0,0.323,low
Indiranagar,1,3,1,0,0.361,medium
MG Road,1,4,1,0,0.563,medium
Whitefield,1,4,1,0,0.334,low
Koramangala,1,4,1,0,0.023,low
Electronic City,1,4,1,0,0.446,medium
Indiranagar,1,4,1,0,0.3,low
MG Road,1,5,1,0,0.707,high
Whitefield,1,5,1,0,0.72,high
Koramangala,1,5,1,0,0.47,medium
Electronic City,1,5,1,0,0.732,high
Indiranagar,1,5,1,0,0.602,medium
MG Road,1,6,1,0,0.817,high
Whitefield,1,6,1,0,0.437,medium
Koramangala,1,6,1,0,0.38,medium
Electronic City,1,6,1,0,0.695,high
Indiranagar,1,6,1,0,0.52,medium
MG Road,1,7,1,0,0.778,high
Whitefield,1,7,1,0,0.744,high
Koramangala,1,7,1,0,0.451,medium
Electronic City,1,7,1,0,0.704,high
Indiranagar,1,7,1,0,0.646,medium
MG Road,1,8,1,1,1.0,high
Whitefield,1,8,1,1,0.924,high
Koramangala,1,8,1,1,0.655,high
Electronic City,1,8,1,1,0.948,high
Indiranagar,1,8,1,1,0.906,high
MG Road,1,9,1,1,1.0,high
Whitefield,1,9,1,1,0.922,high
Koramangala,1,9,1,1,0.701,high
Electronic City,1,9,1,1,1.0,high
Indiranagar,1,9,1,1,0.807,high
MG Road,1,10,1,1,1.0,high
Whitefield,1,10,1,1,0.866,high
Koramangala,1,10,1,1,0.816,high
Electronic City,1,10,1,1,0.945,high
Indiranagar,1,10,1,1,0.989,high
MG Road,1,11,1,0,0.816,high
Whitefield,1,11,1,0,0.548,medium
Koramangala,1,11,1,0,0.361,medium
Electronic City,1,11,1,0,0.724,high
Indiranagar,1,11,1,0,0.634,medium
MG Road,1,12,1,0,0.842,high
Whitefield,1,12,1,0,0.554,medium
Koramangala,1,12,1,0,0.398,medium
Electronic City,1,12,1,0,0.921,high
Indiranagar,1,12,1,0,0.738,high
MG Road,1,13,1,0,0.835,high
Whitefield,1,13,1,0,0.603,medium
Koramangala,1,13,1,0,0.41,medium
Electronic City,1,13,1,0,0.799,high
Indiranagar,1,13,1,0,0.518,medium
MG Road,1,14,1,0,0.779,high
Whitefield,1,14,1,0,0.467,medium
Koramangala,1,14,1,0,0.432,medium
Electronic City,1,14,1,0,0.802,high
Indiranagar,1,14,1,0,0.561,medium
MG Road,1,15,1,0,0.926,high
Whitefield,1,15,1,0,0.502,medium
Koramangala,1,15,1,0,0.283,low
Electronic City,1,15,1,0,0.768,high
Indiranagar,1,15,1,0,0.684,high
MG Road,1,16,1,0,0.935,high
Whitefield,1,16,1,0,0.563,medium
Koramangala,1,16,1,0,0.486,medium
Electronic City,1,16,1,0,0.747,high
Indiranagar,1,16,1,0,0.586,medium
MG Road,1,17,1,1,1.0,high
Whitefield,1,17,1,1,0.902,high
Koramangala,1,17,1,1,0.524,medium
Electronic City,1,17,1,1,1.0,high
Indiranagar,1,17,1,1,0.96,high
MG Road,1,18,1,1,1.0,high
Whitefield,1,18,1,1,0.882,high
Koramangala,1,18,1,1,0.69,high
Electronic City,1,18,1,1,1.0,high
Indiranagar,1,18,1,1,0.806,high
MG Road,1,19,1,1,0.996,high
Whitefield,1,19,1,1,0.848,high
Koramangala,1,19,1,1,0.744,high
Electronic City,1,19,1,1,1.0,high
Indiranagar,1,19,1,1,0.82,high
MG Road,1,20,1,1,1.0,high
Whitefield,1,20,1,1,0.622,medium
Koramangala,1,20,1,1,0.742,high
Electronic City,1,20,1,1,0.861,high
Indiranagar,1,20,1,1,0.821,high
MG Road,1,21,1,0,0.71,high
Whitefield,1,21,1,0,0.496,medium
Koramangala,1,21,1,0,0.493,medium
Electronic City,1,21,1,0,0.713,high
Indiranagar,1,21,1,0,0.628,medium
MG Road,1,22,1,0,0.796,high
Whitefield,1,22,1,0,0.638,medium
Koramangala,1,22,1,0,0.406,medium
Electronic City,1,22,1,0,0.647,medium
Indiranagar,1,22,1,0,0.68,high
MG Road,1,23,1,0,0.76,high
Whitefield,1,23,1,0,0.475,medium
Koramangala,1,23,1,0,0.366,medium
Electronic City,1,23,1,0,0.87,high
Indiranagar,1,23,1,0,0.668,high
MG Road,2,0,1,0,0.472,medium
Whitefield,2,0,1,0,0.272,low
Koramangala,2,0,1,0,0.074,low
Electronic City,2,0,1,0,0.616,medium
Indiranagar,2,0,1,0,0.331,low
MG Road,2,1,1,0,0.534,medium
Whitefield,2,1,1,0,0.382,medium
Koramangala,2,1,1,0,0.119,low
Electronic City,2,1,1,0,0.429,medium
Indiranagar,2,1,1,0,0.284,low
MG Road,2,2,1,0,0.494,medium
Whitefield,2,2,1,0,0.297,low
Koramangala,2,2,1,0,0.158,low
Electronic City,2,2,1,0,0.454,medium
Indiranagar,2,2,1,0,0.359,medium
MG Road,2,3,1,0,0.494,medium
Whitefield,2,3,1,0,0.306,low
Koramangala,2,3,1,0,0.0,low
Electronic City,2,3,1,0,0.523,medium
Indiranagar,2,3,1,0,0.328,low
MG Road,2,4,1,0,0.58,medium
Whitefield,2,4,1,0,0.068,low
Koramangala,2,4,1,0,0.267,low
Electronic City,2,4,1,0,0.439,medium
Indiranagar,2,4,1,0,0.389,medium
MG Road,2,5,1,0,0.717,high
Whitefield,2,5,1,0,0.649,medium
Koramangala,2,5,1,0,0.316,low
Electronic City,2,5,1,0,0.7,high
Indiranagar,2,5,1,0,0.753,high
MG Road,2,6,1,0,0.785,high
Whitefield,2,6,1,0,0.617,medium
Koramangala,2,6,1,0,0.47,medium
Electronic City,2,6,1,0,0.79,high
Indiranagar,2,6,1,0,0.612,medium
MG Road,2,7,1,0,0.829,high
Whitefield,2,7,1,0,0.792,high
Koramangala,2,7,1,0,0.395,medium
Electronic City,2,7,1,0,0.766,high
Indiranagar,2,7,1,0,0.684,high
MG Road,2,8,1,1,1.0,high
Whitefield,2,8,1,1,0.945,high
Koramangala,2,8,1,1,0.701,high
Electronic City,2,8,1,1,0.909,high
Indiranagar,2,8,1,1,0.981,high
MG Road,2,9,1,1,0.958,high
Whitefield,2,9,1,1,0.874,high
Koramangala,2,9,1,1,0.59,medium
Electronic City,2,9,1,1,0.995,high
Indiranagar,2,9,1,1,0.876,high
MG Road,2,10,1,1,1.0,high
Whitefield,2,10,1,1,0.884,high
Koramangala,2,10,1,1,0.779,high
Electronic City,2,10,1,1,1.0,high
Indiranagar,2,10,1,1,0.83,high
MG Road,2,11,1,0,0.877,high
Whitefield,2,11,1,0,0.695,high
Koramangala,2,11,1,0,0.302,low
Electronic City,2,11,1,0,0.798,high
Indiranagar,2,11,1,0,0.656,high
MG Road,2,12,1,0,0.776,high
Whitefield,2,12,1,0,0.71,high
Koramangala,2,12,1,0,0.388,medium
Electronic City,2,12,1,0,0.76,high
Indiranagar,2,12,1,0,0.586,medium
MG Road,2,13,1,0,0.801,high
Whitefield,2,13,1,0,0.512,medium
Koramangala,2,13,1,0,0.285,low
Electronic City,2,13,1,0,0.878,high
Indiranagar,2,13,1,0,0.532,medium
MG Road,2,14,1,0,0.721,high
Whitefield,2,14,1,0,0.428,medium
Koramangala,2,14,1,0,0.349,low
Electronic City,2,14,1,0,0.644,medium
Indiranagar,2,14,1,0,0.731,high
MG Road,2,15,1,0,0.881,high
Whitefield,2,15,1,0,0.545,medium
Koramangala,2,15,1,0,0.58,medium
Electronic City,2,15,1,0,0.829,high
Indiranagar,2,15,1,0,0.574,medium
MG Road,2,16,1,0,0.6,medium
Whitefield,2,16,1,0,0.783,high
Koramangala,2,16,1,0,0.289,low
Electronic City,2,16,1,0,0.618,medium
Indiranagar,2,16,1,0,0.682,high
MG Road,2,17,1,1,1.0,high
Whitefield,2,17,1,1,0.961,high
Koramangala,2,17,1,1,0.695,high
Electronic City,2,17,1,1,1.0,high
Indiranagar,2,17,1,1,0.918,high
MG Road,2,18,1,1,1.0,high
Whitefield,2,18,1,1,0.872,high
Koramangala,2,18,1,1,0.658,high
Electronic City,2,18,1,1,0.995,high
Indiranagar,2,18,1,1,0.79,high
MG Road,2,19,1,1,1.0,high
Whitefield,2,19,1,1,0.715,high
Koramangala,2,19,1,1,0.642,medium
Electronic City,2,19,1,1,0.921,high
Indiranagar,2,19,1,1,0.762,high
MG Road,2,20,1,1,1.0,high
Whitefield,2,20,1,1,0.961,high
Koramangala,2,20,1,1,0.723,high
Electronic City,2,20,1,1,0.874,high
Indiranagar,2,20,1,1,0.771,high
MG Road,2,21,1,0,0.875,high
Whitefield,2,21,1,0,0.521,medium
Koramangala,2,21,1,0,0.382,medium
Electronic City,2,21,1,0,0.794,high
Indiranagar,2,21,1,0,0.523,medium
MG Road,2,22,1,0,0.808,high
Whitefield,2,22,1,0,0.493,medium
Koramangala,2,22,1,0,0.352,medium
Electronic City,2,22,1,0,0.776,high
Indiranagar,2,22,1,0,0.473,medium
MG Road,2,23,1,0,0.835,high
Whitefield,2,23,1,0,0.598,medium
Koramangala,2,23,1,0,0.444,medium
Electronic City,2,23,1,0,0.768,high
Indiranagar,2,23,1,0,0.709,high
MG Road,3,0,1,0,0.51,medium
Whitefield,3,0,1,0,0.266,low
Koramangala,3,0,1,0,0.11,low
Electronic City,3,0,1,0,0.493,medium
Indiranagar,3,0,1,0,0.304,low
MG Road,3,1,1,0,0.503,medium
Whitefield,3,1,1,0,0.244,low
Koramangala,3,1,1,0,0.047,low
Electronic City,3,1,1,0,0.338,low
Indiranagar,3,1,1,0,0.44,medium
MG Road,3,2,1,0,0.4,medium
Whitefield,3,2,1,0,0.245,low
Koramangala,3,2,1,0,0.043,low
Electronic City,3,2,1,0,0.522,medium
Indiranagar,3,2,1,0,0.276,low
MG Road,3,3,1,0,0.6,medium
Whitefield,3,3,1,0,0.246,low
Koramangala,3,3,1,0,0.122,low
Electronic City,3,3,1,0,0.383,medium
Indiranagar,3,3,1,0,0.472,medium
MG Road,3,4,1,0,0.405,medium
Whitefield,3,4,1,0,0.325,low
Koramangala,3,4,1,0,0.151,low
Electronic City,3,4,1,0,0.483,medium
Indiranagar,3,4,1,0,0.285,low
MG Road,3,5,1,0,0.79,high
Whitefield,3,5,1,0,0.604,medium
Koramangala,3,5,1,0,0.388,medium
Electronic City,3,5,1,0,0.827,high
Indiranagar,3,5,1,0,0.777,high
MG Road,3,6,1,0,0.755,high
Whitefield,3,6,1,0,0.49,medium
Koramangala,3,6,1,0,0.393,medium
Electronic City,3,6,1,0,0.956,high
Indiranagar,3,6,1,0,0.536,medium
MG Road,3,7,1,0,0.931,high
Whitefield,3,7,1,0,0.734,high
Koramangala,3,7,1,0,0.356,medium
Electronic City,3,7,1,0,0.796,high
Indiranagar,3,7,1,0,0.73,high
MG Road,3,8,1,1,1.0,high
Whitefield,3,8,1,1,0.834,high
Koramangala,3,8,1,1,0.603,medium
Electronic City,3,8,1,1,0.919,high
Indiranagar,3,8,1,1,0.798,high
MG Road,3,9,1,1,0.952,high
Whitefield,3,9,1,1,0.853,high
Koramangala,3,9,1,1,0.588,medium
Electronic City,3,9,1,1,1.0,high
Indiranagar,3,9,1,1,0.726,high
MG Road,3,10,1,1,1.0,high
Whitefield,3,10,1,1,0.917,high
Koramangala,3,10,1,1,0.491,medium
Electronic City,3,10,1,1,1.0,high
Indiranagar,3,10,1,1,0.948,high
MG Road,3,11,1,0,0.703,high
Whitefield,3,11,1,0,0.734,high
Koramangala,3,11,1,0,0.434,medium
Electronic City,3,11,1,0,0.694,high
Indiranagar,3,11,1,0,0.596,medium
MG Road,3,12,1,0,0.845,high
Whitefield,3,12,1,0,0.606,medium
Koramangala,3,12,1,0,0.443,medium
Electronic City,3,12,1,0,0.676,high
Indiranagar,3,12,1,0,0.614,medium
MG Road,3,13,1,0,0.687,high
Whitefield,3,13,1,0,0.591,medium
Koramangala,3,13,1,0,0.328,low
Electronic City,3,13,1,0,0.691,high
Indiranagar,3,13,1,0,0.699,high
MG Road,3,14,1,0,0.887,high
Whitefield,3,14,1,0,0.649,medium
Koramangala,3,14,1,0,0.313,low
Electronic City,3,14,1,0,0.725,high
Indiranagar,3,14,1,0,0.697,high
MG Road,3,15,1,0,0.811,high
Whitefield,3,15,1,0,0.786,high
Koramangala,3,15,1,0,0.431,medium
Electronic City,3,15,1,0,0.765,high
Indiranagar,3,15,1,0,0.575,medium
MG Road,3,16,1,0,0.811,high
Whitefield,3,16,1,0,0.588,medium
Koramangala,3,16,1,0,0.457,medium
Electronic City,3,16,1,0,0.827,high
Indiranagar,3,16,1,0,0.537,medium
MG Road,3,17,1,1,0.944,high
Whitefield,3,17,1,1,0.703,high
Koramangala,3,17,1,1,0.691,high
Electronic City,3,17,1,1,0.912,high
Indiranagar,3,17,1,1,0.678,high
MG Road,3,18,1,1,1.0,high
Whitefield,3,18,1,1,1.0,high
Koramangala,3,18,1,1,0.65,medium
Electronic City,3,18,1,1,1.0,high
Indiranagar,3,18,1,1,0.857,high
MG Road,3,19,1,1,1.0,high
Whitefield,3,19,1,1,0.924,high
Koramangala,3,19,1,1,0.627,medium
Electronic City,3,19,1,1,1.0,high
Indiranagar,3,19,1,1,0.876,high
MG Road,3,20,1,1,0.997,high
Whitefield,3,20,1,1,0.929,high
Koramangala,3,20,1,1,0.636,medium
Electronic City,3,20,1,1,0.94,high
Indiranagar,3,20,1,1,0.893,high
MG Road,3,21,1,0,0.728,high
Whitefield,3,21,1,0,0.602,medium
Koramangala,3,21,1,0,0.399,medium
Electronic City,3,21,1,0,0.837,high
Indiranagar,3,21,1,0,0.638,medium
MG Road,3,22,1,0,0.798,high
Whitefield,3,22,1,0,0.665,high
Koramangala,3,22,1,0,0.511,medium
Electronic City,3,22,1,0,0.795,high
Indiranagar,3,22,1,0,0.601,medium
MG Road,3,23,1,0,0.695,high
Whitefield,3,23,1,0,0.515,medium
Koramangala,3,23,1,0,0.376,medium
Electronic City,3,23,1,0,0.701,high
Indiranagar,3,23,1,0,0.585,medium
MG Road,4,0,1,0,0.505,medium
Whitefield,4,0,1,0,0.342,low
Koramangala,4,0,1,0,0.094,low
Electronic City,4,0,1,0,0.489,medium
Indiranagar,4,0,1,0,0.305,low
MG Road,4,1,1,0,0.342,low
Whitefield,4,1,1,0,0.225,low
Koramangala,4,1,1,0,0.088,low
Electronic City,4,1,1,0,0.353,medium
Indiranagar,4,1,1,0,0.348,low
MG Road,4,2,1,0,0.622,medium
Whitefield,4,2,1,0,0.398,medium
Koramangala,4,2,1,0,0.083,low
Electronic City,4,2,1,0,0.569,medium
Indiranagar,4,2,1,0,0.312,low
MG Road,4,3,1,0,0.473,medium
Whitefield,4,3,1,0,0.251,low
Koramangala,4,3,1,0,0.076,low
Electronic City,4,3,1,0,0.419,medium
Indiranagar,4,3,1,0,0.314,low
MG Road,4,4,1,0,0.513,medium
Whitefield,4,4,1,0,0.3,low
Koramangala,4,4,1,0,0.135,low
Electronic City,4,4,1,0,0.545,medium
Indiranagar,4,4,1,0,0.376,medium
MG Road,4,5,1,0,0.681,high
Whitefield,4,5,1,0,0.396,medium
Koramangala,4,5,1,0,0.475,medium
Electronic City,4,5,1,0,0.641,medium
Indiranagar,4,5,1,0,0.582,medium
MG Road,4,6,1,0,0.706,high
Whitefield,4,6,1,0,0.456,medium
Koramangala,4,6,1,0,0.443,medium
Electronic City,4,6,1,0,0.811,high
Indiranagar,4,6,1,0,0.554,medium
MG Road,4,7,1,0,0.593,medium
Whitefield,4,7,1,0,0.556,medium
Koramangala,4,7,1,0,0.431,medium
Electronic City,4,7,1,0,0.632,medium
Indiranagar,4,7,1,0,0.615,medium
MG Road,4,8,1,1,1.0,high
Whitefield,4,8,1,1,0.896,high
Koramangala,4,8,1,1,0.66,high
Electronic City,4,8,1,1,0.922,high
Indiranagar,4,8,1,1,0.946,high
MG Road,4,9,1,1,1.0,high
Whitefield,4,9,1,1,0.848,high
Koramangala,4,9,1,1,0.575,medium
Electronic City,4,9,1,1,0.965,high
Indiranagar,4,9,1,1,0.779,high
MG Road,4,10,1,1,1.0,high
Whitefield,4,10,1,1,0.987,high
Koramangala,4,10,1,1,0.54,medium
Electronic City,4,10,1,1,0.871,high
Indiranagar,4,10,1,1,0.968,high
MG Road,4,11,1,0,0.783,high
Whitefield,4,11,1,0,0.546,medium
Koramangala,4,11,1,0,0.483,medium
Electronic City,4,11,1,0,0.702,high
Indiranagar,4,11,1,0,0.746,high
MG Road,4,12,1,0,0.854,high
Whitefield,4,12,1,0,0.561,medium
Koramangala,4,12,1,0,0.573,medium
Electronic City,4,12,1,0,0.702,high
Indiranagar,4,12,1,0,0.659,high
MG Road,4,13,1,0,0.824,high
Whitefield,4,13,1,0,0.704,high
Koramangala,4,13,1,0,0.525,medium
Electronic City,4,13,1,0,0.753,high
Indiranagar,4,13,1,0,0.54,medium
MG Road,4,14,1,0,0.837,high
Whitefield,4,14,1,0,0.546,medium
Koramangala,4,14,1,0,0.561,medium
Electronic City,4,14,1,0,0.761,high
Indiranagar,4,14,1,0,0.571,medium
MG Road,4,15,1,0,0.815,high
Whitefield,4,15,1,0,0.492,medium
Koramangala,4,15,1,0,0.322,low
Electronic City,4,15,1,0,0.846,high
Indiranagar,4,15,1,0,0.547,medium
MG Road,4,16,1,0,0.716,high
Whitefield,4,16,1,0,0.643,medium
Koramangala,4,16,1,0,0.495,medium
Electronic City,4,16,1,0,0.808,high
Indiranagar,4,16,1,0,0.68,high
MG Road,4,17,1,1,0.989,high
Whitefield,4,17,1,1,0.736,high
Koramangala,4,17,1,1,0.77,high
Electronic City,4,17,1,1,0.974,high
Indiranagar,4,17,1,1,0.83,high
MG Road,4,18,1,1,1.0,high
Whitefield,4,18,1,1,0.894,high
Koramangala,4,18,1,1,0.686,high
Electronic City,4,18,1,1,1.0,high
Indiranagar,4,18,1,1,0.799,high
MG Road,4,19,1,1,1.0,high
Whitefield,4,19,1,1,0.855,high
Koramangala,4,19,1,1,0.671,high
Electronic City,4,19,1,1,1.0,high
Indiranagar,4,19,1,1,0.891,high
MG Road,4,20,1,1,1.0,high
Whitefield,4,20,1,1,0.936,high
Koramangala,4,20,1,1,0.621,medium
Electronic City,4,20,1,1,0.933,high
Indiranagar,4,20,1,1,0.766,high
MG Road,4,21,1,0,0.643,medium
Whitefield,4,21,1,0,0.764,high
Koramangala,4,21,1,0,0.312,low
Electronic City,4,21,1,0,0.732,high
Indiranagar,4,21,1,0,0.578,medium
MG Road,4,22,1,0,0.825,high
Whitefield,4,22,1,0,0.665,high
Koramangala,4,22,1,0,0.469,medium
Electronic City,4,22,1,0,0.703,high
Indiranagar,4,22,1,0,0.587,medium
MG Road,4,23,1,0,0.823,high
Whitefield,4,23,1,0,0.58,medium
Koramangala,4,23,1,0,0.529,medium
Electronic City,4,23,1,0,0.789,high
Indiranagar,4,23,1,0,0.659,high
MG Road,5,0,0,0,0.303,low
Whitefield,5,0,0,0,0.144,low
Koramangala,5,0,0,0,0.0,low
Electronic City,5,0,0,0,0.096,low
Indiranagar,5,0,0,0,0.082,low
MG Road,5,1,0,0,0.198,low
Whitefield,5,1,0,0,0.008,low
Koramangala,5,1,0,0,0.0,low
Electronic City,5,1,0,0,0.299,low
Indiranagar,5,1,0,0,0.052,low
MG Road,5,2,0,0,0.275,low
Whitefield,5,2,0,0,0.186,low
Koramangala,5,2,0,0,0.0,low
Electronic City,5,2,0,0,0.408,medium
Indiranagar,5,2,0,0,0.095,low
MG Road,5,3,0,0,0.109,low
Whitefield,5,3,0,0,0.11,low
Koramangala,5,3,0,0,0.0,low
Electronic City,5,3,0,0,0.303,low
Indiranagar,5,3,0,0,0.104,low
MG Road,5,4,0,0,0.239,low
Whitefield,5,4,0,0,0.0,low
Koramangala,5,4,0,0,0.0,low
Electronic City,5,4,0,0,0.132,low
Indiranagar,5,4,0,0,0.004,low
MG Road,5,5,0,0,0.597,medium
Whitefield,5,5,0,0,0.484,medium
Koramangala,5,5,0,0,0.182,low
Electronic City,5,5,0,0,0.404,medium
Indiranagar,5,5,0,0,0.386,medium
MG Road,5,6,0,0,0.646,medium
Whitefield,5,6,0,0,0.301,low
Koramangala,5,6,0,0,0.139,low
Electronic City,5,6,0,0,0.501,medium
Indiranagar,5,6,0,0,0.287,low
MG Road,5,7,0,0,0.602,medium
Whitefield,5,7,0,0,0.34,low
Koramangala,5,7,0,0,0.184,low
Electronic City,5,7,0,0,0.429,medium
Indiranagar,5,7,0,0,0.315,low
MG Road,5,8,0,1,0.608,medium
Whitefield,5,8,0,1,0.32,low
Koramangala,5,8,0,1,0.288,low
Electronic City,5,8,0,1,0.468,medium
Indiranagar,5,8,0,1,0.368,medium
MG Road,5,9,0,1,0.625,medium
Whitefield,5,9,0,1,0.237,low
Koramangala,5,9,0,1,0.009,low
Electronic City,5,9,0,1,0.378,medium
Indiranagar,5,9,0,1,0.451,medium
MG Road,5,10,0,1,0.506,medium
Whitefield,5,10,0,1,0.555,medium
Koramangala,5,10,0,1,0.105,low
Electronic City,5,10,0,1,0.515,medium
Indiranagar,5,10,0,1,0.473,medium
MG Road,5,11,0,0,0.71,high
Whitefield,5,11,0,0,0.515,medium
Koramangala,5,11,0,0,0.247,low
Electronic City,5,11,0,0,0.582,medium
Indiranagar,5,11,0,0,0.397,medium
MG Road,5,12,0,0,0.612,medium
Whitefield,5,12,0,0,0.306,low
Koramangala,5,12,0,0,0.085,low
Electronic City,5,12,0,0,0.5,medium
Indiranagar,5,12,0,0,0.336,low
MG Road,5,13,0,0,0.514,medium
Whitefield,5,13,0,0,0.406,medium
Koramangala,5,13,0,0,0.226,low
Electronic City,5,13,0,0,0.507,medium
Indiranagar,5,13,0,0,0.468,medium
MG Road,5,14,0,0,0.459,medium
Whitefield,5,14,0,0,0.335,low
Koramangala,5,14,0,0,0.093,low
Electronic City,5,14,0,0,0.351,medium
Indiranagar,5,14,0,0,0.343,low
MG Road,5,15,0,0,0.54,medium
Whitefield,5,15,0,0,0.471,medium
Koramangala,5,15,0,0,0.2,low
Electronic City,5,15,0,0,0.418,medium
Indiranagar,5,15,0,0,0.498,medium
MG Road,5,16,0,0,0.648,medium
Whitefield,5,16,0,0,0.397,medium
Koramangala,5,16,0,0,0.132,low
Electronic City,5,16,0,0,0.423,medium
Indiranagar,5,16,0,0,0.32,low
MG Road,5,17,0,1,0.637,medium
Whitefield,5,17,0,1,0.501,medium
Koramangala,5,17,0,1,0.273,low
Electronic City,5,17,0,1,0.461,medium
Indiranagar,5,17,0,1,0.26,low
MG Road,5,18,0,1,0.561,medium
Whitefield,5,18,0,1,0.209,low
Koramangala,5,18,0,1,0.176,low
Electronic City,5,18,0,1,0.488,medium
Indiranagar,5,18,0,1,0.313,low
MG Road,5,19,0,1,0.422,medium
Whitefield,5,19,0,1,0.391,medium
Koramangala,5,19,0,1,0.107,low
Electronic City,5,19,0,1,0.406,medium
Indiranagar,5,19,0,1,0.12,low
MG Road,5,20,0,1,0.548,medium
Whitefield,5,20,0,1,0.492,medium
Koramangala,5,20,0,1,0.283,low
Electronic City,5,20,0,1,0.463,medium
Indiranagar,5,20,0,1,0.302,low
MG Road,5,21,0,0,0.588,medium
Whitefield,5,21,0,0,0.27,low
Koramangala,5,21,0,0,0.174,low
Electronic City,5,21,0,0,0.561,medium
Indiranagar,5,21,0,0,0.448,medium
MG Road,5,22,0,0,0.542,medium
Whitefield,5,22,0,0,0.334,low
Koramangala,5,22,0,0,0.08,low
Electronic City,5,22,0,0,0.434,medium
Indiranagar,5,22,0,0,0.332,low
MG Road,5,23,0,0,0.579,medium
Whitefield,5,23,0,0,0.423,medium
Koramangala,5,23,0,0,0.086,low
Electronic City,5,23,0,0,0.619,medium
Indiranagar,5,23,0,0,0.328,low
MG Road,6,0,0,0,0.248,low
Whitefield,6,0,0,0,0.0,low
Koramangala,6,0,0,0,0.0,low
Electronic City,6,0,0,0,0.271,low
Indiranagar,6,0,0,0,0.109,low
MG Road,6,1,0,0,0.227,low
Whitefield,6,1,0,0,0.055,low
Koramangala,6,1,0,0,0.0,low
Electronic City,6,1,0,0,0.075,low
Indiranagar,6,1,0,0,0.008,low
MG Road,6,2,0,0,0.314,low
Whitefield,6,2,0,0,0.0,low
Koramangala,6,2,0,0,0.0,low
Electronic City,6,2,0,0,0.091,low
Indiranagar,6,2,0,0,0.087,low
MG Road,6,3,0,0,0.247,low
Whitefield,6,3,0,0,0.0,low
Koramangala,6,3,0,0,0.0,low
Electronic City,6,3,0,0,0.141,low
Indiranagar,6,3,0,0,0.0,low
MG Road,6,4,0,0,0.266,low
Whitefield,6,4,0,0,0.142,low
Koramangala,6,4,0,0,0.0,low
Electronic City,6,4,0,0,0.205,low
Indiranagar,6,4,0,0,0.084,low
MG Road,6,5,0,0,0.605,medium
Whitefield,6,5,0,0,0.364,medium
Koramangala,6,5,0,0,0.121,low
Electronic City,6,5,0,0,0.434,medium
Indiranagar,6,5,0,0,0.357,medium
MG Road,6,6,0,0,0.464,medium
Whitefield,6,6,0,0,0.116,low
Koramangala,6,6,0,0,0.185,low
Electronic City,6,6,0,0,0.572,medium
Indiranagar,6,6,0,0,0.161,low
MG Road,6,7,0,0,0.469,medium
Whitefield,6,7,0,0,0.4,medium
Koramangala,6,7,0,0,0.315,low
Electronic City,6,7,0,0,0.502,medium
Indiranagar,6,7,0,0,0.292,low
MG Road,6,8,0,1,0.535,medium
Whitefield,6,8,0,1,0.46,medium
Koramangala,6,8,0,1,0.098,low
Electronic City,6,8,0,1,0.436,medium
Indiranagar,6,8,0,1,0.311,low
MG Road,6,9,0,1,0.474,medium
Whitefield,6,9,0,1,0.36,medium
Koramangala,6,9,0,1,0.28,low
Electronic City,6,9,0,1,0.526,medium
Indiranagar,6,9,0,1,0.33,low
MG Road,6,10,0,1,0.527,medium
Whitefield,6,10,0,1,0.225,low
Koramangala,6,10,0,1,0.221,low
Electronic City,6,10,0,1,0.494,medium
Indiranagar,6,10,0,1,0.336,low
MG Road,6,11,0,0,0.805,high
Whitefield,6,11,0,0,0.374,medium
Koramangala,6,11,0,0,0.09,low
Electronic City,6,11,0,0,0.466,medium
Indiranagar,6,11,0,0,0.442,medium
MG Road,6,12,0,0,0.559,medium
Whitefield,6,12,0,0,0.235,low
Koramangala,6,12,0,0,0.224,low
Electronic City,6,12,0,0,0.447,medium
Indiranagar,6,12,0,0,0.5,medium
MG Road,6,13,0,0,0.636,medium
Whitefield,6,13,0,0,0.314,low
Koramangala,6,13,0,0,0.252,low
Electronic City,6,13,0,0,0.505,medium
Indiranagar,6,13,0,0,0.418,medium
MG Road,6,14,0,0,0.589,medium
Whitefield,6,14,0,0,0.282,low
Koramangala,6,14,0,0,0.099,low
Electronic City,6,14,0,0,0.582,medium
Indiranagar,6,14,0,0,0.323,low
MG Road,6,15,0,0,0.518,medium
Whitefield,6,15,0,0,0.274,low
Koramangala,6,15,0,0,0.184,low
Electronic City,6,15,0,0,0.665,high
Indiranagar,6,15,0,0,0.265,low
MG Road,6,16,0,0,0.552,medium
Whitefield,6,16,0,0,0.463,medium
Koramangala,6,16,0,0,0.144,low
Electronic City,6,16,0,0,0.536,medium
Indiranagar,6,16,0,0,0.265,low
MG Road,6,17,0,1,0.584,medium
Whitefield,6,17,0,1,0.335,low
Koramangala,6,17,0,1,0.229,low
Electronic City,6,17,0,1,0.595,medium
Indiranagar,6,17,0,1,0.557,medium
MG Road,6,18,0,1,0.596,medium
Whitefield,6,18,0,1,0.376,medium
Koramangala,6,18,0,1,0.166,low
Electronic City,6,18,0,1,0.472,medium
Indiranagar,6,18,0,1,0.377,medium
MG Road,6,19,0,1,0.526,medium
Whitefield,6,19,0,1,0.363,medium
Koramangala,6,19,0,1,0.255,low
Electronic City,6,19,0,1,0.419,medium
Indiranagar,6,19,0,1,0.441,medium
MG Road,6,20,0,1,0.655,high
Whitefield,6,20,0,1,0.341,low
Koramangala,6,20,0,1,0.0,low
Electronic City,6,20,0,1,0.451,medium
Indiranagar,6,20,0,1,0.454,medium
MG Road,6,21,0,0,0.548,medium
Whitefield,6,21,0,0,0.27,low
Koramangala,6,21,0,0,0.11,low
Electronic City,6,21,0,0,0.567,medium
Indiranagar,6,21,0,0,0.394,medium
MG Road,6,22,0,0,0.531,medium
Whitefield,6,22,0,0,0.321,low
Koramangala,6,22,0,0,0.119,low
Electronic City,6,22,0,0,0.426,medium
Indiranagar,6,22,0,0,0.479,medium
MG Road,6,23,0,0,0.524,medium
Whitefield,6,23,0,0,0.447,medium
Koramangala,6,23,0,0,0.272,low
Electronic City,6,23,0,0,0.58,medium
Indiranagar,6,23,0,0,0.315,low
MG Road,0,0,1,0,0.532,medium
Whitefield,0,0,1,0,0.298,low
Koramangala,0,0,1,0,0.028,low
Electronic City,0,0,1,0,0.476,medium
Indiranagar,0,0,1,0,0.206,low
MG Road,0,1,1,0,0.595,medium
Whitefield,0,1,1,0,0.263,low
Koramangala,0,1,1,0,0.116,low
Electronic City,0,1,1,0,0.473,medium
Indiranagar,0,1,1,0,0.279,low
MG Road,0,2,1,0,0.547,medium
Whitefield,0,2,1,0,0.262,low
Koramangala,0,2,1,0,0.17,low
Electronic City,0,2,1,0,0.342,low
Indiranagar,0,2,1,0,0.31,low
MG Road,0,3,1,0,0.655,high
Whitefield,0,3,1,0,0.22,low
Koramangala,0,3,1,0,0.046,low
Electronic City,0,3,1,0,0.491,medium
Indiranagar,0,3,1,0,0.314,low
MG Road,0,4,1,0,0.528,medium
Whitefield,0,4,1,0,0.339,low
Koramangala,0,4,1,0,0.151,low
Electronic City,0,4,1,0,0.539,medium
Indiranagar,0,4,1,0,0.333,low
MG Road,0,5,1,0,0.781,high
Whitefield,0,5,1,0,0.654,high
Koramangala,0,5,1,0,0.552,medium
Electronic City,0,5,1,0,0.739,high
Indiranagar,0,5,1,0,0.522,medium
MG Road,0,6,1,0,0.889,high
Whitefield,0,6,1,0,0.59,medium
Koramangala,0,6,1,0,0.226,low
Electronic City,0,6,1,0,0.818,high
Indiranagar,0,6,1,0,0.557,medium
MG Road,0,7,1,0,0.793,high
Whitefield,0,7,1,0,0.627,medium
Koramangala,0,7,1,0,0.415,medium
Electronic City,0,7,1,0,0.807,high
Indiranagar,0,7,1,0,0.565,medium
MG Road,0,8,1,1,1.0,high
Whitefield,0,8,1,1,0.829,high
Koramangala,0,8,1,1,0.709,high
Electronic City,0,8,1,1,1.0,high
Indiranagar,0,8,1,1,0.775,high
MG Road,0,9,1,1,1.0,high
Whitefield,0,9,1,1,0.807,high
Koramangala,0,9,1,1,0.715,high
Electronic City,0,9,1,1,1.0,high
Indiranagar,0,9,1,1,0.997,high
MG Road,0,10,1,1,1.0,high
Whitefield,0,10,1,1,0.822,high
Koramangala,0,10,1,1,0.648,medium
Electronic City,0,10,1,1,0.976,high
Indiranagar,0,10,1,1,0.914,high
MG Road,0,11,1,0,0.671,high
Whitefield,0,11,1,0,0.516,medium
Koramangala,0,11,1,0,0.315,low
Electronic City,0,11,1,0,0.826,high
Indiranagar,0,11,1,0,0.737,high
MG Road,0,12,1,0,0.792,high
Whitefield,0,12,1,0,0.586,medium
Koramangala,0,12,1,0,0.406,medium
Electronic City,0,12,1,0,0.843,high
Indiranagar,0,12,1,0,0.526,medium
MG Road,0,13,1,0,0.819,high
Whitefield,0,13,1,0,0.678,high
Koramangala,0,13,1,0,0.44,medium
Electronic City,0,13,1,0,0.765,high
Indiranagar,0,13,1,0,0.68,high
MG Road,0,14,1,0,0.584,medium
Whitefield,0,14,1,0,0.654,high
Koramangala,0,14,1,0,0.348,low
Electronic City,0,14,1,0,0.604,medium
Indiranagar,0,14,1,0,0.641,medium
MG Road,0,15,1,0,0.91,high
Whitefield,0,15,1,0,0.589,medium
Koramangala,0,15,1,0,0.476,medium
Electronic City,0,15,1,0,0.879,high
Indiranagar,0,15,1,0,0.705,high
MG Road,0,16,1,0,0.931,high
Whitefield,0,16,1,0,0.659,high
Koramangala,0,16,1,0,0.406,medium
Electronic City,0,16,1,0,0.622,medium
Indiranagar,0,16,1,0,0.58,medium
MG Road,0,17,1,1,0.983,high
Whitefield,0,17,1,1,1.0,high
Koramangala,0,17,1,1,0.636,medium
Electronic City,0,17,1,1,1.0,high
Indiranagar,0,17,1,1,0.894,high
MG Road,0,18,1,1,1.0,high
Whitefield,0,18,1,1,0.986,high
Koramangala,0,18,1,1,0.6,medium
Electronic City,0,18,1,1,1.0,high
Indiranagar,0,18,1,1,0.791,high
MG Road,0,19,1,1,0.944,high
Whitefield,0,19,1,1,0.801,high
Koramangala,0,19,1,1,0.647,medium
Electronic City,0,19,1,1,0.966,high
Indiranagar,0,19,1,1,0.795,high
MG Road,0,20,1,1,0.937,high
Whitefield,0,20,1,1,0.843,high
Koramangala,0,20,1,1,0.53,medium
Electronic City,0,20,1,1,1.0,high
Indiranagar,0,20,1,1,0.857,high
MG Road,0,21,1,0,0.683,high
Whitefield,0,21,1,0,0.575,medium
Koramangala,0,21,1,0,0.34,low
Electronic City,0,21,1,0,0.776,high
Indiranagar,0,21,1,0,0.707,high
MG Road,0,22,1,0,0.65,medium
Whitefield,0,22,1,0,0.609,medium
Koramangala,0,22,1,0,0.387,medium
Electronic City,0,22,1,0,0.804,high
Indiranagar,0,22,1,0,0.617,medium
MG Road,0,23,1,0,0.74,high
Whitefield,0,23,1,0,0.574,medium
Koramangala,0,23,1,0,0.336,low
Electronic City,0,23,1,0,0.836,high
Indiranagar,0,23,1,0,0.602,medium
MG Road,1,0,1,0,0.652,high
Whitefield,1,0,1,0,0.295,low
Koramangala,1,0,1,0,0.043,low
Electronic City,1,0,1,0,0.329,low
Indiranagar,1,0,1,0,0.156,low
MG Road,1,1,1,0,0.373,medium
Whitefield,1,1,1,0,0.321,low
Koramangala,1,1,1,0,0.141,low
Electronic City,1,1,1,0,0.324,low
Indiranagar,1,1,1,0,0.372,medium
MG Road,1,2,1,0,0.461,medium
Whitefield,1,2,1,0,0.312,low
Koramangala,1,2,1,0,0.229,low
Electronic City,1,2,1,0,0.522,medium
Indiranagar,1,2,1,0,0.279,low
MG Road,1,3,1,0,0.429,medium
Whitefield,1,3,1,0,0.128,low
Koramangala,1,3,1,0,0.042,low
Electronic City,1,3,1,0,0.433,medium
Indiranagar,1,3,1,0,0.221,low
MG Road,1,4,1,0,0.489,medium
Whitefield,1,4,1,0,0.306,low
Koramangala,1,4,1,0,0.082,low
Electronic City,1,4,1,0,0.398,medium
Indiranagar,1,4,1,0,0.313,low
MG Road,1,5,1,0,0.835,high
Whitefield,1,5,1,0,0.513,medium
Koramangala,1,5,1,0,0.513,medium
Electronic City,1,5,1,0,0.742,high
Indiranagar,1,5,1,0,0.602,medium
MG Road,1,6,1,0,0.857,high
Whitefield,1,6,1,0,0.619,medium
Koramangala,1,6,1,0,0.476,medium
Electronic City,1,6,1,0,0.773,high
Indiranagar,1,6,1,0,0.551,medium
MG Road,1,7,1,0,0.829,high
Whitefield,1,7,1,0,0.509,medium
Koramangala,1,7,1,0,0.409,medium
Electronic City,1,7,1,0,0.747,high
Indiranagar,1,7,1,0,0.583,medium
MG Road,1,8,1,1,1.0,high
Whitefield,1,8,1,1,0.699,high
Koramangala,1,8,1,1,0.606,medium
Electronic City,1,8,1,1,1.0,high
Indiranagar,1,8,1,1,0.863,high
MG Road,1,9,1,1,0.968,high
Whitefield,1,9,1,1,0.951,high
Koramangala,1,9,1,1,0.581,medium
Electronic City,1,9,1,1,1.0,high
Indiranagar,1,9,1,1,0.884,high
MG Road,1,10,1,1,0.998,high
Whitefield,1,10,1,1,0.992,high
Koramangala,1,10,1,1,0.555,medium
Electronic City,1,10,1,1,1.0,high
Indiranagar,1,10,1,1,0.93,high
MG Road,1,11,1,0,0.746,high
Whitefield,1,11,1,0,0.711,high
Koramangala,1,11,1,0,0.38,medium
Electronic City,1,11,1,0,0.773,high
Indiranagar,1,11,1,0,0.621,medium
MG Road,1,12,1,0,0.789,high
Whitefield,1,12,1,0,0.665,high
Koramangala,1,12,1,0,0.463,medium
Electronic City,1,12,1,0,0.61,medium
Indiranagar,1,12,1,0,0.704,high
MG Road,1,13,1,0,0.667,high
Whitefield,1,13,1,0,0.683,high
Koramangala,1,13,1,0,0.49,medium
Electronic City,1,13,1,0,0.663,high
Indiranagar,1,13,1,0,0.567,medium
MG Road,1,14,1,0,0.712,high
Whitefield,1,14,1,0,0.583,medium
Koramangala,1,14,1,0,0.375,medium
Electronic City,1,14,1,0,0.812,high
Indiranagar,1,14,1,0,0.705,high
MG Road,1,15,1,0,0.912,high
Whitefield,1,15,1,0,0.555,medium
Koramangala,1,15,1,0,0.383,medium
Electronic City,1,15,1,0,0.615,medium
Indiranagar,1,15,1,0,0.536,medium
MG Road,1,16,1,0,0.877,high
Whitefield,1,16,1,0,0.729,high
Koramangala,1,16,1,0,0.301,low
Electronic City,1,16,1,0,0.703,high
Indiranagar,1,16,1,0,0.598,medium
MG Road,1,17,1,1,1.0,high
Whitefield,1,17,1,1,0.785,high
Koramangala,1,17,1,1,0.684,high
Electronic City,1,17,1,1,0.962,high
Indiranagar,1,17,1,1,0.849,high
MG Road,1,18,1,1,1.0,high
Whitefield,1,18,1,1,0.851,high
Koramangala,1,18,1,1,0.615,medium
Electronic City,1,18,1,1,0.991,high
Indiranagar,1,18,1,1,0.843,high
MG Road,1,19,1,1,1.0,high
Whitefield,1,19,1,1,0.829,high
Koramangala,1,19,1,1,0.778,high
Electronic City,1,19,1,1,1.0,high
Indiranagar,1,19,1,1,0.826,high
MG Road,1,20,1,1,1.0,high
Whitefield,1,20,1,1,0.823,high
Koramangala,1,20,1,1,0.744,high
Electronic City,1,20,1,1,1.0,high
Indiranagar,1,20,1,1,0.841,high
MG Road,1,21,1,0,0.836,high
Whitefield,1,21,1,0,0.474,medium
Koramangala,1,21,1,0,0.31,low
Electronic City,1,21,1,0,0.654,high
Indiranagar,1,21,1,0,0.611,medium
MG Road,1,22,1,0,0.939,high
Whitefield,1,22,1,0,0.779,high
Koramangala,1,22,1,0,0.451,medium
Electronic City,1,22,1,0,0.79,high
Indiranagar,1,22,1,0,0.456,medium
MG Road,1,23,1,0,0.757,high
Whitefield,1,23,1,0,0.537,medium
Koramangala,1,23,1,0,0.35,medium
Electronic City,1,23,1,0,0.737,high
Indiranagar,1,23,1,0,0.562,medium
MG Road,2,0,1,0,0.342,low
Whitefield,2,0,1,0,0.36,medium
Koramangala,2,0,1,0,0.014,low
Electronic City,2,0,1,0,0.469,medium
Indiranagar,2,0,1,0,0.466,medium
MG Road,2,1,1,0,0.426,medium
Whitefield,2,1,1,0,0.098,low
Koramangala,2,1,1,0,0.077,low
Electronic City,2,1,1,0,0.538,medium
Indiranagar,2,1,1,0,0.457,medium
MG Road,2,2,1,0,0.402,medium
Whitefield,2,2,1,0,0.34,low
Koramangala,2,2,1,0,0.063,low
Electronic City,2,2,1,0,0.442,medium
Indiranagar,2,2,1,0,0.512,medium
MG Road,2,3,1,0,0.38,medium
Whitefield,2,3,1,0,0.32,low
Koramangala,2,3,1,0,0.137,low
Electronic City,2,3,1,0,0.537,medium
Indiranagar,2,3,1,0,0.308,low
MG Road,2,4,1,0,0.525,medium
Whitefield,2,4,1,0,0.269,low
Koramangala,2,4,1,0,0.122,low
Electronic City,2,4,1,0,0.423,medium
Indiranagar,2,4,1,0,0.35,low
MG Road,2,5,1,0,0.77,high
Whitefield,2,5,1,0,0.63,medium
Koramangala,2,5,1,0,0.398,medium
Electronic City,2,5,1,0,0.84,high
Indiranagar,2,5,1,0,0.596,medium
MG Road,2,6,1,0,0.658,high
Whitefield,2,6,1,0,0.701,high
Koramangala,2,6,1,0,0.328,low
Electronic City,2,6,1,0,0.698,high
Indiranagar,2,6,1,0,0.552,medium
MG Road,2,7,1,0,0.91,high
Whitefield,2,7,1,0,0.429,medium
Koramangala,2,7,1,0,0.651,high
Electronic City,2,7,1,0,0.834,high
Indiranagar,2,7,1,0,0.618,medium
MG Road,2,8,1,1,1.0,high
Whitefield,2,8,1,1,0.873,high
Koramangala,2,8,1,1,0.692,high
Electronic City,2,8,1,1,1.0,high
Indiranagar,2,8,1,1,0.894,high
MG Road,2,9,1,1,1.0,high
Whitefield,2,9,1,1,0.834,high
Koramangala,2,9,1,1,0.638,medium
Electronic City,2,9,1,1,0.984,high
Indiranagar,2,9,1,1,0.941,high
MG Road,2,10,1,1,1.0,high
Whitefield,2,10,1,1,0.615,medium
Koramangala,2,10,1,1,0.702,high
Electronic City,2,10,1,1,1.0,high
Indiranagar,2,10,1,1,0.849,high
MG Road,2,11,1,0,0.769,high
Whitefield,2,11,1,0,0.69,high
Koramangala,2,11,1,0,0.476,medium
Electronic City,2,11,1,0,0.688,high
Indiranagar,2,11,1,0,0.633,medium
MG Road,2,12,1,0,0.722,high
Whitefield,2,12,1,0,0.49,medium
Koramangala,2,12,1,0,0.35,low
Electronic City,2,12,1,0,0.819,high
Indiranagar,2,12,1,0,0.676,high
MG Road,2,13,1,0,0.841,high
Whitefield,2,13,1,0,0.658,high
Koramangala,2,13,1,0,0.441,medium
Electronic City,2,13,1,0,0.699,high
Indiranagar,2,13,1,0,0.635,medium
MG Road,2,14,1,0,0.864,high
Whitefield,2,14,1,0,0.66,high
Koramangala,2,14,1,0,0.495,medium
Electronic City,2,14,1,0,0.807,high
Indiranagar,2,14,1,0,0.628,medium
MG Road,2,15,1,0,0.886,high
Whitefield,2,15,1,0,0.598,medium
Koramangala,2,15,1,0,0.329,low
Electronic City,2,15,1,0,0.737,high
Indiranagar,2,15,1,0,0.54,medium
MG Road,2,16,1,0,0.746,high
Whitefield,2,16,1,0,0.588,medium
Koramangala,2,16,1,0,0.337,low
Electronic City,2,16,1,0,0.725,high
Indiranagar,2,16,1,0,0.449,medium
MG Road,2,17,1,1,1.0,high
Whitefield,2,17,1,1,0.85,high
Koramangala,2,17,1,1,0.585,medium
Electronic City,2,17,1,1,1.0,high
Indiranagar,2,17,1,1,0.925,high
MG Road,2,18,1,1,0.921,high
Whitefield,2,18,1,1,0.789,high
Koramangala,2,18,1,1,0.588,medium
Electronic City,2,18,1,1,0.925,high
Indiranagar,2,18,1,1,0.916,high
MG Road,2,19,1,1,1.0,high
Whitefield,2,19,1,1,0.829,high
Koramangala,2,19,1,1,0.49,medium
Electronic City,2,19,1,1,1.0,high
Indiranagar,2,19,1,1,0.751,high
MG Road,2,20,1,1,1.0,high
Whitefield,2,20,1,1,0.872,high
Koramangala,2,20,1,1,0.759,high
Electronic City,2,20,1,1,0.895,high
Indiranagar,2,20,1,1,0.608,medium
MG Road,2,21,1,0,0.815,high
Whitefield,2,21,1,0,0.744,high
Koramangala,2,21,1,0,0.499,medium
Electronic City,2,21,1,0,0.767,high
Indiranagar,2,21,1,0,0.561,medium
MG Road,2,22,1,0,0.865,high
Whitefield,2,22,1,0,0.522,medium
Koramangala,2,22,1,0,0.438,medium
Electronic City,2,22,1,0,0.79,high
Indiranagar,2,22,1,0,0.685,high
MG Road,2,23,1,0,1.0,high
Whitefield,2,23,1,0,0.631,medium
Koramangala,2,23,1,0,0.359,medium
Electronic City,2,23,1,0,0.748,high
Indiranagar,2,23,1,0,0.458,medium
MG Road,3,0,1,0,0.444,medium
Whitefield,3,0,1,0,0.267,low
Koramangala,3,0,1,0,0.058,low
Electronic City,3,0,1,0,0.462,medium
Indiranagar,3,0,1,0,0.234,low
MG Road,3,1,1,0,0.59,medium
Whitefield,3,1,1,0,0.3,low
Koramangala,3,1,1,0,0.099,low
Electronic City,3,1,1,0,0.424,medium
Indiranagar,3,1,1,0,0.312,low
MG Road,3,2,1,0,0.566,medium
Whitefield,3,2,1,0,0.231,low
Koramangala,3,2,1,0,0.047,low
Electronic City,3,2,1,0,0.426,medium
Indiranagar,3,2,1,0,0.192,low
MG Road,3,3,1,0,0.434,medium
Whitefield,3,3,1,0,0.262,low
Koramangala,3,3,1,0,0.17,low
Electronic City,3,3,1,0,0.471,medium
Indiranagar,3,3,1,0,0.315,low
MG Road,3,4,1,0,0.568,medium
Whitefield,3,4,1,0,0.289,low
Koramangala,3,4,1,0,0.131,low
Electronic City,3,4,1,0,0.442,medium
Indiranagar,3,4,1,0,0.321,low
MG Road,3,5,1,0,0.753,high
Whitefield,3,5,1,0,0.405,medium
Koramangala,3,5,1,0,0.389,medium
Electronic City,3,5,1,0,0.864,high
Indiranagar,3,5,1,0,0.674,high
MG Road,3,6,1,0,0.877,high
Whitefield,3,6,1,0,0.699,high
Koramangala,3,6,1,0,0.407,medium
Electronic City,3,6,1,0,0.766,high
Indiranagar,3,6,1,0,0.551,medium
MG Road,3,7,1,0,0.775,high
Whitefield,3,7,1,0,0.649,medium
Koramangala,3,7,1,0,0.496,medium
Electronic City,3,7,1,0,0.739,high
Indiranagar,3,7,1,0,0.564,medium
MG Road,3,8,1,1,1.0,high
Whitefield,3,8,1,1,0.898,high
Koramangala,3,8,1,1,0.534,medium
Electronic City,3,8,1,1,0.816,high
Indiranagar,3,8,1,1,0.806,high
MG Road,3,9,1,1,0.952,high
Whitefield,3,9,1,1,0.809,high
Koramangala,3,9,1,1,0.638,medium
Electronic City,3,9,1,1,0.964,high
Indiranagar,3,9,1,1,0.966,high
MG Road,3,10,1,1,1.0,high
Whitefield,3,10,1,1,0.874,high
Koramangala,3,10,1,1,0.7,high
Electronic City,3,10,1,1,0.909,high
Indiranagar,3,10,1,1,0.933,high
MG Road,3,11,1,0,0.794,high
Whitefield,3,11,1,0,0.654,high
Koramangala,3,11,1,0,0.314,low
Electronic City,3,11,1,0,0.626,medium
Indiranagar,3,11,1,0,0.665,high
MG Road,3,12,1,0,0.83,high
Whitefield,3,12,1,0,0.528,medium
Koramangala,3,12,1,0,0.33,low
Electronic City,3,12,1,0,0.84,high
Indiranagar,3,12,1,0,0.505,medium
MG Road,3,13,1,0,0.931,high
Whitefield,3,13,1,0,0.528,medium
Koramangala,3,13,1,0,0.451,medium
Electronic City,3,13,1,0,0.724,high
Indiranagar,3,13,1,0,0.648,medium
MG Road,3,14,1,0,0.756,high
Whitefield,3,14,1,0,0.587,medium
Koramangala,3,14,1,0,0.403,medium
Electronic City,3,14,1,0,0.67,high
Indiranagar,3,14,1,0,0.659,high
MG Road,3,15,1,0,0.759,high
Whitefield,3,15,1,0,0.582,medium
Koramangala,3,15,1,0,0.32,low
Electronic City,3,15,1,0,0.545,medium
Indiranagar,3,15,1,0,0.585,medium
MG Road,3,16,1,0,0.993,high
Whitefield,3,16,1,0,0.663,high
Koramangala,3,16,1,0,0.398,medium
Electronic City,3,16,1,0,0.729,high
Indiranagar,3,16,1,0,0.602,medium
MG Road,3,17,1,1,1.0,high
Whitefield,3,17,1,1,0.756,high
Koramangala,3,17,1,1,0.739,high
Electronic City,3,17,1,1,1.0,high
Indiranagar,3,17,1,1,0.907,high
MG Road,3,18,1,1,1.0,high
Whitefield,3,18,1,1,0.852,high
Koramangala,3,18,1,1,0.704,high
Electronic City,3,18,1,1,1.0,high
Indiranagar,3,18,1,1,0.822,high
MG Road,3,19,1,1,1.0,high
Whitefield,3,19,1,1,0.858,high
Koramangala,3,19,1,1,0.774,high
Electronic City,3,19,1,1,0.901,high
Indiranagar,3,19,1,1,0.733,high
MG Road,3,20,1,1,1.0,high
Whitefield,3,20,1,1,0.854,high
Koramangala,3,20,1,1,0.664,high
Electronic City,3,20,1,1,1.0,high
Indiranagar,3,20,1,1,0.832,high
MG Road,3,21,1,0,0.919,high
Whitefield,3,21,1,0,0.472,medium
Koramangala,3,21,1,0,0.334,low
Electronic City,3,21,1,0,0.742,high
Indiranagar,3,21,1,0,0.469,medium
MG Road,3,22,1,0,0.786,high
Whitefield,3,22,1,0,0.733,high
Koramangala,3,22,1,0,0.402,medium
Electronic City,3,22,1,0,0.768,high
Indiranagar,3,22,1,0,0.499,medium
MG Road,3,23,1,0,0.751,high
Whitefield,3,23,1,0,0.57,medium
Koramangala,3,23,1,0,0.375,medium
Electronic City,3,23,1,0,0.853,high
Indiranagar,3,23,1,0,0.645,medium
MG Road,4,0,1,0,0.411,medium
Whitefield,4,0,1,0,0.32,low
Koramangala,4,0,1,0,0.14,low
Electronic City,4,0,1,0,0.541,medium
Indiranagar,4,0,1,0,0.426,medium
MG Road,4,1,1,0,0.419,medium
Whitefield,4,1,1,0,0.235,low
Koramangala,4,1,1,0,0.0,low
Electronic City,4,1,1,0,0.431,medium
Indiranagar,4,1,1,0,0.337,low
MG Road,4,2,1,0,0.579,medium
Whitefield,4,2,1,0,0.294,low
Koramangala,4,2,1,0,0.074,low
Electronic City,4,2,1,0,0.462,medium
Indiranagar,4,2,1,0,0.233,low
MG Road,4,3,1,0,0.667,high
Whitefield,4,3,1,0,0.171,low
Koramangala,4,3,1,0,0.115,low
Electronic City,4,3,1,0,0.612,medium
Indiranagar,4,3,1,0,0.301,low
MG Road,4,4,1,0,0.485,medium
Whitefield,4,4,1,0,0.271,low
Koramangala,4,4,1,0,0.086,low
Electronic City,4,4,1,0,0.56,medium
Indiranagar,4,4,1,0,0.123,low
MG Road,4,5,1,0,0.923,high
Whitefield,4,5,1,0,0.486,medium
Koramangala,4,5,1,0,0.379,medium
Electronic City,4,5,1,0,0.716,high
Indiranagar,4,5,1,0,0.647,medium
MG Road,4,6,1,0,0.672,high
Whitefield,4,6,1,0,0.637,medium
Koramangala,4,6,1,0,0.562,medium
Electronic City,4,6,1,0,0.641,medium
Indiranagar,4,6,1,0,0.615,medium
MG Road,4,7,1,0,0.747,high
Whitefield,4,7,1,0,0.634,medium
Koramangala,4,7,1,0,0.402,medium
Electronic City,4,7,1,0,0.699,high
Indiranagar,4,7,1,0,0.639,medium
MG Road,4,8,1,1,1.0,high
Whitefield,4,8,1,1,0.835,high
Koramangala,4,8,1,1,0.708,high
Electronic City,4,8,1,1,0.897,high
Indiranagar,4,8,1,1,0.773,high
MG Road,4,9,1,1,1.0,high
Whitefield,4,9,1,1,0.969,high
Koramangala,4,9,1,1,0.678,high
Electronic City,4,9,1,1,0.975,high
Indiranagar,4,9,1,1,0.85,high
MG Road,4,10,1,1,0.95,high
Whitefield,4,10,1,1,0.898,high
Koramangala,4,10,1,1,0.721,high
Electronic City,4,10,1,1,0.964,high
Indiranagar,4,10,1,1,0.812,high
MG Road,4,11,1,0,0.821,high
Whitefield,4,11,1,0,0.565,medium
Koramangala,4,11,1,0,0.395,medium
Electronic City,4,11,1,0,0.918,high
Indiranagar,4,11,1,0,0.58,medium
MG Road,4,12,1,0,0.771,high
Whitefield,4,12,1,0,0.548,medium
Koramangala,4,12,1,0,0.46,medium
Electronic City,4,12,1,0,0.736,high
Indiranagar,4,12,1,0,0.548,medium
MG Road,4,13,1,0,0.906,high
Whitefield,4,13,1,0,0.714,high
Koramangala,4,13,1,0,0.352,medium
Electronic City,4,13,1,0,0.601,medium
Indiranagar,4,13,1,0,0.681,high
MG Road,4,14,1,0,0.745,high
Whitefield,4,14,1,0,0.663,high
Koramangala,4,14,1,0,0.242,low
Electronic City,4,14,1,0,0.821,high
Indiranagar,4,14,1,0,0.503,medium
MG Road,4,15,1,0,0.858,high
Whitefield,4,15,1,0,0.601,medium
Koramangala,4,15,1,0,0.324,low
Electronic City,4,15,1,0,0.717,high
Indiranagar,4,15,1,0,0.655,high
MG Road,4,16,1,0,0.808,high
Whitefield,4,16,1,0,0.647,medium
Koramangala,4,16,1,0,0.558,medium
Electronic City,4,16,1,0,0.625,medium
Indiranagar,4,16,1,0,0.729,high
MG Road,4,17,1,1,1.0,high
Whitefield,4,17,1,1,0.778,high
Koramangala,4,17,1,1,0.544,medium
Electronic City,4,17,1,1,0.985,high
Indiranagar,4,17,1,1,0.924,high
MG Road,4,18,1,1,1.0,high
Whitefield,4,18,1,1,0.971,high
Koramangala,4,18,1,1,0.534,medium
Electronic City,4,18,1,1,0.999,high
Indiranagar,4,18,1,1,0.75,high
MG Road,4,19,1,1,1.0,high
Whitefield,4,19,1,1,0.921,high
Koramangala,4,19,1,1,0.616,medium
Electronic City,4,19,1,1,0.792,high
Indiranagar,4,19,1,1,0.866,high
MG Road,4,20,1,1,1.0,high
Whitefield,4,20,1,1,0.882,high
Koramangala,4,20,1,1,0.749,high
Electronic City,4,20,1,1,0.914,high
Indiranagar,4,20,1,1,0.904,high
MG Road,4,21,1,0,0.895,high
Whitefield,4,21,1,0,0.458,medium
Koramangala,4,21,1,0,0.426,medium
Electronic City,4,21,1,0,0.71,high
Indiranagar,4,21,1,0,0.593,medium
MG Road,4,22,1,0,0.828,high
Whitefield,4,22,1,0,0.561,medium
Koramangala,4,22,1,0,0.346,low
Electronic City,4,22,1,0,0.753,high
Indiranagar,4,22,1,0,0.513,medium
MG Road,4,23,1,0,0.713,high
Whitefield,4,23,1,0,0.654,high
Koramangala,4,23,1,0,0.308,low
Electronic City,4,23,1,0,0.803,high
Indiranagar,4,23,1,0,0.637,medium
MG Road,5,0,0,0,0.112,low
Whitefield,5,0,0,0,0.0,low
Koramangala,5,0,0,0,0.0,low
Electronic City,5,0,0,0,0.122,low
Indiranagar,5,0,0,0,0.013,low
MG Road,5,1,0,0,0.287,low
Whitefield,5,1,0,0,0.113,low
Koramangala,5,1,0,0,0.0,low
Electronic City,5,1,0,0,0.152,low
Indiranagar,5,1,0,0,0.164,low
MG Road,5,2,0,0,0.389,medium
Whitefield,5,2,0,0,0.128,low
Koramangala,5,2,0,0,0.0,low
Electronic City,5,2,0,0,0.135,low
Indiranagar,5,2,0,0,0.0,low
MG Road,5,3,0,0,0.292,low
Whitefield,5,3,0,0,0.083,low
Koramangala,5,3,0,0,0.0,low
Electronic City,5,3,0,0,0.252,low
Indiranagar,5,3,0,0,0.0,low
MG Road,5,4,0,0,0.334,low
Whitefield,5,4,0,0,0.0,low
Koramangala,5,4,0,0,0.0,low
Electronic City,5,4,0,0,0.22,low
Indiranagar,5,4,0,0,0.21,low
MG Road,5,5,0,0,0.799,high
Whitefield,5,5,0,0,0.399,medium
Koramangala,5,5,0,0,0.135,low
Electronic City,5,5,0,0,0.543,medium
Indiranagar,5,5,0,0,0.421,medium
MG Road,5,6,0,0,0.524,medium
Whitefield,5,6,0,0,0.494,medium
Koramangala,5,6,0,0,0.168,low
Electronic City,5,6,0,0,0.54,medium
Indiranagar,5,6,0,0,0.403,medium
MG Road,5,7,0,0,0.584,medium
Whitefield,5,7,0,0,0.417,medium
Koramangala,5,7,0,0,0.101,low
Electronic City,5,7,0,0,0.455,medium
Indiranagar,5,7,0,0,0.262,low
MG Road,5,8,0,1,0.585,medium
Whitefield,5,8,0,1,0.412,medium
Koramangala,5,8,0,1,0.187,low
Electronic City,5,8,0,1,0.634,medium
Indiranagar,5,8,0,1,0.35,low
MG Road,5,9,0,1,0.603,medium
Whitefield,5,9,0,1,0.263,low
Koramangala,5,9,0,1,0.119,low
Electronic City,5,9,0,1,0.556,medium
Indiranagar,5,9,0,1,0.418,medium
MG Road,5,10,0,1,0.526,medium
Whitefield,5,10,0,1,0.344,low
Koramangala,5,10,0,1,0.029,low
Electronic City,5,10,0,1,0.471,medium
Indiranagar,5,10,0,1,0.421,medium
MG Road,5,11,0,0,0.596,medium
Whitefield,5,11,0,0,0.39,medium
Koramangala,5,11,0,0,0.154,low
Electronic City,5,11,0,0,0.501,medium
Indiranagar,5,11,0,0,0.297,low
MG Road,5,12,0,0,0.606,medium
Whitefield,5,12,0,0,0.384,medium
Koramangala,5,12,0,0,0.189,low
Electronic City,5,12,0,0,0.458,medium
Indiranagar,5,12,0,0,0.178,low
MG Road,5,13,0,0,0.638,medium
Whitefield,5,13,0,0,0.312,low
Koramangala,5,13,0,0,0.081,low
Electronic City,5,13,0,0,0.555,medium
Indiranagar,5,13,0,0,0.319,low
MG Road,5,14,0,0,0.635,medium
Whitefield,5,14,0,0,0.399,medium
Koramangala,5,14,0,0,0.205,low
Electronic City,5,14,0,0,0.391,medium
Indiranagar,5,14,0,0,0.447,medium
MG Road,5,15,0,0,0.571,medium
Whitefield,5,15,0,0,0.32,low
Koramangala,5,15,0,0,0.161,low
Electronic City,5,15,0,0,0.358,medium
Indiranagar,5,15,0,0,0.383,medium
MG Road,5,16,0,0,0.468,medium
Whitefield,5,16,0,0,0.242,low
Koramangala,5,16,0,0,0.028,low
Electronic City,5,16,0,0,0.589,medium
Indiranagar,5,16,0,0,0.3,low
MG Road,5,17,0,1,0.673,high
Whitefield,5,17,0,1,0.307,low
Koramangala,5,17,0,1,0.013,low
Electronic City,5,17,0,1,0.411,medium
Indiranagar,5,17,0,1,0.449,medium
MG Road,5,18,0,1,0.538,medium
Whitefield,5,18,0,1,0.306,low
Koramangala,5,18,0,1,0.163,low
Electronic City,5,18,0,1,0.54,medium
Indiranagar,5,18,0,1,0.439,medium
MG Road,5,19,0,1,0.666,high
Whitefield,5,19,0,1,0.321,low
Koramangala,5,19,0,1,0.044,low
Electronic City,5,19,0,1,0.467,medium
Indiranagar,5,19,0,1,0.371,medium
MG Road,5,20,0,1,0.473,medium
Whitefield,5,20,0,1,0.273,low
Koramangala,5,20,0,1,0.178,low
Electronic City,5,20,0,1,0.496,medium
Indiranagar,5,20,0,1,0.353,medium
MG Road,5,21,0,0,0.489,medium
Whitefield,5,21,0,0,0.332,low
Koramangala,5,21,0,0,0.076,low
Electronic City,5,21,0,0,0.571,medium
Indiranagar,5,21,0,0,0.433,medium
MG Road,5,22,0,0,0.402,medium
Whitefield,5,22,0,0,0.276,low
Koramangala,5,22,0,0,0.03,low
Electronic City,5,22,0,0,0.448,medium
Indiranagar,5,22,0,0,0.343,low
MG Road,5,23,0,0,0.434,medium
Whitefield,5,23,0,0,0.276,low
Koramangala,5,23,0,0,0.07,low
Electronic City,5,23,0,0,0.517,medium
Indiranagar,5,23,0,0,0.356,medium
MG Road,6,0,0,0,0.192,low
Whitefield,6,0,0,0,0.064,low
Koramangala,6,0,0,0,0.0,low
Electronic City,6,0,0,0,0.178,low
Indiranagar,6,0,0,0,0.184,low
MG Road,6,1,0,0,0.357,medium
Whitefield,6,1,0,0,0.0,low
Koramangala,6,1,0,0,0.0,low
Electronic City,6,1,0,0,0.265,low
Indiranagar,6,1,0,0,0.0,low
MG Road,6,2,0,0,0.316,low
Whitefield,6,2,0,0,0.173,low
Koramangala,6,2,0,0,0.0,low
Electronic City,6,2,0,0,0.127,low
Indiranagar,6,2,0,0,0.131,low
MG Road,6,3,0,0,0.272,low
Whitefield,6,3,0,0,0.094,low
Koramangala,6,3,0,0,0.0,low
Electronic City,6,3,0,0,0.231,low
Indiranagar,6,3,0,0,0.0,low
MG Road,6,4,0,0,0.334,low
Whitefield,6,4,0,0,0.144,low
Koramangala,6,4,0,0,0.0,low
Electronic City,6,4,0,0,0.197,low
Indiranagar,6,4,0,0,0.0,low
MG Road,6,5,0,0,0.591,medium
Whitefield,6,5,0,0,0.396,medium
Koramangala,6,5,0,0,0.145,low
Electronic City,6,5,0,0,0.59,medium
Indiranagar,6,5,0,0,0.323,low
MG Road,6,6,0,0,0.595,medium
Whitefield,6,6,0,0,0.268,low
Koramangala,6,6,0,0,0.148,low
Electronic City,6,6,0,0,0.486,medium
Indiranagar,6,6,0,0,0.368,medium
MG Road,6,7,0,0,0.52,medium
Whitefield,6,7,0,0,0.339,low
Koramangala,6,7,0,0,0.216,low
Electronic City,6,7,0,0,0.465,medium
Indiranagar,6,7,0,0,0.221,low
MG Road,6,8,0,1,0.69,high
Whitefield,6,8,0,1,0.461,medium
Koramangala,6,8,0,1,0.047,low
Electronic City,6,8,0,1,0.555,medium
Indiranagar,6,8,0,1,0.31,low
MG Road,6,9,0,1,0.571,medium
Whitefield,6,9,0,1,0.374,medium
Koramangala,6,9,0,1,0.131,low
Electronic City,6,9,0,1,0.437,medium
Indiranagar,6,9,0,1,0.295,low
MG Road,6,10,0,1,0.477,medium
Whitefield,6,10,0,1,0.283,low
Koramangala,6,10,0,1,0.145,low
Electronic City,6,10,0,1,0.443,medium
Indiranagar,6,10,0,1,0.405,medium
MG Road,6,11,0,0,0.669,high
Whitefield,6,11,0,0,0.304,low
Koramangala,6,11,0,0,0.169,low
Electronic City,6,11,0,0,0.54,medium
Indiranagar,6,11,0,0,0.388,medium
MG Road,6,12,0,0,0.556,medium
Whitefield,6,12,0,0,0.409,medium
Koramangala,6,12,0,0,0.189,low
Electronic City,6,12,0,0,0.401,medium
Indiranagar,6,12,0,0,0.42,medium
MG Road,6,13,0,0,0.621,medium
Whitefield,6,13,0,0,0.289,low
Koramangala,6,13,0,0,0.153,low
Electronic City,6,13,0,0,0.555,medium
Indiranagar,6,13,0,0,0.333,low
MG Road,6,14,0,0,0.636,medium
Whitefield,6,14,0,0,0.539,medium
Koramangala,6,14,0,0,0.087,low
Electronic City,6,14,0,0,0.39,medium
Indiranagar,6,14,0,0,0.374,medium
MG Road,6,15,0,0,0.608,medium
Whitefield,6,15,0,0,0.332,low
Koramangala,6,15,0,0,0.266,low
Electronic City,6,15,0,0,0.393,medium
Indiranagar,6,15,0,0,0.405,medium
MG Road,6,16,0,0,0.502,medium
Whitefield,6,16,0,0,0.488,medium
Koramangala,6,16,0,0,0.309,low
Electronic City,6,16,0,0,0.439,medium
Indiranagar,6,16,0,0,0.306,low
MG Road,6,17,0,1,0.619,medium
Whitefield,6,17,0,1,0.319,low
Koramangala,6,17,0,1,0.146,low
Electronic City,6,17,0,1,0.502,medium
Indiranagar,6,17,0,1,0.196,low
MG Road,6,18,0,1,0.549,medium
Whitefield,6,18,0,1,0.295,low
Koramangala,6,18,0,1,0.111,low
Electronic City,6,18,0,1,0.615,medium
Indiranagar,6,18,0,1,0.249,low
MG Road,6,19,0,1,0.615,medium
Whitefield,6,19,0,1,0.328,low
Koramangala,6,19,0,1,0.128,low
Electronic City,6,19,0,1,0.563,medium
Indiranagar,6,19,0,1,0.377,medium
MG Road,6,20,0,1,0.596,medium
Whitefield,6,20,0,1,0.427,medium
Koramangala,6,20,0,1,0.123,low
Electronic City,6,20,0,1,0.451,medium
Indiranagar,6,20,0,1,0.263,low
MG Road,6,21,0,0,0.484,medium
Whitefield,6,21,0,0,0.586,medium
Koramangala,6,21,0,0,0.25,low
Electronic City,6,21,0,0,0.392,medium
Indiranagar,6,21,0,0,0.244,low
MG Road,6,22,0,0,0.589,medium
Whitefield,6,22,0,0,0.394,medium
Koramangala,6,22,0,0,0.194,low
Electronic City,6,22,0,0,0.48,medium
Indiranagar,6,22,0,0,0.34,low
MG Road,6,23,0,0,0.576,medium
Whitefield,6,23,0,0,0.357,medium
Koramangala,6,23,0,0,0.0,low
Electronic City,6,23,0,0,0.482,medium
Indiranagar,6,23,0,0,0.282,low
MG Road,0,0,1,0,0.514,medium
Whitefield,0,0,1,0,0.539,medium
Koramangala,0,0,1,0,0.129,low
Electronic City,0,0,1,0,0.425,medium
Indiranagar,0,0,1,0,0.374,medium
MG Road,0,1,1,0,0.539,medium
Whitefield,0,1,1,0,0.334,low
Koramangala,0,1,1,0,0.149,low
Electronic City,0,1,1,0,0.615,medium
Indiranagar,0,1,1,0,0.21,low
MG Road,0,2,1,0,0.538,medium
Whitefield,0,2,1,0,0.226,low
Koramangala,0,2,1,0,0.144,low
Electronic City,0,2,1,0,0.377,medium
Indiranagar,0,2,1,0,0.267,low
MG Road,0,3,1,0,0.476,medium
Whitefield,0,3,1,0,0.378,medium
Koramangala,0,3,1,0,0.173,low
Electronic City,0,3,1,0,0.35,medium
Indiranagar,0,3,1,0,0.304,low
MG Road,0,4,1,0,0.443,medium
Whitefield,0,4,1,0,0.199,low
Koramangala,0,4,1,0,0.083,low
Electronic City,0,4,1,0,0.425,medium
Indiranagar,0,4,1,0,0.494,medium
MG Road,0,5,1,0,0.835,high
Whitefield,0,5,1,0,0.49,medium
Koramangala,0,5,1,0,0.355,medium
Electronic City,0,5,1,0,0.832,high
Indiranagar,0,5,1,0,0.767,high
MG Road,0,6,1,0,0.673,high
Whitefield,0,6,1,0,0.45,medium
Koramangala,0,6,1,0,0.55,medium
Electronic City,0,6,1,0,0.781,high
Indiranagar,0,6,1,0,0.531,medium
MG Road,0,7,1,0,0.843,high
Whitefield,0,7,1,0,0.389,medium
Koramangala,0,7,1,0,0.4,medium
Electronic City,0,7,1,0,0.776,high
Indiranagar,0,7,1,0,0.674,high
MG Road,0,8,1,1,0.969,high
Whitefield,0,8,1,1,0.857,high
Koramangala,0,8,1,1,0.576,medium
Electronic City,0,8,1,1,1.0,high
Indiranagar,0,8,1,1,0.778,high
MG Road,0,9,1,1,1.0,high
Whitefield,0,9,1,1,0.77,high
Koramangala,0,9,1,1,0.702,high
Electronic City,0,9,1,1,1.0,high
Indiranagar,0,9,1,1,0.831,high
MG Road,0,10,1,1,1.0,high
Whitefield,0,10,1,1,0.734,high
Koramangala,0,10,1,1,0.626,medium
Electronic City,0,10,1,1,0.996,high
Indiranagar,0,10,1,1,1.0,high
MG Road,0,11,1,0,0.711,high
Whitefield,0,11,1,0,0.717,high
Koramangala,0,11,1,0,0.48,medium
Electronic City,0,11,1,0,0.772,high
Indiranagar,0,11,1,0,0.741,high
MG Road,0,12,1,0,0.83,high
Whitefield,0,12,1,0,0.631,medium
Koramangala,0,12,1,0,0.396,medium
Electronic City,0,12,1,0,0.848,high
Indiranagar,0,12,1,0,0.688,high
MG Road,0,13,1,0,0.75,high
Whitefield,0,13,1,0,0.494,medium
Koramangala,0,13,1,0,0.384,medium
Electronic City,0,13,1,0,0.686,high
Indiranagar,0,13,1,0,0.595,medium
MG Road,0,14,1,0,0.899,high
Whitefield,0,14,1,0,0.563,medium
Koramangala,0,14,1,0,0.397,medium
Electronic City,0,14,1,0,0.755,high
Indiranagar,0,14,1,0,0.668,high
MG Road,0,15,1,0,0.62,medium
Whitefield,0,15,1,0,0.551,medium
Koramangala,0,15,1,0,0.417,medium
Electronic City,0,15,1,0,0.846,high
Indiranagar,0,15,1,0,0.561,medium
MG Road,0,16,1,0,0.65,medium
Whitefield,0,16,1,0,0.65,medium
Koramangala,0,16,1,0,0.349,low
Electronic City,0,16,1,0,0.655,high
Indiranagar,0,16,1,0,0.55,medium
MG Road,0,17,1,1,1.0,high
Whitefield,0,17,1,1,0.802,high
Koramangala,0,17,1,1,0.474,medium
Electronic City,0,17,1,1,1.0,high
Indiranagar,0,17,1,1,0.952,high
MG Road,0,18,1,1,1.0,high
Whitefield,0,18,1,1,0.759,high
Koramangala,0,18,1,1,0.634,medium
Electronic City,0,18,1,1,0.999,high
Indiranagar,0,18,1,1,0.898,high
MG Road,0,19,1,1,1.0,high
Whitefield,0,19,1,1,0.791,high
Koramangala,0,19,1,1,0.657,high
Electronic City,0,19,1,1,1.0,high
Indiranagar,0,19,1,1,0.966,high
MG Road,0,20,1,1,1.0,high
Whitefield,0,20,1,1,0.913,high
Koramangala,0,20,1,1,0.657,high
Electronic City,0,20,1,1,1.0,high
Indiranagar,0,20,1,1,0.883,high
MG Road,0,21,1,0,0.731,high
Whitefield,0,21,1,0,0.712,high
Koramangala,0,21,1,0,0.456,medium
Electronic City,0,21,1,0,0.715,high
Indiranagar,0,21,1,0,0.562,medium
MG Road,0,22,1,0,0.824,high
Whitefield,0,22,1,0,0.637,medium
Koramangala,0,22,1,0,0.416,medium
Electronic City,0,22,1,0,0.775,high
Indiranagar,0,22,1,0,0.736,high
MG Road,0,23,1,0,0.886,high
Whitefield,0,23,1,0,0.615,medium
Koramangala,0,23,1,0,0.475,medium
Electronic City,0,23,1,0,0.667,high
Indiranagar,0,23,1,0,0.632,medium
MG Road,1,0,1,0,0.645,medium
Whitefield,1,0,1,0,0.283,low
Koramangala,1,0,1,0,0.032,low
Electronic City,1,0,1,0,0.398,medium
Indiranagar,1,0,1,0,0.213,low
MG Road,1,1,1,0,0.437,medium
Whitefield,1,1,1,0,0.27,low
Koramangala,1,1,1,0,0.0,low
Electronic City,1,1,1,0,0.451,medium
Indiranagar,1,1,1,0,0.372,medium
MG Road,1,2,1,0,0.427,medium
Whitefield,1,2,1,0,0.422,medium
Koramangala,1,2,1,0,0.141,low
Electronic City,1,2,1,0,0.532,medium
Indiranagar,1,2,1,0,0.247,low
MG Road,1,3,1,0,0.568,medium
Whitefield,1,3,1,0,0.213,low
Koramangala,1,3,1,0,0.171,low
Electronic City,1,3,1,0,0.464,medium
Indiranagar,1,3,1,0,0.344,low
MG Road,1,4,1,0,0.406,medium
Whitefield,1,4,1,0,0.228,low
Koramangala,1,4,1,0,0.148,low
Electronic City,1,4,1,0,0.374,medium
Indiranagar,1,4,1,0,0.337,low
MG Road,1,5,1,0,0.691,high
Whitefield,1,5,1,0,0.668,high
Koramangala,1,5,1,0,0.301,low
Electronic City,1,5,1,0,0.794,high
Indiranagar,1,5,1,0,0.65,high
MG Road,1,6,1,0,0.744,high
Whitefield,1,6,1,0,0.647,medium
Koramangala,1,6,1,0,0.421,medium
Electronic City,1,6,1,0,0.707,high
Indiranagar,1,6,1,0,0.519,medium
MG Road,1,7,1,0,0.643,medium
Whitefield,1,7,1,0,0.628,medium
Koramangala,1,7,1,0,0.275,low
Electronic City,1,7,1,0,0.758,high
Indiranagar,1,7,1,0,0.579,medium
MG Road,1,8,1,1,1.0,high
Whitefield,1,8,1,1,0.826,high
Koramangala,1,8,1,1,0.624,medium
Electronic City,1,8,1,1,1.0,high
Indiranagar,1,8,1,1,0.877,high
MG Road,1,9,1,1,1.0,high
Whitefield,1,9,1,1,0.888,high
Koramangala,1,9,1,1,0.527,medium
Electronic City,1,9,1,1,1.0,high
Indiranagar,1,9,1,1,0.899,high
MG Road,1,10,1,1,0.969,high
Whitefield,1,10,1,1,0.83,high
Koramangala,1,10,1,1,0.647,medium
Electronic City,1,10,1,1,0.989,high
Indiranagar,1,10,1,1,0.877,high
MG Road,1,11,1,0,0.915,high
Whitefield,1,11,1,0,0.687,high
Koramangala,1,11,1,0,0.295,low
Electronic City,1,11,1,0,0.8,high
Indiranagar,1,11,1,0,0.706,high
MG Road,1,12,1,0,0.831,high
Whitefield,1,12,1,0,0.687,high
Koramangala,1,12,1,0,0.561,medium
Electronic City,1,12,1,0,0.832,high
Indiranagar,1,12,1,0,0.62,medium
MG Road,1,13,1,0,0.884,high
Whitefield,1,13,1,0,0.612,medium
Koramangala,1,13,1,0,0.402,medium
Electronic City,1,13,1,0,0.722,high
Indiranagar,1,13,1,0,0.725,high
MG Road,1,14,1,0,0.735,high
Whitefield,1,14,1,0,0.723,high
Koramangala,1,14,1,0,0.44,medium
Electronic City,1,14,1,0,0.638,medium
Indiranagar,1,14,1,0,0.629,medium
MG Road,1,15,1,0,0.632,medium
Whitefield,1,15,1,0,0.65,high
Koramangala,1,15,1,0,0.471,medium
Electronic City,1,15,1,0,0.703,high
Indiranagar,1,15,1,0,0.61,medium
MG Road,1,16,1,0,0.956,high
Whitefield,1,16,1,0,0.56,medium
Koramangala,1,16,1,0,0.315,low
Electronic City,1,16,1,0,0.869,high
Indiranagar,1,16,1,0,0.757,high
MG Road,1,17,1,1,1.0,high
Whitefield,1,17,1,1,0.931,high
Koramangala,1,17,1,1,0.757,high
Electronic City,1,17,1,1,0.941,high
Indiranagar,1,17,1,1,0.811,high
MG Road,1,18,1,1,1.0,high
Whitefield,1,18,1,1,0.985,high
Koramangala,1,18,1,1,0.695,high
Electronic City,1,18,1,1,0.93,high
Indiranagar,1,18,1,1,1.0,high
MG Road,1,19,1,1,1.0,high
Whitefield,1,19,1,1,0.823,high
Koramangala,1,19,1,1,0.677,high
Electronic City,1,19,1,1,1.0,high
Indiranagar,1,19,1,1,0.918,high
MG Road,1,20,1,1,1.0,high
Whitefield,1,20,1,1,0.887,high
Koramangala,1,20,1,1,0.653,high
Electronic City,1,20,1,1,1.0,high
Indiranagar,1,20,1,1,0.648,medium
MG Road,1,21,1,0,0.776,high
Whitefield,1,21,1,0,0.619,medium
Koramangala,1,21,1,0,0.308,low
Electronic City,1,21,1,0,0.781,high
Indiranagar,1,21,1,0,0.584,medium
MG Road,1,22,1,0,0.94,high
Whitefield,1,22,1,0,0.726,high
Koramangala,1,22,1,0,0.363,medium
Electronic City,1,22,1,0,0.738,high
Indiranagar,1,22,1,0,0.594,medium
MG Road,1,23,1,0,0.764,high
Whitefield,1,23,1,0,0.616,medium
Koramangala,1,23,1,0,0.339,low
Electronic City,1,23,1,0,0.66,high
Indiranagar,1,23,1,0,0.65,medium
MG Road,2,0,1,0,0.55,medium
Whitefield,2,0,1,0,0.236,low
Koramangala,2,0,1,0,0.172,low
Electronic City,2,0,1,0,0.399,medium
Indiranagar,2,0,1,0,0.32,low
MG Road,2,1,1,0,0.566,medium
Whitefield,2,1,1,0,0.297,low
Koramangala,2,1,1,0,0.136,low
Electronic City,2,1,1,0,0.409,medium
Indiranagar,2,1,1,0,0.284,low
MG Road,2,2,1,0,0.484,medium
Whitefield,2,2,1,0,0.24,low
Koramangala,2,2,1,0,0.086,low
Electronic City,2,2,1,0,0.326,low
Indiranagar,2,2,1,0,0.261,low
MG Road,2,3,1,0,0.477,medium
Whitefield,2,3,1,0,0.28,low
Koramangala,2,3,1,0,0.081,low
Electronic City,2,3,1,0,0.445,medium
Indiranagar,2,3,1,0,0.338,low
MG Road,2,4,1,0,0.57,medium
Whitefield,2,4,1,0,0.248,low
Koramangala,2,4,1,0,0.004,low
Electronic City,2,4,1,0,0.367,medium
Indiranagar,2,4,1,0,0.261,low
MG Road,2,5,1,0,0.772,high
Whitefield,2,5,1,0,0.538,medium
Koramangala,2,5,1,0,0.296,low
Electronic City,2,5,1,0,0.714,high
Indiranagar,2,5,1,0,0.615,medium
MG Road,2,6,1,0,0.848,high
Whitefield,2,6,1,0,0.555,medium
Koramangala,2,6,1,0,0.367,medium
Electronic City,2,6,1,0,0.676,high
Indiranagar,2,6,1,0,0.597,medium
MG Road,2,7,1,0,0.732,high
Whitefield,2,7,1,0,0.646,medium
Koramangala,2,7,1,0,0.257,low
Electronic City,2,7,1,0,0.721,high
Indiranagar,2,7,1,0,0.624,medium
MG Road,2,8,1,1,1.0,high
Whitefield,2,8,1,1,1.0,high
Koramangala,2,8,1,1,0.678,high
Electronic City,2,8,1,1,0.92,high
Indiranagar,2,8,1,1,0.842,high
MG Road,2,9,1,1,0.908,high
Whitefield,2,9,1,1,0.844,high
Koramangala,2,9,1,1,0.583,medium
Electronic City,2,9,1,1,1.0,high
Indiranagar,2,9,1,1,0.806,high
MG Road,2,10,1,1,1.0,high
Whitefield,2,10,1,1,0.799,high
Koramangala,2,10,1,1,0.789,high
Electronic City,2,10,1,1,0.974,high
Indiranagar,2,10,1,1,0.997,high
MG Road,2,11,1,0,0.865,high
Whitefield,2,11,1,0,0.639,medium
Koramangala,2,11,1,0,0.429,medium
Electronic City,2,11,1,0,0.782,high
Indiranagar,2,11,1,0,0.446,medium
MG Road,2,12,1,0,0.778,high
Whitefield,2,12,1,0,0.668,high
Koramangala,2,12,1,0,0.396,medium
Electronic City,2,12,1,0,0.638,medium
Indiranagar,2,12,1,0,0.596,medium
MG Road,2,13,1,0,0.936,high
Whitefield,2,13,1,0,0.7,high
Koramangala,2,13,1,0,0.395,medium
Electronic City,2,13,1,0,0.826,high
Indiranagar,2,13,1,0,0.571,medium
MG Road,2,14,1,0,0.664,high
Whitefield,2,14,1,0,0.526,medium
Koramangala,2,14,1,0,0.525,medium
Electronic City,2,14,1,0,0.728,high
Indiranagar,2,14,1,0,0.581,medium
MG Road,2,15,1,0,0.776,high
Whitefield,2,15,1,0,0.752,high
Koramangala,2,15,1,0,0.53,medium
Electronic City,2,15,1,0,0.928,high
Indiranagar,2,15,1,0,0.587,medium
MG Road,2,16,1,0,0.824,high
Whitefield,2,16,1,0,0.479,medium
Koramangala,2,16,1,0,0.518,medium
Electronic City,2,16,1,0,0.657,high
Indiranagar,2,16,1,0,0.617,medium
MG Road,2,17,1,1,0.962,high
Whitefield,2,17,1,1,0.803,high
Koramangala,2,17,1,1,0.583,medium
Electronic City,2,17,1,1,0.951,high
Indiranagar,2,17,1,1,0.807,high
MG Road,2,18,1,1,1.0,high
Whitefield,2,18,1,1,0.917,high
Koramangala,2,18,1,1,0.562,medium
Electronic City,2,18,1,1,1.0,high
Indiranagar,2,18,1,1,0.947,high
MG Road,2,19,1,1,1.0,high
Whitefield,2,19,1,1,0.793,high
Koramangala,2,19,1,1,0.632,medium
Electronic City,2,19,1,1,1.0,high
Indiranagar,2,19,1,1,0.866,high
MG Road,2,20,1,1,1.0,high
Whitefield,2,20,1,1,0.889,high
Koramangala,2,20,1,1,0.562,medium
Electronic City,2,20,1,1,1.0,high
Indiranagar,2,20,1,1,0.883,high
MG Road,2,21,1,0,0.775,high
Whitefield,2,21,1,0,0.533,medium
Koramangala,2,21,1,0,0.329,low
Electronic City,2,21,1,0,0.793,high
Indiranagar,2,21,1,0,0.698,high
MG Road,2,22,1,0,0.749,high
Whitefield,2,22,1,0,0.637,medium
Koramangala,2,22,1,0,0.233,low
Electronic City,2,22,1,0,0.703,high
Indiranagar,2,22,1,0,0.598,medium
MG Road,2,23,1,0,0.727,high
Whitefield,2,23,1,0,0.525,medium
Koramangala,2,23,1,0,0.347,low
Electronic City,2,23,1,0,0.773,high
Indiranagar,2,23,1,0,0.585,medium
MG Road,3,0,1,0,0.321,low
Whitefield,3,0,1,0,0.13,low
Koramangala,3,0,1,0,0.051,low
Electronic City,3,0,1,0,0.487,medium
Indiranagar,3,0,1,0,0.08,low
MG Road,3,1,1,0,0.46,medium
Whitefield,3,1,1,0,0.258,low
Koramangala,3,1,1,0,0.211,low
Electronic City,3,1,1,0,0.419,medium
Indiranagar,3,1,1,0,0.331,low
MG Road,3,2,1,0,0.511,medium
Whitefield,3,2,1,0,0.13,low
Koramangala,3,2,1,0,0.161,low
Electronic City,3,2,1,0,0.467,medium
Indiranagar,3,2,1,0,0.341,low
MG Road,3,3,1,0,0.814,high
Whitefield,3,3,1,0,0.133,low
Koramangala,3,3,1,0,0.238,low
Electronic City,3,3,1,0,0.427,medium
Indiranagar,3,3,1,0,0.323,low
MG Road,3,4,1,0,0.496,medium
Whitefield,3,4,1,0,0.266,low
Koramangala,3,4,1,0,0.054,low
Electronic City,3,4,1,0,0.476,medium
Indiranagar,3,4,1,0,0.179,low
MG Road,3,5,1,0,0.86,high
Whitefield,3,5,1,0,0.567,medium
Koramangala,3,5,1,0,0.31,low
Electronic City,3,5,1,0,0.714,high
Indiranagar,3,5,1,0,0.701,high
MG Road,3,6,1,0,0.757,high
Whitefield,3,6,1,0,0.629,medium
Koramangala,3,6,1,0,0.342,low
Electronic City,3,6,1,0,0.811,high
Indiranagar,3,6,1,0,0.655,high
MG Road,3,7,1,0,0.948,high
Whitefield,3,7,1,0,0.586,medium
Koramangala,3,7,1,0,0.453,medium
Electronic City,3,7,1,0,0.758,high
Indiranagar,3,7,1,0,0.704,high
MG Road,3,8,1,1,0.992,high
Whitefield,3,8,1,1,0.91,high
Koramangala,3,8,1,1,0.634,medium
Electronic City,3,8,1,1,0.995,high
Indiranagar,3,8,1,1,0.857,high
MG Road,3,9,1,1,1.0,high
Whitefield,3,9,1,1,0.841,high
Koramangala,3,9,1,1,0.667,high
Electronic City,3,9,1,1,1.0,high
Indiranagar,3,9,1,1,0.929,high
MG Road,3,10,1,1,1.0,high
Whitefield,3,10,1,1,0.814,high
Koramangala,3,10,1,1,0.579,medium
Electronic City,3,10,1,1,1.0,high
Indiranagar,3,10,1,1,0.92,high
MG Road,3,11,1,0,0.918,high
Whitefield,3,11,1,0,0.552,medium
Koramangala,3,11,1,0,0.382,medium
Electronic City,3,11,1,0,0.619,medium
Indiranagar,3,11,1,0,0.569,medium
MG Road,3,12,1,0,0.88,high
Whitefield,3,12,1,0,0.563,medium
Koramangala,3,12,1,0,0.451,medium
Electronic City,3,12,1,0,0.735,high
Indiranagar,3,12,1,0,0.626,medium
MG Road,3,13,1,0,0.708,high
Whitefield,3,13,1,0,0.607,medium
Koramangala,3,13,1,0,0.161,low
Electronic City,3,13,1,0,0.735,high
Indiranagar,3,13,1,0,0.47,medium
MG Road,3,14,1,0,0.896,high
Whitefield,3,14,1,0,0.662,high
Koramangala,3,14,1,0,0.437,medium
Electronic City,3,14,1,0,0.872,high
Indiranagar,3,14,1,0,0.524,medium
MG Road,3,15,1,0,0.94,high
Whitefield,3,15,1,0,0.675,high
Koramangala,3,15,1,0,0.381,medium
Electronic City,3,15,1,0,0.841,high
Indiranagar,3,15,1,0,0.511,medium
MG Road,3,16,1,0,0.734,high
Whitefield,3,16,1,0,0.551,medium
Koramangala,3,16,1,0,0.358,medium
Electronic City,3,16,1,0,0.665,high
Indiranagar,3,16,1,0,0.698,high
MG Road,3,17,1,1,1.0,high
Whitefield,3,17,1,1,0.878,high
Koramangala,3,17,1,1,0.604,medium
Electronic City,3,17,1,1,0.854,high
Indiranagar,3,17,1,1,0.872,high
MG Road,3,18,1,1,0.897,high
Whitefield,3,18,1,1,0.845,high
Koramangala,3,18,1,1,0.541,medium
Electronic City,3,18,1,1,1.0,high
Indiranagar,3,18,1,1,0.923,high
MG Road,3,19,1,1,1.0,high
Whitefield,3,19,1,1,0.951,high
Koramangala,3,19,1,1,0.582,medium
Electronic City,3,19,1,1,1.0,high
Indiranagar,3,19,1,1,0.866,high
MG Road,3,20,1,1,1.0,high
Whitefield,3,20,1,1,0.952,high
Koramangala,3,20,1,1,0.709,high
Electronic City,3,20,1,1,1.0,high
Indiranagar,3,20,1,1,0.718,high
MG Road,3,21,1,0,0.723,high
Whitefield,3,21,1,0,0.59,medium
Koramangala,3,21,1,0,0.407,medium
Electronic City,3,21,1,0,0.66,high
Indiranagar,3,21,1,0,0.793,high
MG Road,3,22,1,0,0.921,high
Whitefield,3,22,1,0,0.648,medium
Koramangala,3,22,1,0,0.406,medium
Electronic City,3,22,1,0,0.733,high
Indiranagar,3,22,1,0,0.524,medium
MG Road,3,23,1,0,0.806,high
Whitefield,3,23,1,0,0.621,medium
Koramangala,3,23,1,0,0.301,low
Electronic City,3,23,1,0,0.777,high
Indiranagar,3,23,1,0,0.588,medium
MG Road,4,0,1,0,0.347,low
Whitefield,4,0,1,0,0.231,low
Koramangala,4,0,1,0,0.067,low
Electronic City,4,0,1,0,0.601,medium
Indiranagar,4,0,1,0,0.345,low
MG Road,4,1,1,0,0.393,medium
Whitefield,4,1,1,0,0.339,low
Koramangala,4,1,1,0,0.0,low
Electronic City,4,1,1,0,0.537,medium
Indiranagar,4,1,1,0,0.262,low
MG Road,4,2,1,0,0.493,medium
Whitefield,4,2,1,0,0.406,medium
Koramangala,4,2,1,0,0.0,low
Electronic City,4,2,1,0,0.338,low
Indiranagar,4,2,1,0,0.253,low
MG Road,4,3,1,0,0.583,medium
Whitefield,4,3,1,0,0.178,low
Koramangala,4,3,1,0,0.0,low
Electronic City,4,3,1,0,0.414,medium
Indiranagar,4,3,1,0,0.344,low
MG Road,4,4,1,0,0.596,medium
Whitefield,4,4,1,0,0.263,low
Koramangala,4,4,1,0,0.067,low
Electronic City,4,4,1,0,0.542,medium
Indiranagar,4,4,1,0,0.15,low
MG Road,4,5,1,0,0.769,high
Whitefield,4,5,1,0,0.615,medium
Koramangala,4,5,1,0,0.436,medium
Electronic City,4,5,1,0,0.709,high
Indiranagar,4,5,1,0,0.603,medium
MG Road,4,6,1,0,0.601,medium
Whitefield,4,6,1,0,0.547,medium
Koramangala,4,6,1,0,0.436,medium
Electronic City,4,6,1,0,0.671,high
Indiranagar,4,6,1,0,0.605,medium
MG Road,4,7,1,0,0.836,high
Whitefield,4,7,1,0,0.573,medium
Koramangala,4,7,1,0,0.414,medium
Electronic City,4,7,1,0,0.673,high
Indiranagar,4,7,1,0,0.583,medium
MG Road,4,8,1,1,1.0,high
Whitefield,4,8,1,1,0.863,high
Koramangala,4,8,1,1,0.603,medium
Electronic City,4,8,1,1,1.0,high
Indiranagar,4,8,1,1,0.907,high
MG Road,4,9,1,1,0.886,high
Whitefield,4,9,1,1,0.943,high
Koramangala,4,9,1,1,0.623,medium
Electronic City,4,9,1,1,1.0,high
Indiranagar,4,9,1,1,0.946,high
MG Road,4,10,1,1,0.94,high
Whitefield,4,10,1,1,0.793,high
Koramangala,4,10,1,1,0.627,medium
Electronic City,4,10,1,1,0.937,high
Indiranagar,4,10,1,1,0.989,high
MG Road,4,11,1,0,0.731,high
Whitefield,4,11,1,0,0.556,medium
Koramangala,4,11,1,0,0.416,medium
Electronic City,4,11,1,0,0.654,high
Indiranagar,4,11,1,0,0.568,medium
MG Road,4,12,1,0,0.825,high
Whitefield,4,12,1,0,0.573,medium
Koramangala,4,12,1,0,0.393,medium
Electronic City,4,12,1,0,0.708,high
Indiranagar,4,12,1,0,0.479,medium
MG Road,4,13,1,0,0.826,high
Whitefield,4,13,1,0,0.74,high
Koramangala,4,13,1,0,0.401,medium
Electronic City,4,13,1,0,0.768,high
Indiranagar,4,13,1,0,0.655,high
MG Road,4,14,1,0,0.698,high
Whitefield,4,14,1,0,0.736,high
Koramangala,4,14,1,0,0.416,medium
Electronic City,4,14,1,0,0.881,high
Indiranagar,4,14,1,0,0.541,medium
MG Road,4,15,1,0,0.945,high
Whitefield,4,15,1,0,0.662,high
Koramangala,4,15,1,0,0.444,medium
Electronic City,4,15,1,0,0.769,high
Indiranagar,4,15,1,0,0.58,medium
MG Road,4,16,1,0,0.896,high
Whitefield,4,16,1,0,0.611,medium
Koramangala,4,16,1,0,0.243,low
Electronic City,4,16,1,0,0.661,high
Indiranagar,4,16,1,0,0.585,medium
MG Road,4,17,1,1,1.0,high
Whitefield,4,17,1,1,0.845,high
Koramangala,4,17,1,1,0.748,high
Electronic City,4,17,1,1,0.844,high
Indiranagar,4,17,1,1,0.861,high
MG Road,4,18,1,1,0.905,high
Whitefield,4,18,1,1,0.911,high
Koramangala,4,18,1,1,0.642,medium
Electronic City,4,18,1,1,1.0,high
Indiranagar,4,18,1,1,0.781,high
MG Road,4,19,1,1,1.0,high
Whitefield,4,19,1,1,0.933,high
Koramangala,4,19,1,1,0.697,high
Electronic City,4,19,1,1,0.99,high
Indiranagar,4,19,1,1,0.896,high
MG Road,4,20,1,1,0.993,high
Whitefield,4,20,1,1,0.918,high
Koramangala,4,20,1,1,0.782,high
Electronic City,4,20,1,1,1.0,high
Indiranagar,4,20,1,1,0.792,high
MG Road,4,21,1,0,0.829,high
Whitefield,4,21,1,0,0.497,medium
Koramangala,4,21,1,0,0.446,medium
Electronic City,4,21,1,0,0.786,high
Indiranagar,4,21,1,0,0.45,medium
MG Road,4,22,1,0,0.707,high
Whitefield,4,22,1,0,0.577,medium
Koramangala,4,22,1,0,0.376,medium
Electronic City,4,22,1,0,0.653,high
Indiranagar,4,22,1,0,0.631,medium
MG Road,4,23,1,0,0.82,high
Whitefield,4,23,1,0,0.584,medium
Koramangala,4,23,1,0,0.34,low
Electronic City,4,23,1,0,0.834,high
Indiranagar,4,23,1,0,0.732,high
MG Road,5,0,0,0,0.211,low
Whitefield,5,0,0,0,0.001,low
Koramangala,5,0,0,0,0.0,low
Electronic City,5,0,0,0,0.171,low
Indiranagar,5,0,0,0,0.039,low
MG Road,5,1,0,0,0.309,low
Whitefield,5,1,0,0,0.0,low
Koramangala,5,1,0,0,0.0,low
Electronic City,5,1,0,0,0.206,low
Indiranagar,5,1,0,0,0.017,low
MG Road,5,2,0,0,0.243,low
Whitefield,5,2,0,0,0.047,low
Koramangala,5,2,0,0,0.0,low
Electronic City,5,2,0,0,0.32,low
Indiranagar,5,2,0,0,0.053,low
MG Road,5,3,0,0,0.285,low
Whitefield,5,3,0,0,0.126,low
Koramangala,5,3,0,0,0.0,low
Electronic City,5,3,0,0,0.238,low
Indiranagar,5,3,0,0,0.029,low
MG Road,5,4,0,0,0.318,low
Whitefield,5,4,0,0,0.0,low
Koramangala,5,4,0,0,0.0,low
Electronic City,5,4,0,0,0.152,low
Indiranagar,5,4,0,0,0.085,low
MG Road,5,5,0,0,0.588,medium
Whitefield,5,5,0,0,0.293,low
Koramangala,5,5,0,0,0.093,low
Electronic City,5,5,0,0,0.491,medium
Indiranagar,5,5,0,0,0.278,low
MG Road,5,6,0,0,0.617,medium
Whitefield,5,6,0,0,0.32,low
Koramangala,5,6,0,0,0.0,low
Electronic City,5,6,0,0,0.47,medium
Indiranagar,5,6,0,0,0.267,low
MG Road,5,7,0,0,0.419,medium
Whitefield,5,7,0,0,0.251,low
Koramangala,5,7,0,0,0.159,low
Electronic City,5,7,0,0,0.606,medium
Indiranagar,5,7,0,0,0.375,medium
MG Road,5,8,0,1,0.501,medium
Whitefield,5,8,0,1,0.386,medium
Koramangala,5,8,0,1,0.113,low
Electronic City,5,8,0,1,0.444,medium
Indiranagar,5,8,0,1,0.258,low
MG Road,5,9,0,1,0.41,medium
Whitefield,5,9,0,1,0.319,low
Koramangala,5,9,0,1,0.163,low
Electronic City,5,9,0,1,0.492,medium
Indiranagar,5,9,0,1,0.317,low
MG Road,5,10,0,1,0.474,medium
Whitefield,5,10,0,1,0.399,medium
Koramangala,5,10,0,1,0.045,low
Electronic City,5,10,0,1,0.562,medium
Indiranagar,5,10,0,1,0.27,low
MG Road,5,11,0,0,0.49,medium
Whitefield,5,11,0,0,0.233,low
Koramangala,5,11,0,0,0.11,low
Electronic City,5,11,0,0,0.578,medium
Indiranagar,5,11,0,0,0.391,medium
MG Road,5,12,0,0,0.628,medium
Whitefield,5,12,0,0,0.392,medium
Koramangala,5,12,0,0,0.062,low
Electronic City,5,12,0,0,0.474,medium
Indiranagar,5,12,0,0,0.288,low
MG Road,5,13,0,0,0.656,high
Whitefield,5,13,0,0,0.254,low
Koramangala,5,13,0,0,0.221,low
Electronic City,5,13,0,0,0.571,medium
Indiranagar,5,13,0,0,0.496,medium
MG Road,5,14,0,0,0.517,medium
Whitefield,5,14,0,0,0.407,medium
Koramangala,5,14,0,0,0.333,low
Electronic City,5,14,0,0,0.451,medium
Indiranagar,5,14,0,0,0.227,low
MG Road,5,15,0,0,0.4,medium
Whitefield,5,15,0,0,0.407,medium
Koramangala,5,15,0,0,0.0,low
Electronic City,5,15,0,0,0.47,medium
Indiranagar,5,15,0,0,0.385,medium
MG Road,5,16,0,0,0.565,medium
Whitefield,5,16,0,0,0.384,medium
Koramangala,5,16,0,0,0.168,low
Electronic City,5,16,0,0,0.602,medium
Indiranagar,5,16,0,0,0.274,low
MG Road,5,17,0,1,0.496,medium
Whitefield,5,17,0,1,0.288,low
Koramangala,5,17,0,1,0.216,low
Electronic City,5,17,0,1,0.572,medium
Indiranagar,5,17,0,1,0.386,medium
MG Road,5,18,0,1,0.645,medium
Whitefield,5,18,0,1,0.256,low
Koramangala,5,18,0,1,0.283,low
Electronic City,5,18,0,1,0.622,medium
Indiranagar,5,18,0,1,0.409,medium
MG Road,5,19,0,1,0.693,high
Whitefield,5,19,0,1,0.217,low
Koramangala,5,19,0,1,0.108,low
Electronic City,5,19,0,1,0.441,medium
Indiranagar,5,19,0,1,0.408,medium
MG Road,5,20,0,1,0.466,medium
Whitefield,5,20,0,1,0.411,medium
Koramangala,5,20,0,1,0.26,low
Electronic City,5,20,0,1,0.556,medium
Indiranagar,5,20,0,1,0.373,medium
MG Road,5,21,0,0,0.471,medium
Whitefield,5,21,0,0,0.282,low
Koramangala,5,21,0,0,0.25,low
Electronic City,5,21,0,0,0.562,medium
Indiranagar,5,21,0,0,0.347,low
MG Road,5,22,0,0,0.517,medium
Whitefield,5,22,0,0,0.188,low
Koramangala,5,22,0,0,0.064,low
Electronic City,5,22,0,0,0.653,high
Indiranagar,5,22,0,0,0.248,low
MG Road,5,23,0,0,0.565,medium
Whitefield,5,23,0,0,0.431,medium
Koramangala,5,23,0,0,0.05,low
Electronic City,5,23,0,0,0.515,medium
Indiranagar,5,23,0,0,0.425,medium
MG Road,6,0,0,0,0.251,low
Whitefield,6,0,0,0,0.279,low
Koramangala,6,0,0,0,0.0,low
Electronic City,6,0,0,0,0.285,low
Indiranagar,6,0,0,0,0.036,low
MG Road,6,1,0,0,0.312,low
Whitefield,6,1,0,0,0.085,low
Koramangala,6,1,0,0,0.0,low
Electronic City,6,1,0,0,0.218,low
Indiranagar,6,1,0,0,0.0,low
MG Road,6,2,0,0,0.298,low
Whitefield,6,2,0,0,0.074,low
Koramangala,6,2,0,0,0.0,low
Electronic City,6,2,0,0,0.285,low
Indiranagar,6,2,0,0,0.079,low
MG Road,6,3,0,0,0.262,low
Whitefield,6,3,0,0,0.0,low
Koramangala,6,3,0,0,0.0,low
Electronic City,6,3,0,0,0.295,low
Indiranagar,6,3,0,0,0.165,low
MG Road,6,4,0,0,0.231,low
Whitefield,6,4,0,0,0.054,low
Koramangala,6,4,0,0,0.0,low
Electronic City,6,4,0,0,0.294,low
Indiranagar,6,4,0,0,0.103,low
MG Road,6,5,0,0,0.705,high
Whitefield,6,5,0,0,0.28,low
Koramangala,6,5,0,0,0.12,low
Electronic City,6,5,0,0,0.519,medium
Indiranagar,6,5,0,0,0.402,medium
MG Road,6,6,0,0,0.533,medium
Whitefield,6,6,0,0,0.28,low
Koramangala,6,6,0,0,0.221,low
Electronic City,6,6,0,0,0.558,medium
Indiranagar,6,6,0,0,0.277,low
MG Road,6,7,0,0,0.658,high
Whitefield,6,7,0,0,0.444,medium
Koramangala,6,7,0,0,0.161,low
Electronic City,6,7,0,0,0.506,medium
Indiranagar,6,7,0,0,0.394,medium
MG Road,6,8,0,1,0.481,medium
Whitefield,6,8,0,1,0.352,medium
Koramangala,6,8,0,1,0.0,low
Electronic City,6,8,0,1,0.57,medium
Indiranagar,6,8,0,1,0.225,low
MG Road,6,9,0,1,0.67,high
Whitefield,6,9,0,1,0.324,low
Koramangala,6,9,0,1,0.133,low
Electronic City,6,9,0,1,0.45,medium
Indiranagar,6,9,0,1,0.327,low
MG Road,6,10,0,1,0.663,high
Whitefield,6,10,0,1,0.151,low
Koramangala,6,10,0,1,0.252,low
Electronic City,6,10,0,1,0.527,medium
Indiranagar,6,10,0,1,0.253,low
MG Road,6,11,0,0,0.464,medium
Whitefield,6,11,0,0,0.484,medium
Koramangala,6,11,0,0,0.074,low
Electronic City,6,11,0,0,0.408,medium
Indiranagar,6,11,0,0,0.441,medium
MG Road,6,12,0,0,0.577,medium
Whitefield,6,12,0,0,0.275,low
Koramangala,6,12,0,0,0.167,low
Electronic City,6,12,0,0,0.418,medium
Indiranagar,6,12,0,0,0.438,medium
MG Road,6,13,0,0,0.635,medium
Whitefield,6,13,0,0,0.393,medium
Koramangala,6,13,0,0,0.179,low
Electronic City,6,13,0,0,0.641,medium
Indiranagar,6,13,0,0,0.35,low
MG Road,6,14,0,0,0.455,medium
Whitefield,6,14,0,0,0.386,medium
Koramangala,6,14,0,0,0.317,low
Electronic City,6,14,0,0,0.419,medium
Indiranagar,6,14,0,0,0.321,low
MG Road,6,15,0,0,0.583,medium
Whitefield,6,15,0,0,0.346,low
Koramangala,6,15,0,0,0.071,low
Electronic City,6,15,0,0,0.59,medium
Indiranagar,6,15,0,0,0.536,medium
MG Road,6,16,0,0,0.566,medium
Whitefield,6,16,0,0,0.278,low
Koramangala,6,16,0,0,0.026,low
Electronic City,6,16,0,0,0.521,medium
Indiranagar,6,16,0,0,0.438,medium
MG Road,6,17,0,1,0.588,medium
Whitefield,6,17,0,1,0.35,low
Koramangala,6,17,0,1,0.103,low
Electronic City,6,17,0,1,0.413,medium
Indiranagar,6,17,0,1,0.417,medium
MG Road,6,18,0,1,0.623,medium
Whitefield,6,18,0,1,0.226,low
Koramangala,6,18,0,1,0.277,low
Electronic City,6,18,0,1,0.546,medium
Indiranagar,6,18,0,1,0.462,medium
MG Road,6,19,0,1,0.443,medium
Whitefield,6,19,0,1,0.241,low
Koramangala,6,19,0,1,0.138,low
Electronic City,6,19,0,1,0.54,medium
Indiranagar,6,19,0,1,0.494,medium
MG Road,6,20,0,1,0.606,medium
Whitefield,6,20,0,1,0.331,low
Koramangala,6,20,0,1,0.068,low
Electronic City,6,20,0,1,0.598,medium
Indiranagar,6,20,0,1,0.273,low
MG Road,6,21,0,0,0.68,high
Whitefield,6,21,0,0,0.327,low
Koramangala,6,21,0,0,0.277,low
Electronic City,6,21,0,0,0.554,medium
Indiranagar,6,21,0,0,0.339,low
MG Road,6,22,0,0,0.508,medium
Whitefield,6,22,0,0,0.323,low
Koramangala,6,22,0,0,0.184,low
Electronic City,6,22,0,0,0.506,medium
Indiranagar,6,22,0,0,0.302,low
MG Road,6,23,0,0,0.537,medium
Whitefield,6,23,0,0,0.356,medium
Koramangala,6,23,0,0,0.0,low
Electronic City,6,23,0,0,0.537,medium
Indiranagar,6,23,0,0,0.272,low
MG Road,0,0,1,0,0.408,medium
Whitefield,0,0,1,0,0.165,low
Koramangala,0,0,1,0,0.0,low
Electronic City,0,0,1,0,0.342,low
Indiranagar,0,0,1,0,0.243,low
MG Road,0,1,1,0,0.656,high
Whitefield,0,1,1,0,0.258,low
Koramangala,0,1,1,0,0.114,low
Electronic City,0,1,1,0,0.482,medium
Indiranagar,0,1,1,0,0.31,low
MG Road,0,2,1,0,0.494,medium
Whitefield,0,2,1,0,0.204,low
Koramangala,0,2,1,0,0.216,low
Electronic City,0,2,1,0,0.595,medium
Indiranagar,0,2,1,0,0.165,low
MG Road,0,3,1,0,0.418,medium
Whitefield,0,3,1,0,0.278,low
Koramangala,0,3,1,0,0.023,low
Electronic City,0,3,1,0,0.49,medium
Indiranagar,0,3,1,0,0.242,low
MG Road,0,4,1,0,0.673,high
Whitefield,0,4,1,0,0.395,medium
Koramangala,0,4,1,0,0.117,low
Electronic City,0,4,1,0,0.532,medium
Indiranagar,0,4,1,0,0.388,medium
MG Road,0,5,1,0,0.755,high
Whitefield,0,5,1,0,0.535,medium
Koramangala,0,5,1,0,0.406,medium
Electronic City,0,5,1,0,0.819,high
Indiranagar,0,5,1,0,0.611,medium
MG Road,0,6,1,0,0.674,high
Whitefield,0,6,1,0,0.536,medium
Koramangala,0,6,1,0,0.394,medium
Electronic City,0,6,1,0,0.744,high
Indiranagar,0,6,1,0,0.758,high
MG Road,0,7,1,0,0.689,high
Whitefield,0,7,1,0,0.64,medium
Koramangala,0,7,1,0,0.519,medium
Electronic City,0,7,1,0,0.932,high
Indiranagar,0,7,1,0,0.568,medium
MG Road,0,8,1,1,1.0,high
Whitefield,0,8,1,1,0.896,high
Koramangala,0,8,1,1,0.666,high
Electronic City,0,8,1,1,0.992,high
Indiranagar,0,8,1,1,0.885,high
MG Road,0,9,1,1,0.847,high
Whitefield,0,9,1,1,0.905,high
Koramangala,0,9,1,1,0.66,high
Electronic City,0,9,1,1,0.982,high
Indiranagar,0,9,1,1,1.0,high
MG Road,0,10,1,1,0.996,high
Whitefield,0,10,1,1,0.818,high
Koramangala,0,10,1,1,0.809,high
Electronic City,0,10,1,1,0.933,high
Indiranagar,0,10,1,1,0.806,high
MG Road,0,11,1,0,0.788,high
Whitefield,0,11,1,0,0.667,high
Koramangala,0,11,1,0,0.417,medium
Electronic City,0,11,1,0,0.647,medium
Indiranagar,0,11,1,0,0.557,medium
MG Road,0,12,1,0,0.751,high
Whitefield,0,12,1,0,0.594,medium
Koramangala,0,12,1,0,0.434,medium
Electronic City,0,12,1,0,0.783,high
Indiranagar,0,12,1,0,0.458,medium
MG Road,0,13,1,0,0.885,high
Whitefield,0,13,1,0,0.62,medium
Koramangala,0,13,1,0,0.511,medium
Electronic City,0,13,1,0,0.786,high
Indiranagar,0,13,1,0,0.688,high
MG Road,0,14,1,0,0.837,high
Whitefield,0,14,1,0,0.708,high
Koramangala,0,14,1,0,0.442,medium
Electronic City,0,14,1,0,0.742,high
Indiranagar,0,14,1,0,0.782,high
MG Road,0,15,1,0,0.871,high
Whitefield,0,15,1,0,0.646,medium
Koramangala,0,15,1,0,0.298,low
Electronic City,0,15,1,0,0.647,medium
Indiranagar,0,15,1,0,0.623,medium
MG Road,0,16,1,0,0.812,high
Whitefield,0,16,1,0,0.551,medium
Koramangala,0,16,1,0,0.411,medium
Electronic City,0,16,1,0,0.877,high
Indiranagar,0,16,1,0,0.656,high
MG Road,0,17,1,1,0.959,high
Whitefield,0,17,1,1,0.841,high
Koramangala,0,17,1,1,0.586,medium
Electronic City,0,17,1,1,0.969,high
Indiranagar,0,17,1,1,0.817,high
MG Road,0,18,1,1,1.0,high
Whitefield,0,18,1,1,0.75,high
Koramangala,0,18,1,1,0.64,medium
Electronic City,0,18,1,1,0.955,high
Indiranagar,0,18,1,1,0.616,medium
MG Road,0,19,1,1,1.0,high
Whitefield,0,19,1,1,0.937,high
Koramangala,0,19,1,1,0.62,medium
Electronic City,0,19,1,1,1.0,high
Indiranagar,0,19,1,1,0.756,high
MG Road,0,20,1,1,1.0,high
Whitefield,0,20,1,1,1.0,high
Koramangala,0,20,1,1,0.663,high
Electronic City,0,20,1,1,1.0,high
Indiranagar,0,20,1,1,0.864,high
MG Road,0,21,1,0,0.693,high
Whitefield,0,21,1,0,0.567,medium
Koramangala,0,21,1,0,0.411,medium
Electronic City,0,21,1,0,0.714,high
Indiranagar,0,21,1,0,0.583,medium
MG Road,0,22,1,0,0.793,high
Whitefield,0,22,1,0,0.594,medium
Koramangala,0,22,1,0,0.404,medium
Electronic City,0,22,1,0,0.665,high
Indiranagar,0,22,1,0,0.543,medium
MG Road,0,23,1,0,0.697,high
Whitefield,0,23,1,0,0.678,high
Koramangala,0,23,1,0,0.232,low
Electronic City,0,23,1,0,0.842,high
Indiranagar,0,23,1,0,0.711,high
MG Road,1,0,1,0,0.476,medium
Whitefield,1,0,1,0,0.092,low
Koramangala,1,0,1,0,0.071,low
Electronic City,1,0,1,0,0.445,medium
Indiranagar,1,0,1,0,0.219,low
MG Road,1,1,1,0,0.459,medium
Whitefield,1,1,1,0,0.422,medium
Koramangala,1,1,1,0,0.153,low
Electronic City,1,1,1,0,0.376,medium
Indiranagar,1,1,1,0,0.172,low
MG Road,1,2,1,0,0.474,medium
Whitefield,1,2,1,0,0.283,low
Koramangala,1,2,1,0,0.14,low
Electronic City,1,2,1,0,0.407,medium
Indiranagar,1,2,1,0,0.341,low
MG Road,1,3,1,0,0.655,high
Whitefield,1,3,1,0,0.365,medium
Koramangala,1,3,1,0,0.096,low
Electronic City,1,3,1,0,0.435,medium
Indiranagar,1,3,1,0,0.271,low
MG Road,1,4,1,0,0.594,medium
Whitefield,1,4,1,0,0.25,low
Koramangala,1,4,1,0,0.104,low
Electronic City,1,4,1,0,0.454,medium
Indiranagar,1,4,1,0,0.26,low
MG Road,1,5,1,0,0.69,high
Whitefield,1,5,1,0,0.626,medium
Koramangala,1,5,1,0,0.395,medium
Electronic City,1,5,1,0,0.79,high
Indiranagar,1,5,1,0,0.557,medium
MG Road,1,6,1,0,0.898,high
Whitefield,1,6,1,0,0.53,medium
Koramangala,1,6,1,0,0.537,medium
Electronic City,1,6,1,0,0.61,medium
Indiranagar,1,6,1,0,0.635,medium
MG Road,1,7,1,0,0.838,high
Whitefield,1,7,1,0,0.536,medium
Koramangala,1,7,1,0,0.434,medium
Electronic City,1,7,1,0,0.852,high
Indiranagar,1,7,1,0,0.423,medium
MG Road,1,8,1,1,1.0,high
Whitefield,1,8,1,1,0.651,high
Koramangala,1,8,1,1,0.573,medium
Electronic City,1,8,1,1,1.0,high
Indiranagar,1,8,1,1,0.803,high
MG Road,1,9,1,1,0.956,high
Whitefield,1,9,1,1,0.834,high
Koramangala,1,9,1,1,0.815,high
Electronic City,1,9,1,1,0.853,high
Indiranagar,1,9,1,1,0.766,high
MG Road,1,10,1,1,1.0,high
Whitefield,1,10,1,1,0.999,high
Koramangala,1,10,1,1,0.642,medium
Electronic City,1,10,1,1,0.901,high
Indiranagar,1,10,1,1,1.0,high
MG Road,1,11,1,0,0.928,high
Whitefield,1,11,1,0,0.654,high
Koramangala,1,11,1,0,0.335,low
Electronic City,1,11,1,0,0.746,high
Indiranagar,1,11,1,0,0.587,medium
MG Road,1,12,1,0,0.826,high
Whitefield,1,12,1,0,0.716,high
Koramangala,1,12,1,0,0.47,medium
Electronic City,1,12,1,0,0.664,high
Indiranagar,1,12,1,0,0.71,high
MG Road,1,13,1,0,0.825,high
Whitefield,1,13,1,0,0.655,high
Koramangala,1,13,1,0,0.517,medium
Electronic City,1,13,1,0,0.661,high
Indiranagar,1,13,1,0,0.597,medium
MG Road,1,14,1,0,0.757,high
Whitefield,1,14,1,0,0.475,medium
Koramangala,1,14,1,0,0.428,medium
Electronic City,1,14,1,0,0.951,high
Indiranagar,1,14,1,0,0.453,medium
MG Road,1,15,1,0,0.797,high
Whitefield,1,15,1,0,0.651,high
Koramangala,1,15,1,0,0.41,medium
Electronic City,1,15,1,0,0.741,high
Indiranagar,1,15,1,0,0.496,medium
MG Road,1,16,1,0,0.819,high
Whitefield,1,16,1,0,0.539,medium
Koramangala,1,16,1,0,0.225,low
Electronic City,1,16,1,0,0.846,high
Indiranagar,1,16,1,0,0.677,high
MG Road,1,17,1,1,1.0,high
Whitefield,1,17,1,1,0.868,high
Koramangala,1,17,1,1,0.736,high
Electronic City,1,17,1,1,1.0,high
Indiranagar,1,17,1,1,0.922,high
MG Road,1,18,1,1,1.0,high
Whitefield,1,18,1,1,0.955,high
Koramangala,1,18,1,1,0.676,high
Electronic City,1,18,1,1,1.0,high
Indiranagar,1,18,1,1,0.748,high
MG Road,1,19,1,1,1.0,high
Whitefield,1,19,1,1,0.783,high
Koramangala,1,19,1,1,0.599,medium
Electronic City,1,19,1,1,0.935,high
Indiranagar,1,19,1,1,0.765,high
MG Road,1,20,1,1,1.0,high
Whitefield,1,20,1,1,0.957,high
Koramangala,1,20,1,1,0.804,high
Electronic City,1,20,1,1,0.902,high
Indiranagar,1,20,1,1,0.856,high
MG Road,1,21,1,0,0.697,high
Whitefield,1,21,1,0,0.544,medium
Koramangala,1,21,1,0,0.327,low
Electronic City,1,21,1,0,0.849,high
Indiranagar,1,21,1,0,0.568,medium
MG Road,1,22,1,0,0.885,high
Whitefield,1,22,1,0,0.648,medium
Koramangala,1,22,1,0,0.584,medium
Electronic City,1,22,1,0,0.632,medium
Indiranagar,1,22,1,0,0.701,high
MG Road,1,23,1,0,0.892,high
Whitefield,1,23,1,0,0.522,medium
Koramangala,1,23,1,0,0.481,medium
Electronic City,1,23,1,0,0.777,high
Indiranagar,1,23,1,0,0.582,medium
MG Road,2,0,1,0,0.434,medium
Whitefield,2,0,1,0,0.242,low
Koramangala,2,0,1,0,0.264,low
Electronic City,2,0,1,0,0.45,medium
Indiranagar,2,0,1,0,0.363,medium
MG Road,2,1,1,0,0.437,medium
Whitefield,2,1,1,0,0.238,low
Koramangala,2,1,1,0,0.187,low
Electronic City,2,1,1,0,0.342,low
Indiranagar,2,1,1,0,0.267,low
MG Road,2,2,1,0,0.503,medium
Whitefield,2,2,1,0,0.309,low
Koramangala,2,2,1,0,0.086,low
Electronic City,2,2,1,0,0.482,medium
Indiranagar,2,2,1,0,0.355,medium
MG Road,2,3,1,0,0.559,medium
Whitefield,2,3,1,0,0.221,low
Koramangala,2,3,1,0,0.077,low
Electronic City,2,3,1,0,0.546,medium
Indiranagar,2,3,1,0,0.372,medium
MG Road,2,4,1,0,0.39,medium
Whitefield,2,4,1,0,0.328,low
Koramangala,2,4,1,0,0.0,low
Electronic City,2,4,1,0,0.454,medium
Indiranagar,2,4,1,0,0.452,medium
MG Road,2,5,1,0,0.724,high
Whitefield,2,5,1,0,0.533,medium
Koramangala,2,5,1,0,0.461,medium
Electronic City,2,5,1,0,0.627,medium
Indiranagar,2,5,1,0,0.549,medium
MG Road,2,6,1,0,0.848,high
Whitefield,2,6,1,0,0.549,medium
Koramangala,2,6,1,0,0.381,medium
Electronic City,2,6,1,0,0.81,high
Indiranagar,2,6,1,0,0.634,medium
MG Road,2,7,1,0,0.821,high
Whitefield,2,7,1,0,0.573,medium
Koramangala,2,7,1,0,0.43,medium
Electronic City,2,7,1,0,0.74,high
Indiranagar,2,7,1,0,0.637,medium
MG Road,2,8,1,1,1.0,high
Whitefield,2,8,1,1,0.835,high
Koramangala,2,8,1,1,0.571,medium
Electronic City,2,8,1,1,0.997,high
Indiranagar,2,8,1,1,0.785,high
MG Road,2,9,1,1,0.961,high
Whitefield,2,9,1,1,0.871,high
Koramangala,2,9,1,1,0.667,high
Electronic City,2,9,1,1,1.0,high
Indiranagar,2,9,1,1,0.816,high
MG Road,2,10,1,1,1.0,high
Whitefield,2,10,1,1,0.894,high
Koramangala,2,10,1,1,0.686,high
Electronic City,2,10,1,1,0.934,high
Indiranagar,2,10,1,1,0.862,high
MG Road,2,11,1,0,0.829,high
Whitefield,2,11,1,0,0.601,medium
Koramangala,2,11,1,0,0.233,low
Electronic City,2,11,1,0,0.763,high
Indiranagar,2,11,1,0,0.777,high
MG Road,2,12,1,0,0.771,high
Whitefield,2,12,1,0,0.542,medium
Koramangala,2,12,1,0,0.43,medium
Electronic City,2,12,1,0,0.775,high
Indiranagar,2,12,1,0,0.695,high
MG Road,2,13,1,0,0.699,high
Whitefield,2,13,1,0,0.659,high
Koramangala,2,13,1,0,0.447,medium
Electronic City,2,13,1,0,0.739,high
Indiranagar,2,13,1,0,0.627,medium
MG Road,2,14,1,0,0.882,high
Whitefield,2,14,1,0,0.67,high
Koramangala,2,14,1,0,0.309,low
Electronic City,2,14,1,0,0.816,high
Indiranagar,2,14,1,0,0.595,medium
MG Road,2,15,1,0,0.806,high
Whitefield,2,15,1,0,0.606,medium
Koramangala,2,15,1,0,0.388,medium
Electronic City,2,15,1,0,0.845,high
Indiranagar,2,15,1,0,0.593,medium
MG Road,2,16,1,0,0.71,high
Whitefield,2,16,1,0,0.569,medium
Koramangala,2,16,1,0,0.414,medium
Electronic City,2,16,1,0,0.848,high
Indiranagar,2,16,1,0,0.648,medium
MG Road,2,17,1,1,0.982,high
Whitefield,2,17,1,1,1.0,high
Koramangala,2,17,1,1,0.671,high
Electronic City,2,17,1,1,1.0,high
Indiranagar,2,17,1,1,0.838,high
MG Road,2,18,1,1,1.0,high
Whitefield,2,18,1,1,0.917,high
Koramangala,2,18,1,1,0.747,high
Electronic City,2,18,1,1,1.0,high
Indiranagar,2,18,1,1,0.92,high
MG Road,2,19,1,1,1.0,high
Whitefield,2,19,1,1,0.804,high
Koramangala,2,19,1,1,0.677,high
Electronic City,2,19,1,1,1.0,high
Indiranagar,2,19,1,1,0.832,high
MG Road,2,20,1,1,1.0,high
Whitefield,2,20,1,1,0.966,high
Koramangala,2,20,1,1,0.577,medium
Electronic City,2,20,1,1,0.933,high
Indiranagar,2,20,1,1,0.839,high
MG Road,2,21,1,0,0.825,high
Whitefield,2,21,1,0,0.558,medium
Koramangala,2,21,1,0,0.508,medium
Electronic City,2,21,1,0,0.784,high
Indiranagar,2,21,1,0,0.603,medium
MG Road,2,22,1,0,0.685,high
Whitefield,2,22,1,0,0.495,medium
Koramangala,2,22,1,0,0.422,medium
Electronic City,2,22,1,0,0.579,medium
Indiranagar,2,22,1,0,0.681,high
MG Road,2,23,1,0,0.787,high
Whitefield,2,23,1,0,0.859,high
Koramangala,2,23,1,0,0.585,medium
Electronic City,2,23,1,0,0.735,high
Indiranagar,2,23,1,0,0.591,medium
MG Road,3,0,1,0,0.58,medium
Whitefield,3,0,1,0,0.436,medium
Koramangala,3,0,1,0,0.0,low
Electronic City,3,0,1,0,0.307,low
Indiranagar,3,0,1,0,0.25,low
MG Road,3,1,1,0,0.547,medium
Whitefield,3,1,1,0,0.34,low
Koramangala,3,1,1,0,0.186,low
Electronic City,3,1,1,0,0.354,medium
Indiranagar,3,1,1,0,0.115,low
MG Road,3,2,1,0,0.569,medium
Whitefield,3,2,1,0,0.234,low
Koramangala,3,2,1,0,0.0,low
Electronic City,3,2,1,0,0.462,medium
Indiranagar,3,2,1,0,0.363,medium
MG Road,3,3,1,0,0.49,medium
Whitefield,3,3,1,0,0.263,low
Koramangala,3,3,1,0,0.087,low
Electronic City,3,3,1,0,0.42,medium
Indiranagar,3,3,1,0,0.192,low
MG Road,3,4,1,0,0.443,medium
Whitefield,3,4,1,0,0.342,low
Koramangala,3,4,1,0,0.126,low
Electronic City,3,4,1,0,0.463,medium
Indiranagar,3,4,1,0,0.22,low
MG Road,3,5,1,0,0.785,high
Whitefield,3,5,1,0,0.426,medium
Koramangala,3,5,1,0,0.414,medium
Electronic City,3,5,1,0,0.864,high
Indiranagar,3,5,1,0,0.482,medium
MG Road,3,6,1,0,0.753,high
Whitefield,3,6,1,0,0.626,medium
Koramangala,3,6,1,0,0.5,medium
Electronic City,3,6,1,0,0.714,high
Indiranagar,3,6,1,0,0.545,medium
MG Road,3,7,1,0,0.642,medium
Whitefield,3,7,1,0,0.608,medium
Koramangala,3,7,1,0,0.563,medium
Electronic City,3,7,1,0,0.772,high
Indiranagar,3,7,1,0,0.598,medium
MG Road,3,8,1,1,1.0,high
Whitefield,3,8,1,1,0.849,high
Koramangala,3,8,1,1,0.585,medium
Electronic City,3,8,1,1,1.0,high
Indiranagar,3,8,1,1,0.868,high
MG Road,3,9,1,1,1.0,high
Whitefield,3,9,1,1,0.772,high
Koramangala,3,9,1,1,0.754,high
Electronic City,3,9,1,1,1.0,high
Indiranagar,3,9,1,1,0.806,high
MG Road,3,10,1,1,1.0,high
Whitefield,3,10,1,1,0.81,high
Koramangala,3,10,1,1,0.587,medium
Electronic City,3,10,1,1,0.939,high
Indiranagar,3,10,1,1,0.708,high
MG Road,3,11,1,0,0.838,high
Whitefield,3,11,1,0,0.454,medium
Koramangala,3,11,1,0,0.302,low
Electronic City,3,11,1,0,0.584,medium
Indiranagar,3,11,1,0,0.593,medium
MG Road,3,12,1,0,0.788,high
Whitefield,3,12,1,0,0.574,medium
Koramangala,3,12,1,0,0.317,low
Electronic City,3,12,1,0,0.656,high
Indiranagar,3,12,1,0,0.637,medium
MG Road,3,13,1,0,0.756,high
Whitefield,3,13,1,0,0.625,medium
Koramangala,3,13,1,0,0.329,low
Electronic City,3,13,1,0,0.764,high
Indiranagar,3,13,1,0,0.704,high
MG Road,3,14,1,0,0.847,high
Whitefield,3,14,1,0,0.567,medium
Koramangala,3,14,1,0,0.421,medium
Electronic City,3,14,1,0,0.731,high
Indiranagar,3,14,1,0,0.601,medium
MG Road,3,15,1,0,0.774,high
Whitefield,3,15,1,0,0.587,medium
Koramangala,3,15,1,0,0.417,medium
Electronic City,3,15,1,0,0.671,high
Indiranagar,3,15,1,0,0.519,medium
MG Road,3,16,1,0,0.689,high
Whitefield,3,16,1,0,0.472,medium
Koramangala,3,16,1,0,0.303,low
Electronic City,3,16,1,0,0.763,high
Indiranagar,3,16,1,0,0.529,medium
MG Road,3,17,1,1,1.0,high
Whitefield,3,17,1,1,0.853,high
Koramangala,3,17,1,1,0.493,medium
Electronic City,3,17,1,1,1.0,high
Indiranagar,3,17,1,1,0.915,high
MG Road,3,18,1,1,0.97,high
Whitefield,3,18,1,1,0.884,high
Koramangala,3,18,1,1,0.581,medium
Electronic City,3,18,1,1,1.0,high
Indiranagar,3,18,1,1,0.749,high
MG Road,3,19,1,1,0.907,high
Whitefield,3,19,1,1,0.819,high
Koramangala,3,19,1,1,0.64,medium
Electronic City,3,19,1,1,0.968,high
Indiranagar,3,19,1,1,0.755,high
MG Road,3,20,1,1,1.0,high
Whitefield,3,20,1,1,0.872,high
Koramangala,3,20,1,1,0.646,medium
Electronic City,3,20,1,1,1.0,high
Indiranagar,3,20,1,1,0.796,high
MG Road,3,21,1,0,0.894,high
Whitefield,3,21,1,0,0.506,medium
Koramangala,3,21,1,0,0.439,medium
Electronic City,3,21,1,0,0.845,high
Indiranagar,3,21,1,0,0.638,medium
MG Road,3,22,1,0,0.784,high
Whitefield,3,22,1,0,0.558,medium
Koramangala,3,22,1,0,0.483,medium
Electronic City,3,22,1,0,0.636,medium
Indiranagar,3,22,1,0,0.522,medium
MG Road,3,23,1,0,0.768,high
Whitefield,3,23,1,0,0.699,high
Koramangala,3,23,1,0,0.43,medium
Electronic City,3,23,1,0,0.673,high
Indiranagar,3,23,1,0,0.575,medium
MG Road,4,0,1,0,0.451,medium
Whitefield,4,0,1,0,0.243,low
Koramangala,4,0,1,0,0.178,low
Electronic City,4,0,1,0,0.34,low
Indiranagar,4,0,1,0,0.429,medium
MG Road,4,1,1,0,0.566,medium
Whitefield,4,1,1,0,0.387,medium
Koramangala,4,1,1,0,0.063,low
Electronic City,4,1,1,0,0.438,medium
Indiranagar,4,1,1,0,0.185,low
MG Road,4,2,1,0,0.458,medium
Whitefield,4,2,1,0,0.339,low
Koramangala,4,2,1,0,0.204,low
Electronic City,4,2,1,0,0.361,medium
Indiranagar,4,2,1,0,0.271,low
MG Road,4,3,1,0,0.488,medium
Whitefield,4,3,1,0,0.188,low
Koramangala,4,3,1,0,0.147,low
Electronic City,4,3,1,0,0.392,medium
Indiranagar,4,3,1,0,0.284,low
MG Road,4,4,1,0,0.464,medium
Whitefield,4,4,1,0,0.237,low
Koramangala,4,4,1,0,0.099,low
Electronic City,4,4,1,0,0.433,medium
Indiranagar,4,4,1,0,0.27,low
MG Road,4,5,1,0,0.742,high
Whitefield,4,5,1,0,0.626,medium
Koramangala,4,5,1,0,0.532,medium
Electronic City,4,5,1,0,0.761,high
Indiranagar,4,5,1,0,0.68,high
MG Road,4,6,1,0,0.689,high
Whitefield,4,6,1,0,0.613,medium
Koramangala,4,6,1,0,0.312,low
Electronic City,4,6,1,0,0.632,medium
Indiranagar,4,6,1,0,0.541,medium
MG Road,4,7,1,0,0.895,high
Whitefield,4,7,1,0,0.676,high
Koramangala,4,7,1,0,0.419,medium
Electronic City,4,7,1,0,0.627,medium
Indiranagar,4,7,1,0,0.584,medium
MG Road,4,8,1,1,1.0,high
Whitefield,4,8,1,1,0.864,high
Koramangala,4,8,1,1,0.502,medium
Electronic City,4,8,1,1,0.929,high
Indiranagar,4,8,1,1,0.845,high
MG Road,4,9,1,1,1.0,high
Whitefield,4,9,1,1,0.674,high
Koramangala,4,9,1,1,0.637,medium
Electronic City,4,9,1,1,1.0,high
Indiranagar,4,9,1,1,0.918,high
MG Road,4,10,1,1,1.0,high
Whitefield,4,10,1,1,0.897,high
Koramangala,4,10,1,1,0.586,medium
Electronic City,4,10,1,1,0.847,high
Indiranagar,4,10,1,1,0.819,high
MG Road,4,11,1,0,0.88,high
Whitefield,4,11,1,0,0.711,high
Koramangala,4,11,1,0,0.457,medium
Electronic City,4,11,1,0,0.784,high
Indiranagar,4,11,1,0,0.63,medium
MG Road,4,12,1,0,0.756,high
Whitefield,4,12,1,0,0.59,medium
Koramangala,4,12,1,0,0.534,medium
Electronic City,4,12,1,0,0.675,high
Indiranagar,4,12,1,0,0.729,high
MG Road,4,13,1,0,0.774,high
Whitefield,4,13,1,0,0.706,high
Koramangala,4,13,1,0,0.287,low
Electronic City,4,13,1,0,0.797,high
Indiranagar,4,13,1,0,0.541,medium
MG Road,4,14,1,0,0.687,high
Whitefield,4,14,1,0,0.617,medium
Koramangala,4,14,1,0,0.481,medium
Electronic City,4,14,1,0,0.682,high
Indiranagar,4,14,1,0,0.48,medium
MG Road,4,15,1,0,0.793,high
Whitefield,4,15,1,0,0.593,medium
Koramangala,4,15,1,0,0.444,medium
Electronic City,4,15,1,0,0.826,high
Indiranagar,4,15,1,0,0.595,medium
MG Road,4,16,1,0,0.948,high
Whitefield,4,16,1,0,0.618,medium
Koramangala,4,16,1,0,0.372,medium
Electronic City,4,16,1,0,0.621,medium
Indiranagar,4,16,1,0,0.579,medium
MG Road,4,17,1,1,1.0,high
Whitefield,4,17,1,1,0.927,high
Koramangala,4,17,1,1,0.687,high
Electronic City,4,17,1,1,0.906,high
Indiranagar,4,17,1,1,0.864,high
MG Road,4,18,1,1,1.0,high
Whitefield,4,18,1,1,0.972,high
Koramangala,4,18,1,1,0.721,high
Electronic City,4,18,1,1,1.0,high
Indiranagar,4,18,1,1,0.855,high
MG Road,4,19,1,1,1.0,high
Whitefield,4,19,1,1,0.95,high
Koramangala,4,19,1,1,0.543,medium
Electronic City,4,19,1,1,0.972,high
Indiranagar,4,19,1,1,0.788,high
MG Road,4,20,1,1,1.0,high
Whitefield,4,20,1,1,0.948,high
Koramangala,4,20,1,1,0.602,medium
Electronic City,4,20,1,1,0.809,high
Indiranagar,4,20,1,1,0.817,high
MG Road,4,21,1,0,0.873,high
Whitefield,4,21,1,0,0.643,medium
Koramangala,4,21,1,0,0.434,medium
Electronic City,4,21,1,0,0.728,high
Indiranagar,4,21,1,0,0.498,medium
MG Road,4,22,1,0,0.841,high
Whitefield,4,22,1,0,0.533,medium
Koramangala,4,22,1,0,0.575,medium
Electronic City,4,22,1,0,0.796,high
Indiranagar,4,22,1,0,0.554,medium
MG Road,4,23,1,0,0.751,high
Whitefield,4,23,1,0,0.593,medium
Koramangala,4,23,1,0,0.381,medium
Electronic City,4,23,1,0,0.839,high
Indiranagar,4,23,1,0,0.615,medium
MG Road,5,0,0,0,0.191,low
Whitefield,5,0,0,0,0.201,low
Koramangala,5,0,0,0,0.0,low
Electronic City,5,0,0,0,0.262,low
Indiranagar,5,0,0,0,0.001,low
MG Road,5,1,0,0,0.279,low
Whitefield,5,1,0,0,0.075,low
Koramangala,5,1,0,0,0.0,low
Electronic City,5,1,0,0,0.361,medium
Indiranagar,5,1,0,0,0.153,low
MG Road,5,2,0,0,0.218,low
Whitefield,5,2,0,0,0.0,low
Koramangala,5,2,0,0,0.0,low
Electronic City,5,2,0,0,0.207,low
Indiranagar,5,2,0,0,0.078,low
MG Road,5,3,0,0,0.265,low
Whitefield,5,3,0,0,0.09,low
Koramangala,5,3,0,0,0.0,low
Electronic City,5,3,0,0,0.245,low
Indiranagar,5,3,0,0,0.0,low
MG Road,5,4,0,0,0.359,medium
Whitefield,5,4,0,0,0.181,low
Koramangala,5,4,0,0,0.102,low
Electronic City,5,4,0,0,0.11,low
Indiranagar,5,4,0,0,0.069,low
MG Road,5,5,0,0,0.383,medium
Whitefield,5,5,0,0,0.394,medium
Koramangala,5,5,0,0,0.106,low
Electronic City,5,5,0,0,0.654,high
Indiranagar,5,5,0,0,0.288,low
MG Road,5,6,0,0,0.415,medium
Whitefield,5,6,0,0,0.312,low
Koramangala,5,6,0,0,0.0,low
Electronic City,5,6,0,0,0.56,medium
Indiranagar,5,6,0,0,0.185,low
MG Road,5,7,0,0,0.552,medium
Whitefield,5,7,0,0,0.184,low
Koramangala,5,7,0,0,0.124,low
Electronic City,5,7,0,0,0.631,medium
Indiranagar,5,7,0,0,0.379,medium
MG Road,5,8,0,1,0.481,medium
Whitefield,5,8,0,1,0.348,low
Koramangala,5,8,0,1,0.151,low
Electronic City,5,8,0,1,0.538,medium
Indiranagar,5,8,0,1,0.241,low
MG Road,5,9,0,1,0.597,medium
Whitefield,5,9,0,1,0.134,low
Koramangala,5,9,0,1,0.1,low
Electronic City,5,9,0,1,0.461,medium
Indiranagar,5,9,0,1,0.401,medium
MG Road,5,10,0,1,0.552,medium
Whitefield,5,10,0,1,0.238,low
Koramangala,5,10,0,1,0.071,low
Electronic City,5,10,0,1,0.516,medium
Indiranagar,5,10,0,1,0.344,low
MG Road,5,11,0,0,0.504,medium
Whitefield,5,11,0,0,0.312,low
Koramangala,5,11,0,0,0.206,low
Electronic City,5,11,0,0,0.459,medium
Indiranagar,5,11,0,0,0.343,low
MG Road,5,12,0,0,0.724,high
Whitefield,5,12,0,0,0.236,low
Koramangala,5,12,0,0,0.002,low
Electronic City,5,12,0,0,0.563,medium
Indiranagar,5,12,0,0,0.296,low
MG Road,5,13,0,0,0.525,medium
Whitefield,5,13,0,0,0.288,low
Koramangala,5,13,0,0,0.129,low
Electronic City,5,13,0,0,0.628,medium
Indiranagar,5,13,0,0,0.414,medium
MG Road,5,14,0,0,0.619,medium
Whitefield,5,14,0,0,0.237,low
Koramangala,5,14,0,0,0.058,low
Electronic City,5,14,0,0,0.273,low
Indiranagar,5,14,0,0,0.285,low
MG Road,5,15,0,0,0.627,medium
Whitefield,5,15,0,0,0.391,medium
Koramangala,5,15,0,0,0.132,low
Electronic City,5,15,0,0,0.498,medium
Indiranagar,5,15,0,0,0.295,low
MG Road,5,16,0,0,0.566,medium
Whitefield,5,16,0,0,0.411,medium
Koramangala,5,16,0,0,0.021,low
Electronic City,5,16,0,0,0.524,medium
Indiranagar,5,16,0,0,0.425,medium
MG Road,5,17,0,1,0.517,medium
Whitefield,5,17,0,1,0.406,medium
Koramangala,5,17,0,1,0.375,medium
Electronic City,5,17,0,1,0.492,medium
Indiranagar,5,17,0,1,0.381,medium
MG Road,5,18,0,1,0.491,medium
Whitefield,5,18,0,1,0.365,medium
Koramangala,5,18,0,1,0.187,low
Electronic City,5,18,0,1,0.516,medium
Indiranagar,5,18,0,1,0.268,low
MG Road,5,19,0,1,0.567,medium
Whitefield,5,19,0,1,0.467,medium
Koramangala,5,19,0,1,0.186,low
Electronic City,5,19,0,1,0.577,medium
Indiranagar,5,19,0,1,0.331,low
MG Road,5,20,0,1,0.61,medium
Whitefield,5,20,0,1,0.372,medium
Koramangala,5,20,0,1,0.074,low
Electronic City,5,20,0,1,0.525,medium
Indiranagar,5,20,0,1,0.271,low
MG Road,5,21,0,0,0.499,medium
Whitefield,5,21,0,0,0.365,medium
Koramangala,5,21,0,0,0.174,low
Electronic City,5,21,0,0,0.405,medium
Indiranagar,5,21,0,0,0.434,medium
MG Road,5,22,0,0,0.596,medium
Whitefield,5,22,0,0,0.294,low
Koramangala,5,22,0,0,0.027,low
Electronic City,5,22,0,0,0.488,medium
Indiranagar,5,22,0,0,0.314,low
MG Road,5,23,0,0,0.559,medium
Whitefield,5,23,0,0,0.321,low
Koramangala,5,23,0,0,0.0,low
Electronic City,5,23,0,0,0.469,medium
Indiranagar,5,23,0,0,0.326,low
MG Road,6,0,0,0,0.301,low
Whitefield,6,0,0,0,0.0,low
Koramangala,6,0,0,0,0.0,low
Electronic City,6,0,0,0,0.047,low
Indiranagar,6,0,0,0,0.155,low
MG Road,6,1,0,0,0.232,low
Whitefield,6,1,0,0,0.119,low
Koramangala,6,1,0,0,0.0,low
Electronic City,6,1,0,0,0.291,low
Indiranagar,6,1,0,0,0.019,low
MG Road,6,2,0,0,0.162,low
Whitefield,6,2,0,0,0.164,low
Koramangala,6,2,0,0,0.0,low
Electronic City,6,2,0,0,0.218,low
Indiranagar,6,2,0,0,0.149,low
MG Road,6,3,0,0,0.167,low
Whitefield,6,3,0,0,0.098,low
Koramangala,6,3,0,0,0.0,low
Electronic City,6,3,0,0,0.189,low
Indiranagar,6,3,0,0,0.056,low
MG Road,6,4,0,0,0.13,low
Whitefield,6,4,0,0,0.0,low
Koramangala,6,4,0,0,0.0,low
Electronic City,6,4,0,0,0.271,low
Indiranagar,6,4,0,0,0.045,low
MG Road,6,5,0,0,0.569,medium
Whitefield,6,5,0,0,0.326,low
Koramangala,6,5,0,0,0.259,low
Electronic City,6,5,0,0,0.484,medium
Indiranagar,6,5,0,0,0.369,medium
MG Road,6,6,0,0,0.642,medium
Whitefield,6,6,0,0,0.288,low
Koramangala,6,6,0,0,0.275,low
Electronic City,6,6,0,0,0.378,medium
Indiranagar,6,6,0,0,0.48,medium
MG Road,6,7,0,0,0.52,medium
Whitefield,6,7,0,0,0.331,low
Koramangala,6,7,0,0,0.0,low
Electronic City,6,7,0,0,0.464,medium
Indiranagar,6,7,0,0,0.267,low
MG Road,6,8,0,1,0.501,medium
Whitefield,6,8,0,1,0.339,low
Koramangala,6,8,0,1,0.227,low
Electronic City,6,8,0,1,0.517,medium
Indiranagar,6,8,0,1,0.375,medium
MG Road,6,9,0,1,0.462,medium
Whitefield,6,9,0,1,0.28,low
Koramangala,6,9,0,1,0.294,low
Electronic City,6,9,0,1,0.441,medium
Indiranagar,6,9,0,1,0.482,medium
MG Road,6,10,0,1,0.531,medium
Whitefield,6,10,0,1,0.35,medium
Koramangala,6,10,0,1,0.236,low
Electronic City,6,10,0,1,0.602,medium
Indiranagar,6,10,0,1,0.341,low
MG Road,6,11,0,0,0.519,medium
Whitefield,6,11,0,0,0.346,low
Koramangala,6,11,0,0,0.177,low
Electronic City,6,11,0,0,0.571,medium
Indiranagar,6,11,0,0,0.35,medium
MG Road,6,12,0,0,0.6,medium
Whitefield,6,12,0,0,0.481,medium
Koramangala,6,12,0,0,0.181,low
Electronic City,6,12,0,0,0.525,medium
Indiranagar,6,12,0,0,0.228,low
MG Road,6,13,0,0,0.34,low
Whitefield,6,13,0,0,0.381,medium
Koramangala,6,13,0,0,0.142,low
Electronic City,6,13,0,0,0.459,medium
Indiranagar,6,13,0,0,0.369,medium
MG Road,6,14,0,0,0.545,medium
Whitefield,6,14,0,0,0.44,medium
Koramangala,6,14,0,0,0.157,low
Electronic City,6,14,0,0,0.44,medium
Indiranagar,6,14,0,0,0.429,medium
MG Road,6,15,0,0,0.533,medium
Whitefield,6,15,0,0,0.392,medium
Koramangala,6,15,0,0,0.112,low
Electronic City,6,15,0,0,0.448,medium
Indiranagar,6,15,0,0,0.357,medium
MG Road,6,16,0,0,0.551,medium
Whitefield,6,16,0,0,0.388,medium
Koramangala,6,16,0,0,0.129,low
Electronic City,6,16,0,0,0.353,medium
Indiranagar,6,16,0,0,0.315,low
MG Road,6,17,0,1,0.614,medium
Whitefield,6,17,0,1,0.326,low
Koramangala,6,17,0,1,0.13,low
Electronic City,6,17,0,1,0.579,medium
Indiranagar,6,17,0,1,0.293,low
MG Road,6,18,0,1,0.427,medium
Whitefield,6,18,0,1,0.337,low
Koramangala,6,18,0,1,0.111,low
Electronic City,6,18,0,1,0.423,medium
Indiranagar,6,18,0,1,0.336,low
MG Road,6,19,0,1,0.589,medium
Whitefield,6,19,0,1,0.349,low
Koramangala,6,19,0,1,0.175,low
Electronic City,6,19,0,1,0.645,medium
Indiranagar,6,19,0,1,0.323,low
MG Road,6,20,0,1,0.572,medium
Whitefield,6,20,0,1,0.309,low
Koramangala,6,20,0,1,0.082,low
Electronic City,6,20,0,1,0.453,medium
Indiranagar,6,20,0,1,0.312,low
MG Road,6,21,0,0,0.579,medium
Whitefield,6,21,0,0,0.538,medium
Koramangala,6,21,0,0,0.093,low
Electronic City,6,21,0,0,0.467,medium
Indiranagar,6,21,0,0,0.345,low
MG Road,6,22,0,0,0.582,medium
Whitefield,6,22,0,0,0.371,medium
Koramangala,6,22,0,0,0.253,low
Electronic City,6,22,0,0,0.306,low
Indiranagar,6,22,0,0,0.159,low
MG Road,6,23,0,0,0.51,medium
Whitefield,6,23,0,0,0.438,medium
Koramangala,6,23,0,0,0.025,low
Electronic City,6,23,0,0,0.259,low
Indiranagar,6,23,0,0,0.396,medium
MG Road,0,0,1,0,0.519,medium
Whitefield,0,0,1,0,0.213,low
Koramangala,0,0,1,0,0.021,low
Electronic City,0,0,1,0,0.372,medium
Indiranagar,0,0,1,0,0.309,low
MG Road,0,1,1,0,0.45,medium
Whitefield,0,1,1,0,0.34,low
Koramangala,0,1,1,0,0.0,low
Electronic City,0,1,1,0,0.381,medium
Indiranagar,0,1,1,0,0.21,low
MG Road,0,2,1,0,0.479,medium
Whitefield,0,2,1,0,0.257,low
Koramangala,0,2,1,0,0.164,low
Electronic City,0,2,1,0,0.301,low
Indiranagar,0,2,1,0,0.304,low
MG Road,0,3,1,0,0.545,medium
Whitefield,0,3,1,0,0.449,medium
Koramangala,0,3,1,0,0.061,low
Electronic City,0,3,1,0,0.476,medium
Indiranagar,0,3,1,0,0.156,low
MG Road,0,4,1,0,0.309,low
Whitefield,0,4,1,0,0.368,medium
Koramangala,0,4,1,0,0.1,low
Electronic City,0,4,1,0,0.544,medium
Indiranagar,0,4,1,0,0.19,low
MG Road,0,5,1,0,0.842,high
Whitefield,0,5,1,0,0.75,high
Koramangala,0,5,1,0,0.434,medium
Electronic City,0,5,1,0,0.772,high
Indiranagar,0,5,1,0,0.601,medium
MG Road,0,6,1,0,0.674,high
Whitefield,0,6,1,0,0.708,high
Koramangala,0,6,1,0,0.351,medium
Electronic City,0,6,1,0,0.79,high
Indiranagar,0,6,1,0,0.475,medium
MG Road,0,7,1,0,0.706,high
Whitefield,0,7,1,0,0.715,high
Koramangala,0,7,1,0,0.372,medium
Electronic City,0,7,1,0,0.866,high
Indiranagar,0,7,1,0,0.594,medium
MG Road,0,8,1,1,0.903,high
Whitefield,0,8,1,1,0.921,high
Koramangala,0,8,1,1,0.603,medium
Electronic City,0,8,1,1,1.0,high
Indiranagar,0,8,1,1,0.852,high
MG Road,0,9,1,1,0.927,high
Whitefield,0,9,1,1,0.863,high
Koramangala,0,9,1,1,0.826,high
Electronic City,0,9,1,1,1.0,high
Indiranagar,0,9,1,1,0.845,high
MG Road,0,10,1,1,1.0,high
Whitefield,0,10,1,1,0.867,high
Koramangala,0,10,1,1,0.667,high
Electronic City,0,10,1,1,0.913,high
Indiranagar,0,10,1,1,0.869,high
MG Road,0,11,1,0,0.883,high
Whitefield,0,11,1,0,0.533,medium
Koramangala,0,11,1,0,0.514,medium
Electronic City,0,11,1,0,0.743,high
Indiranagar,0,11,1,0,0.529,medium
MG Road,0,12,1,0,0.88,high
Whitefield,0,12,1,0,0.577,medium
Koramangala,0,12,1,0,0.461,medium
Electronic City,0,12,1,0,0.727,high
Indiranagar,0,12,1,0,0.595,medium
MG Road,0,13,1,0,0.839,high
Whitefield,0,13,1,0,0.623,medium
Koramangala,0,13,1,0,0.24,low
Electronic City,0,13,1,0,0.66,high
Indiranagar,0,13,1,0,0.674,high
MG Road,0,14,1,0,0.789,high
Whitefield,0,14,1,0,0.558,medium
Koramangala,0,14,1,0,0.291,low
Electronic City,0,14,1,0,0.664,high
Indiranagar,0,14,1,0,0.438,medium
MG Road,0,15,1,0,0.792,high
Whitefield,0,15,1,0,0.552,medium
Koramangala,0,15,1,0,0.323,low
Electronic City,0,15,1,0,0.745,high
Indiranagar,0,15,1,0,0.629,medium
MG Road,0,16,1,0,0.967,high
Whitefield,0,16,1,0,0.479,medium
Koramangala,0,16,1,0,0.493,medium
Electronic City,0,16,1,0,0.828,high
Indiranagar,0,16,1,0,0.538,medium
MG Road,0,17,1,1,1.0,high
Whitefield,0,17,1,1,0.813,high
Koramangala,0,17,1,1,0.665,high
Electronic City,0,17,1,1,1.0,high
Indiranagar,0,17,1,1,0.898,high
MG Road,0,18,1,1,1.0,high
Whitefield,0,18,1,1,0.816,high
Koramangala,0,18,1,1,0.531,medium
Electronic City,0,18,1,1,0.983,high
Indiranagar,0,18,1,1,0.947,high
MG Road,0,19,1,1,0.928,high
Whitefield,0,19,1,1,0.766,high
Koramangala,0,19,1,1,0.66,high
Electronic City,0,19,1,1,0.921,high
Indiranagar,0,19,1,1,0.787,high
MG Road,0,20,1,1,1.0,high
Whitefield,0,20,1,1,0.741,high
Koramangala,0,20,1,1,0.572,medium
Electronic City,0,20,1,1,1.0,high
Indiranagar,0,20,1,1,0.745,high
MG Road,0,21,1,0,0.672,high
Whitefield,0,21,1,0,0.55,medium
Koramangala,0,21,1,0,0.459,medium
Electronic City,0,21,1,0,0.734,high
Indiranagar,0,21,1,0,0.563,medium
MG Road,0,22,1,0,0.804,high
Whitefield,0,22,1,0,0.46,medium
Koramangala,0,22,1,0,0.44,medium
Electronic City,0,22,1,0,0.781,high
Indiranagar,0,22,1,0,0.567,medium
MG Road,0,23,1,0,0.88,high
Whitefield,0,23,1,0,0.51,medium
Koramangala,0,23,1,0,0.49,medium
Electronic City,0,23,1,0,0.762,high
Indiranagar,0,23,1,0,0.573,medium
MG Road,1,0,1,0,0.498,medium
Whitefield,1,0,1,0,0.291,low
Koramangala,1,0,1,0,0.198,low
Electronic City,1,0,1,0,0.364,medium
Indiranagar,1,0,1,0,0.239,low
MG Road,1,1,1,0,0.583,medium
Whitefield,1,1,1,0,0.252,low
Koramangala,1,1,1,0,0.172,low
Electronic City,1,1,1,0,0.586,medium
Indiranagar,1,1,1,0,0.268,low
MG Road,1,2,1,0,0.555,medium
Whitefield,1,2,1,0,0.208,low
Koramangala,1,2,1,0,0.16,low
Electronic City,1,2,1,0,0.466,medium
Indiranagar,1,2,1,0,0.338,low
MG Road,1,3,1,0,0.448,medium
Whitefield,1,3,1,0,0.167,low
Koramangala,1,3,1,0,0.14,low
Electronic City,1,3,1,0,0.285,low
Indiranagar,1,3,1,0,0.275,low
MG Road,1,4,1,0,0.575,medium
Whitefield,1,4,1,0,0.315,low
Koramangala,1,4,1,0,0.256,low
Electronic City,1,4,1,0,0.532,medium
Indiranagar,1,4,1,0,0.248,low
MG Road,1,5,1,0,0.802,high
Whitefield,1,5,1,0,0.596,medium
Koramangala,1,5,1,0,0.273,low
Electronic City,1,5,1,0,0.675,high
Indiranagar,1,5,1,0,0.555,medium
MG Road,1,6,1,0,0.637,medium
Whitefield,1,6,1,0,0.604,medium
Koramangala,1,6,1,0,0.38,medium
Electronic City,1,6,1,0,0.616,medium
Indiranagar,1,6,1,0,0.632,medium
MG Road,1,7,1,0,0.857,high
Whitefield,1,7,1,0,0.618,medium
Koramangala,1,7,1,0,0.374,medium
Electronic City,1,7,1,0,0.797,high
Indiranagar,1,7,1,0,0.654,high
MG Road,1,8,1,1,1.0,high
Whitefield,1,8,1,1,0.784,high
Koramangala,1,8,1,1,0.672,high
Electronic City,1,8,1,1,1.0,high
Indiranagar,1,8,1,1,0.802,high
MG Road,1,9,1,1,1.0,high
Whitefield,1,9,1,1,0.808,high
Koramangala,1,9,1,1,0.653,high
Electronic City,1,9,1,1,0.946,high
Indiranagar,1,9,1,1,0.868,high
MG Road,1,10,1,1,0.911,high
Whitefield,1,10,1,1,0.806,high
Koramangala,1,10,1,1,0.563,medium
Electronic City,1,10,1,1,1.0,high
Indiranagar,1,10,1,1,0.93,high
MG Road,1,11,1,0,0.852,high
Whitefield,1,11,1,0,0.41,medium
Koramangala,1,11,1,0,0.563,medium
Electronic City,1,11,1,0,0.774,high
Indiranagar,1,11,1,0,0.538,medium
MG Road,1,12,1,0,0.813,high
Whitefield,1,12,1,0,0.614,medium
Koramangala,1,12,1,0,0.347,low
Electronic City,1,12,1,0,0.766,high
Indiranagar,1,12,1,0,0.551,medium
MG Road,1,13,1,0,0.768,high
Whitefield,1,13,1,0,0.545,medium
Koramangala,1,13,1,0,0.285,low
Electronic City,1,13,1,0,0.762,high
Indiranagar,1,13,1,0,0.647,medium
MG Road,1,14,1,0,0.841,high
Whitefield,1,14,1,0,0.666,high
Koramangala,1,14,1,0,0.426,medium
Electronic City,1,14,1,0,0.707,high
Indiranagar,1,14,1,0,0.667,high
MG Road,1,15,1,0,0.691,high
Whitefield,1,15,1,0,0.528,medium
Koramangala,1,15,1,0,0.323,low
Electronic City,1,15,1,0,0.836,high
Indiranagar,1,15,1,0,0.675,high
MG Road,1,16,1,0,0.839,high
Whitefield,1,16,1,0,0.686,high
Koramangala,1,16,1,0,0.33,low
Electronic City,1,16,1,0,0.778,high
Indiranagar,1,16,1,0,0.59,medium
MG Road,1,17,1,1,1.0,high
Whitefield,1,17,1,1,0.841,high
Koramangala,1,17,1,1,0.619,medium
Electronic City,1,17,1,1,1.0,high
Indiranagar,1,17,1,1,0.92,high
MG Road,1,18,1,1,0.997,high
Whitefield,1,18,1,1,0.845,high
Koramangala,1,18,1,1,0.565,medium
Electronic City,1,18,1,1,0.8,high
Indiranagar,1,18,1,1,0.866,high
MG Road,1,19,1,1,1.0,high
Whitefield,1,19,1,1,0.871,high
Koramangala,1,19,1,1,0.494,medium
Electronic City,1,19,1,1,0.972,high
Indiranagar,1,19,1,1,0.673,high
MG Road,1,20,1,1,1.0,high
Whitefield,1,20,1,1,0.763,high
Koramangala,1,20,1,1,0.75,high
Electronic City,1,20,1,1,1.0,high
Indiranagar,1,20,1,1,0.778,high
MG Road,1,21,1,0,0.709,high
Whitefield,1,21,1,0,0.628,medium
Koramangala,1,21,1,0,0.332,low
Electronic City,1,21,1,0,0.758,high
Indiranagar,1,21,1,0,0.561,medium
MG Road,1,22,1,0,0.658,high
Whitefield,1,22,1,0,0.422,medium
Koramangala,1,22,1,0,0.418,medium
Electronic City,1,22,1,0,0.705,high
Indiranagar,1,22,1,0,0.556,medium
MG Road,1,23,1,0,0.856,high
Whitefield,1,23,1,0,0.694,high
Koramangala,1,23,1,0,0.378,medium
Electronic City,1,23,1,0,0.723,high
Indiranagar,1,23,1,0,0.64,medium
MG Road,2,0,1,0,0.391,medium
Whitefield,2,0,1,0,0.318,low
Koramangala,2,0,1,0,0.144,low
Electronic City,2,0,1,0,0.504,medium
Indiranagar,2,0,1,0,0.145,low
MG Road,2,1,1,0,0.439,medium
Whitefield,2,1,1,0,0.23,low
Koramangala,2,1,1,0,0.108,low
Electronic City,2,1,1,0,0.488,medium
Indiranagar,2,1,1,0,0.42,medium
MG Road,2,2,1,0,0.46,medium
Whitefield,2,2,1,0,0.26,low
Koramangala,2,2,1,0,0.192,low
Electronic City,2,2,1,0,0.474,medium
Indiranagar,2,2,1,0,0.401,medium
MG Road,2,3,1,0,0.523,medium
Whitefield,2,3,1,0,0.207,low
Koramangala,2,3,1,0,0.0,low
Electronic City,2,3,1,0,0.326,low
Indiranagar,2,3,1,0,0.353,medium
MG Road,2,4,1,0,0.595,medium
Whitefield,2,4,1,0,0.448,medium
Koramangala,2,4,1,0,0.167,low
Electronic City,2,4,1,0,0.543,medium
Indiranagar,2,4,1,0,0.254,low
MG Road,2,5,1,0,0.707,high
Whitefield,2,5,1,0,0.668,high
Koramangala,2,5,1,0,0.433,medium
Electronic City,2,5,1,0,0.759,high
Indiranagar,2,5,1,0,0.631,medium
MG Road,2,6,1,0,0.826,high
Whitefield,2,6,1,0,0.703,high
Koramangala,2,6,1,0,0.504,medium
Electronic City,2,6,1,0,0.794,high
Indiranagar,2,6,1,0,0.668,high
MG Road,2,7,1,0,0.841,high
Whitefield,2,7,1,0,0.563,medium
Koramangala,2,7,1,0,0.461,medium
Electronic City,2,7,1,0,0.638,medium
Indiranagar,2,7,1,0,0.684,high
MG Road,2,8,1,1,0.954,high
Whitefield,2,8,1,1,0.873,high
Koramangala,2,8,1,1,0.582,medium
Electronic City,2,8,1,1,1.0,high
Indiranagar,2,8,1,1,0.847,high
MG Road,2,9,1,1,0.922,high
Whitefield,2,9,1,1,0.884,high
Koramangala,2,9,1,1,0.604,medium
Electronic City,2,9,1,1,1.0,high
Indiranagar,2,9,1,1,0.85,high
MG Road,2,10,1,1,1.0,high
Whitefield,2,10,1,1,0.773,high
Koramangala,2,10,1,1,0.603,medium
Electronic City,2,10,1,1,0.963,high
Indiranagar,2,10,1,1,0.919,high
MG Road,2,11,1,0,0.934,high
Whitefield,2,11,1,0,0.536,medium
Koramangala,2,11,1,0,0.486,medium
Electronic City,2,11,1,0,0.576,medium
Indiranagar,2,11,1,0,0.504,medium
MG Road,2,12,1,0,0.723,high
Whitefield,2,12,1,0,0.492,medium
Koramangala,2,12,1,0,0.273,low
Electronic City,2,12,1,0,0.783,high
Indiranagar,2,12,1,0,0.583,medium
MG Road,2,13,1,0,0.83,high
Whitefield,2,13,1,0,0.655,high
Koramangala,2,13,1,0,0.421,medium
Electronic City,2,13,1,0,0.803,high
Indiranagar,2,13,1,0,0.594,medium
MG Road,2,14,1,0,0.705,high
Whitefield,2,14,1,0,0.685,high
Koramangala,2,14,1,0,0.353,medium
Electronic City,2,14,1,0,0.675,high
Indiranagar,2,14,1,0,0.586,medium
MG Road,2,15,1,0,0.727,high
Whitefield,2,15,1,0,0.567,medium
Koramangala,2,15,1,0,0.428,medium
Electronic City,2,15,1,0,0.778,high
Indiranagar,2,15,1,0,0.528,medium
MG Road,2,16,1,0,0.761,high
Whitefield,2,16,1,0,0.686,high
Koramangala,2,16,1,0,0.44,medium
Electronic City,2,16,1,0,0.916,high
Indiranagar,2,16,1,0,0.694,high
MG Road,2,17,1,1,1.0,high
Whitefield,2,17,1,1,0.739,high
Koramangala,2,17,1,1,0.711,high
Electronic City,2,17,1,1,0.996,high
Indiranagar,2,17,1,1,0.806,high
MG Road,2,18,1,1,1.0,high
Whitefield,2,18,1,1,0.926,high
Koramangala,2,18,1,1,0.69,high
Electronic City,2,18,1,1,0.93,high
Indiranagar,2,18,1,1,0.909,high
MG Road,2,19,1,1,0.999,high
Whitefield,2,19,1,1,0.867,high
Koramangala,2,19,1,1,0.626,medium
Electronic City,2,19,1,1,0.982,high
Indiranagar,2,19,1,1,0.911,high
MG Road,2,20,1,1,0.967,high
Whitefield,2,20,1,1,1.0,high
Koramangala,2,20,1,1,0.504,medium
Electronic City,2,20,1,1,0.952,high
Indiranagar,2,20,1,1,0.88,high
MG Road,2,21,1,0,0.847,high
Whitefield,2,21,1,0,0.592,medium
Koramangala,2,21,1,0,0.395,medium
Electronic City,2,21,1,0,0.783,high
Indiranagar,2,21,1,0,0.582,medium
MG Road,2,22,1,0,0.911,high
Whitefield,2,22,1,0,0.667,high
Koramangala,2,22,1,0,0.47,medium
Electronic City,2,22,1,0,0.673,high
Indiranagar,2,22,1,0,0.594,medium
MG Road,2,23,1,0,0.776,high
Whitefield,2,23,1,0,0.52,medium
Koramangala,2,23,1,0,0.429,medium
Electronic City,2,23,1,0,0.707,high
Indiranagar,2,23,1,0,0.652,high
MG Road,3,0,1,0,0.414,medium
Whitefield,3,0,1,0,0.438,medium
Koramangala,3,0,1,0,0.028,low
Electronic City,3,0,1,0,0.468,medium
Indiranagar,3,0,1,0,0.363,medium
MG Road,3,1,1,0,0.454,medium
Whitefield,3,1,1,0,0.368,medium
Koramangala,3,1,1,0,0.002,low
Electronic City,3,1,1,0,0.566,medium
Indiranagar,3,1,1,0,0.301,low
MG Road,3,2,1,0,0.452,medium
Whitefield,3,2,1,0,0.276,low
Koramangala,3,2,1,0,0.165,low
Electronic City,3,2,1,0,0.403,medium
Indiranagar,3,2,1,0,0.24,low
MG Road,3,3,1,0,0.482,medium
Whitefield,3,3,1,0,0.206,low
Koramangala,3,3,1,0,0.246,low
Electronic City,3,3,1,0,0.405,medium
Indiranagar,3,3,1,0,0.367,medium
MG Road,3,4,1,0,0.517,medium
Whitefield,3,4,1,0,0.221,low
Koramangala,3,4,1,0,0.1,low
Electronic City,3,4,1,0,0.513,medium
Indiranagar,3,4,1,0,0.285,low
MG Road,3,5,1,0,0.895,high
Whitefield,3,5,1,0,0.682,high
Koramangala,3,5,1,0,0.474,medium
Electronic City,3,5,1,0,0.713,high
Indiranagar,3,5,1,0,0.514,medium
MG Road,3,6,1,0,0.751,high
Whitefield,3,6,1,0,0.616,medium
Koramangala,3,6,1,0,0.444,medium
Electronic City,3,6,1,0,0.576,medium
Indiranagar,3,6,1,0,0.599,medium
MG Road,3,7,1,0,0.813,high
Whitefield,3,7,1,0,0.578,medium
Koramangala,3,7,1,0,0.503,medium
Electronic City,3,7,1,0,0.784,high
Indiranagar,3,7,1,0,0.705,high
MG Road,3,8,1,1,1.0,high
Whitefield,3,8,1,1,0.925,high
Koramangala,3,8,1,1,0.781,high
Electronic City,3,8,1,1,1.0,high
Indiranagar,3,8,1,1,0.763,high
MG Road,3,9,1,1,1.0,high
Whitefield,3,9,1,1,0.822,high
Koramangala,3,9,1,1,0.689,high
Electronic City,3,9,1,1,1.0,high
Indiranagar,3,9,1,1,0.783,high
MG Road,3,10,1,1,1.0,high
Whitefield,3,10,1,1,0.688,high
Koramangala,3,10,1,1,0.765,high
Electronic City,3,10,1,1,0.959,high
Indiranagar,3,10,1,1,0.854,high
MG Road,3,11,1,0,0.775,high
Whitefield,3,11,1,0,0.692,high
Koramangala,3,11,1,0,0.173,low
Electronic City,3,11,1,0,0.749,high
Indiranagar,3,11,1,0,0.592,medium
MG Road,3,12,1,0,0.764,high
Whitefield,3,12,1,0,0.738,high
Koramangala,3,12,1,0,0.329,low
Electronic City,3,12,1,0,0.812,high
Indiranagar,3,12,1,0,0.629,medium
MG Road,3,13,1,0,0.901,high
Whitefield,3,13,1,0,0.547,medium
Koramangala,3,13,1,0,0.341,low
Electronic City,3,13,1,0,0.838,high
Indiranagar,3,13,1,0,0.634,medium
MG Road,3,14,1,0,0.676,high
Whitefield,3,14,1,0,0.557,medium
Koramangala,3,14,1,0,0.431,medium
Electronic City,3,14,1,0,0.817,high
Indiranagar,3,14,1,0,0.546,medium
MG Road,3,15,1,0,0.567,medium
Whitefield,3,15,1,0,0.642,medium
Koramangala,3,15,1,0,0.302,low
Electronic City,3,15,1,0,0.589,medium
Indiranagar,3,15,1,0,0.373,medium
MG Road,3,16,1,0,0.865,high
Whitefield,3,16,1,0,0.61,medium
Koramangala,3,16,1,0,0.382,medium
Electronic City,3,16,1,0,0.861,high
Indiranagar,3,16,1,0,0.651,high
MG Road,3,17,1,1,1.0,high
Whitefield,3,17,1,1,0.739,high
Koramangala,3,17,1,1,0.647,medium
Electronic City,3,17,1,1,0.871,high
Indiranagar,3,17,1,1,0.832,high
MG Road,3,18,1,1,1.0,high
Whitefield,3,18,1,1,0.9,high
Koramangala,3,18,1,1,0.654,high
Electronic City,3,18,1,1,1.0,high
Indiranagar,3,18,1,1,0.906,high
MG Road,3,19,1,1,1.0,high
Whitefield,3,19,1,1,0.825,high
Koramangala,3,19,1,1,0.575,medium
Electronic City,3,19,1,1,1.0,high
Indiranagar,3,19,1,1,0.786,high
MG Road,3,20,1,1,1.0,high
Whitefield,3,20,1,1,0.827,high
Koramangala,3,20,1,1,0.605,medium
Electronic City,3,20,1,1,0.962,high
Indiranagar,3,20,1,1,0.907,high
MG Road,3,21,1,0,0.787,high
Whitefield,3,21,1,0,0.549,medium
Koramangala,3,21,1,0,0.533,medium
Electronic City,3,21,1,0,0.682,high
Indiranagar,3,21,1,0,0.603,medium
MG Road,3,22,1,0,0.852,high
Whitefield,3,22,1,0,0.469,medium
Koramangala,3,22,1,0,0.438,medium
Electronic City,3,22,1,0,0.666,high
Indiranagar,3,22,1,0,0.666,high
MG Road,3,23,1,0,0.723,high
Whitefield,3,23,1,0,0.655,high
Koramangala,3,23,1,0,0.488,medium
Electronic City,3,23,1,0,0.819,high
Indiranagar,3,23,1,0,0.62,medium
MG Road,4,0,1,0,0.481,medium
Whitefield,4,0,1,0,0.254,low
Koramangala,4,0,1,0,0.218,low
Electronic City,4,0,1,0,0.394,medium
Indiranagar,4,0,1,0,0.217,low
MG Road,4,1,1,0,0.553,medium
Whitefield,4,1,1,0,0.236,low
Koramangala,4,1,1,0,0.024,low
Electronic City,4,1,1,0,0.335,low
Indiranagar,4,1,1,0,0.261,low
MG Road,4,2,1,0,0.493,medium
Whitefield,4,2,1,0,0.319,low
Koramangala,4,2,1,0,0.176,low
Electronic City,4,2,1,0,0.492,medium
Indiranagar,4,2,1,0,0.285,low
MG Road,4,3,1,0,0.484,medium
Whitefield,4,3,1,0,0.341,low
Koramangala,4,3,1,0,0.202,low
Electronic City,4,3,1,0,0.46,medium
Indiranagar,4,3,1,0,0.262,low
MG Road,4,4,1,0,0.421,medium
Whitefield,4,4,1,0,0.184,low
Koramangala,4,4,1,0,0.153,low
Electronic City,4,4,1,0,0.496,medium
Indiranagar,4,4,1,0,0.346,low
MG Road,4,5,1,0,0.79,high
Whitefield,4,5,1,0,0.713,high
Koramangala,4,5,1,0,0.361,medium
Electronic City,4,5,1,0,0.826,high
Indiranagar,4,5,1,0,0.597,medium
MG Road,4,6,1,0,0.751,high
Whitefield,4,6,1,0,0.647,medium
Koramangala,4,6,1,0,0.433,medium
Electronic City,4,6,1,0,0.779,high
Indiranagar,4,6,1,0,0.607,medium
MG Road,4,7,1,0,0.797,high
Whitefield,4,7,1,0,0.791,high
Koramangala,4,7,1,0,0.495,medium
Electronic City,4,7,1,0,0.808,high
Indiranagar,4,7,1,0,0.609,medium
MG Road,4,8,1,1,1.0,high
Whitefield,4,8,1,1,0.891,high
Koramangala,4,8,1,1,0.652,high
Electronic City,4,8,1,1,0.976,high
Indiranagar,4,8,1,1,0.844,high
MG Road,4,9,1,1,0.796,high
Whitefield,4,9,1,1,0.867,high
Koramangala,4,9,1,1,0.611,medium
Electronic City,4,9,1,1,1.0,high
Indiranagar,4,9,1,1,0.852,high
MG Road,4,10,1,1,0.955,high
Whitefield,4,10,1,1,0.846,high
Koramangala,4,10,1,1,0.566,medium
Electronic City,4,10,1,1,1.0,high
Indiranagar,4,10,1,1,0.873,high
MG Road,4,11,1,0,0.877,high
Whitefield,4,11,1,0,0.537,medium
Koramangala,4,11,1,0,0.403,medium
Electronic City,4,11,1,0,0.641,medium
Indiranagar,4,11,1,0,0.656,high
MG Road,4,12,1,0,0.842,high
Whitefield,4,12,1,0,0.64,medium
Koramangala,4,12,1,0,0.4,medium
Electronic City,4,12,1,0,0.783,high
Indiranagar,4,12,1,0,0.728,high
MG Road,4,13,1,0,0.777,high
Whitefield,4,13,1,0,0.611,medium
Koramangala,4,13,1,0,0.313,low
Electronic City,4,13,1,0,0.681,high
Indiranagar,4,13,1,0,0.608,medium
MG Road,4,14,1,0,0.888,high
Whitefield,4,14,1,0,0.579,medium
Koramangala,4,14,1,0,0.381,medium
Electronic City,4,14,1,0,0.717,high
Indiranagar,4,14,1,0,0.557,medium
MG Road,4,15,1,0,0.824,high
Whitefield,4,15,1,0,0.48,medium
Koramangala,4,15,1,0,0.502,medium
Electronic City,4,15,1,0,0.697,high
Indiranagar,4,15,1,0,0.658,high
MG Road,4,16,1,0,0.698,high
Whitefield,4,16,1,0,0.654,high
Koramangala,4,16,1,0,0.454,medium
Electronic City,4,16,1,0,0.781,high
Indiranagar,4,16,1,0,0.52,medium
MG Road,4,17,1,1,1.0,high
Whitefield,4,17,1,1,0.755,high
Koramangala,4,17,1,1,0.63,medium
Electronic City,4,17,1,1,1.0,high
Indiranagar,4,17,1,1,0.914,high
MG Road,4,18,1,1,1.0,high
Whitefield,4,18,1,1,0.772,high
Koramangala,4,18,1,1,0.702,high
Electronic City,4,18,1,1,1.0,high
Indiranagar,4,18,1,1,0.664,high
MG Road,4,19,1,1,1.0,high
Whitefield,4,19,1,1,0.848,high
Koramangala,4,19,1,1,0.746,high
Electronic City,4,19,1,1,0.912,high
Indiranagar,4,19,1,1,0.596,medium
MG Road,4,20,1,1,1.0,high
Whitefield,4,20,1,1,0.873,high
Koramangala,4,20,1,1,0.515,medium
Electronic City,4,20,1,1,0.922,high
Indiranagar,4,20,1,1,1.0,high
MG Road,4,21,1,0,0.776,high
Whitefield,4,21,1,0,0.658,high
Koramangala,4,21,1,0,0.348,low
Electronic City,4,21,1,0,0.583,medium
Indiranagar,4,21,1,0,0.586,medium
MG Road,4,22,1,0,0.779,high
Whitefield,4,22,1,0,0.568,medium
Koramangala,4,22,1,0,0.391,medium
Electronic City,4,22,1,0,0.771,high
Indiranagar,4,22,1,0,0.588,medium
MG Road,4,23,1,0,0.699,high
Whitefield,4,23,1,0,0.639,medium
Koramangala,4,23,1,0,0.244,low
Electronic City,4,23,1,0,0.586,medium
Indiranagar,4,23,1,0,0.659,high
MG Road,5,0,0,0,0.291,low
Whitefield,5,0,0,0,0.045,low
Koramangala,5,0,0,0,0.0,low
Electronic City,5,0,0,0,0.143,low
Indiranagar,5,0,0,0,0.029,low
MG Road,5,1,0,0,0.122,low
Whitefield,5,1,0,0,0.0,low
Koramangala,5,1,0,0,0.0,low
Electronic City,5,1,0,0,0.314,low
Indiranagar,5,1,0,0,0.016,low
MG Road,5,2,0,0,0.311,low
Whitefield,5,2,0,0,0.0,low
Koramangala,5,2,0,0,0.0,low
Electronic City,5,2,0,0,0.136,low
Indiranagar,5,2,0,0,0.075,low
MG Road,5,3,0,0,0.23,low
Whitefield,5,3,0,0,0.156,low
Koramangala,5,3,0,0,0.0,low
Electronic City,5,3,0,0,0.25,low
Indiranagar,5,3,0,0,0.028,low
MG Road,5,4,0,0,0.237,low
Whitefield,5,4,0,0,0.035,low
Koramangala,5,4,0,0,0.0,low
Electronic City,5,4,0,0,0.199,low
Indiranagar,5,4,0,0,0.045,low
MG Road,5,5,0,0,0.569,medium
Whitefield,5,5,0,0,0.357,medium
Koramangala,5,5,0,0,0.214,low
Electronic City,5,5,0,0,0.574,medium
Indiranagar,5,5,0,0,0.266,low
MG Road,5,6,0,0,0.62,medium
Whitefield,5,6,0,0,0.255,low
Koramangala,5,6,0,0,0.197,low
Electronic City,5,6,0,0,0.55,medium
Indiranagar,5,6,0,0,0.197,low
MG Road,5,7,0,0,0.557,medium
Whitefield,5,7,0,0,0.313,low
Koramangala,5,7,0,0,0.089,low
Electronic City,5,7,0,0,0.608,medium
Indiranagar,5,7,0,0,0.298,low
MG Road,5,8,0,1,0.485,medium
Whitefield,5,8,0,1,0.356,medium
Koramangala,5,8,0,1,0.205,low
Electronic City,5,8,0,1,0.489,medium
Indiranagar,5,8,0,1,0.443,medium
MG Road,5,9,0,1,0.592,medium
Whitefield,5,9,0,1,0.176,low
Koramangala,5,9,0,1,0.108,low
Electronic City,5,9,0,1,0.455,medium
Indiranagar,5,9,0,1,0.388,medium
MG Road,5,10,0,1,0.34,low
Whitefield,5,10,0,1,0.554,medium
Koramangala,5,10,0,1,0.192,low
Electronic City,5,10,0,1,0.512,medium
Indiranagar,5,10,0,1,0.445,medium
MG Road,5,11,0,0,0.737,high
Whitefield,5,11,0,0,0.42,medium
Koramangala,5,11,0,0,0.226,low
Electronic City,5,11,0,0,0.51,medium
Indiranagar,5,11,0,0,0.339,low
MG Road,5,12,0,0,0.512,medium
Whitefield,5,12,0,0,0.284,low
Koramangala,5,12,0,0,0.095,low
Electronic City,5,12,0,0,0.392,medium
Indiranagar,5,12,0,0,0.344,low
MG Road,5,13,0,0,0.415,medium
Whitefield,5,13,0,0,0.365,medium
Koramangala,5,13,0,0,0.147,low
Electronic City,5,13,0,0,0.512,medium
Indiranagar,5,13,0,0,0.308,low
MG Road,5,14,0,0,0.796,high
Whitefield,5,14,0,0,0.459,medium
Koramangala,5,14,0,0,0.05,low
Electronic City,5,14,0,0,0.519,medium
Indiranagar,5,14,0,0,0.301,low
MG Road,5,15,0,0,0.469,medium
Whitefield,5,15,0,0,0.243,low
Koramangala,5,15,0,0,0.185,low
Electronic City,5,15,0,0,0.445,medium
Indiranagar,5,15,0,0,0.427,medium
MG Road,5,16,0,0,0.63,medium
Whitefield,5,16,0,0,0.46,medium
Koramangala,5,16,0,0,0.082,low
Electronic City,5,16,0,0,0.538,medium
Indiranagar,5,16,0,0,0.401,medium
MG Road,5,17,0,1,0.512,medium
Whitefield,5,17,0,1,0.288,low
Koramangala,5,17,0,1,0.279,low
Electronic City,5,17,0,1,0.518,medium
Indiranagar,5,17,0,1,0.401,medium
MG Road,5,18,0,1,0.484,medium
Whitefield,5,18,0,1,0.252,low
Koramangala,5,18,0,1,0.104,low
Electronic City,5,18,0,1,0.49,medium
Indiranagar,5,18,0,1,0.265,low
MG Road,5,19,0,1,0.549,medium
Whitefield,5,19,0,1,0.215,low
Koramangala,5,19,0,1,0.06,low
Electronic City,5,19,0,1,0.554,medium
Indiranagar,5,19,0,1,0.398,medium
MG Road,5,20,0,1,0.519,medium
Whitefield,5,20,0,1,0.269,low
Koramangala,5,20,0,1,0.068,low
Electronic City,5,20,0,1,0.47,medium
Indiranagar,5,20,0,1,0.402,medium
MG Road,5,21,0,0,0.624,medium
Whitefield,5,21,0,0,0.31,low
Koramangala,5,21,0,0,0.058,low
Electronic City,5,21,0,0,0.521,medium
Indiranagar,5,21,0,0,0.284,low
MG Road,5,22,0,0,0.509,medium
Whitefield,5,22,0,0,0.456,medium
Koramangala,5,22,0,0,0.216,low
Electronic City,5,22,0,0,0.513,medium
Indiranagar,5,22,0,0,0.248,low
MG Road,5,23,0,0,0.567,medium
Whitefield,5,23,0,0,0.435,medium
Koramangala,5,23,0,0,0.12,low
Electronic City,5,23,0,0,0.608,medium
Indiranagar,5,23,0,0,0.453,medium
MG Road,6,0,0,0,0.383,medium
Whitefield,6,0,0,0,0.074,low
Koramangala,6,0,0,0,0.0,low
Electronic City,6,0,0,0,0.313,low
Indiranagar,6,0,0,0,0.086,low
MG Road,6,1,0,0,0.21,low
Whitefield,6,1,0,0,0.014,low
Koramangala,6,1,0,0,0.0,low
Electronic City,6,1,0,0,0.097,low
Indiranagar,6,1,0,0,0.039,low
MG Road,6,2,0,0,0.338,low
Whitefield,6,2,0,0,0.0,low
Koramangala,6,2,0,0,0.0,low
Electronic City,6,2,0,0,0.29,low
Indiranagar,6,2,0,0,0.013,low
MG Road,6,3,0,0,0.293,low
Whitefield,6,3,0,0,0.05,low
Koramangala,6,3,0,0,0.0,low
Electronic City,6,3,0,0,0.279,low
Indiranagar,6,3,0,0,0.0,low
MG Road,6,4,0,0,0.297,low
Whitefield,6,4,0,0,0.034,low
Koramangala,6,4,0,0,0.0,low
Electronic City,6,4,0,0,0.142,low
Indiranagar,6,4,0,0,0.19,low
MG Road,6,5,0,0,0.633,medium
Whitefield,6,5,0,0,0.291,low
Koramangala,6,5,0,0,0.043,low
Electronic City,6,5,0,0,0.469,medium
Indiranagar,6,5,0,0,0.385,medium
MG Road,6,6,0,0,0.569,medium
Whitefield,6,6,0,0,0.45,medium
Koramangala,6,6,0,0,0.213,low
Electronic City,6,6,0,0,0.578,medium
Indiranagar,6,6,0,0,0.376,medium
MG Road,6,7,0,0,0.439,medium
Whitefield,6,7,0,0,0.334,low
Koramangala,6,7,0,0,0.235,low
Electronic City,6,7,0,0,0.496,medium
Indiranagar,6,7,0,0,0.39,medium
MG Road,6,8,0,1,0.525,medium
Whitefield,6,8,0,1,0.268,low
Koramangala,6,8,0,1,0.14,low
Electronic City,6,8,0,1,0.525,medium
Indiranagar,6,8,0,1,0.298,low
MG Road,6,9,0,1,0.531,medium
Whitefield,6,9,0,1,0.275,low
Koramangala,6,9,0,1,0.24,low
Electronic City,6,9,0,1,0.476,medium
Indiranagar,6,9,0,1,0.466,medium
MG Road,6,10,0,1,0.672,high
Whitefield,6,10,0,1,0.344,low
Koramangala,6,10,0,1,0.069,low
Electronic City,6,10,0,1,0.333,low
Indiranagar,6,10,0,1,0.232,low
MG Road,6,11,0,0,0.44,medium
Whitefield,6,11,0,0,0.46,medium
Koramangala,6,11,0,0,0.159,low
Electronic City,6,11,0,0,0.531,medium
Indiranagar,6,11,0,0,0.172,low
MG Road,6,12,0,0,0.454,medium
Whitefield,6,12,0,0,0.421,medium
Koramangala,6,12,0,0,0.173,low
Electronic City,6,12,0,0,0.488,medium
Indiranagar,6,12,0,0,0.395,medium
MG Road,6,13,0,0,0.681,high
Whitefield,6,13,0,0,0.332,low
Koramangala,6,13,0,0,0.156,low
Electronic City,6,13,0,0,0.515,medium
Indiranagar,6,13,0,0,0.541,medium
MG Road,6,14,0,0,0.382,medium
Whitefield,6,14,0,0,0.405,medium
Koramangala,6,14,0,0,0.141,low
Electronic City,6,14,0,0,0.545,medium
Indiranagar,6,14,0,0,0.297,low
MG Road,6,15,0,0,0.546,medium
Whitefield,6,15,0,0,0.407,medium
Koramangala,6,15,0,0,0.399,medium
Electronic City,6,15,0,0,0.565,medium
Indiranagar,6,15,0,0,0.282,low
MG Road,6,16,0,0,0.516,medium
Whitefield,6,16,0,0,0.314,low
Koramangala,6,16,0,0,0.006,low
Electronic City,6,16,0,0,0.474,medium
Indiranagar,6,16,0,0,0.409,medium
MG Road,6,17,0,1,0.448,medium
Whitefield,6,17,0,1,0.434,medium
Koramangala,6,17,0,1,0.189,low
Electronic City,6,17,0,1,0.441,medium
Indiranagar,6,17,0,1,0.339,low
MG Road,6,18,0,1,0.678,high
Whitefield,6,18,0,1,0.409,medium
Koramangala,6,18,0,1,0.151,low
Electronic City,6,18,0,1,0.481,medium
Indiranagar,6,18,0,1,0.356,medium
MG Road,6,19,0,1,0.509,medium
Whitefield,6,19,0,1,0.182,low
Koramangala,6,19,0,1,0.313,low
Electronic City,6,19,0,1,0.512,medium
Indiranagar,6,19,0,1,0.382,medium
MG Road,6,20,0,1,0.545,medium
Whitefield,6,20,0,1,0.291,low
Koramangala,6,20,0,1,0.135,low
Electronic City,6,20,0,1,0.372,medium
Indiranagar,6,20,0,1,0.532,medium
MG Road,6,21,0,0,0.451,medium
Whitefield,6,21,0,0,0.267,low
Koramangala,6,21,0,0,0.115,low
Electronic City,6,21,0,0,0.603,medium
Indiranagar,6,21,0,0,0.351,medium
MG Road,6,22,0,0,0.451,medium
Whitefield,6,22,0,0,0.45,medium
Koramangala,6,22,0,0,0.208,low
Electronic City,6,22,0,0,0.543,medium
Indiranagar,6,22,0,0,0.407,medium
MG Road,6,23,0,0,0.742,high
Whitefield,6,23,0,0,0.525,medium
Koramangala,6,23,0,0,0.095,low
Electronic City,6,23,0,0,0.63,medium
Indiranagar,6,23,0,0,0.381,medium
MG Road,0,0,1,0,0.54,medium
Whitefield,0,0,1,0,0.165,low
Koramangala,0,0,1,0,0.086,low
Electronic City,0,0,1,0,0.385,medium
Indiranagar,0,0,1,0,0.366,medium
MG Road,0,1,1,0,0.586,medium
Whitefield,0,1,1,0,0.134,low
Koramangala,0,1,1,0,0.098,low
Electronic City,0,1,1,0,0.54,medium
Indiranagar,0,1,1,0,0.285,low
MG Road,0,2,1,0,0.558,medium
Whitefield,0,2,1,0,0.328,low
Koramangala,0,2,1,0,0.127,low
Electronic City,0,2,1,0,0.428,medium
Indiranagar,0,2,1,0,0.203,low
MG Road,0,3,1,0,0.41,medium
Whitefield,0,3,1,0,0.357,medium
Koramangala,0,3,1,0,0.102,low
Electronic City,0,3,1,0,0.439,medium
Indiranagar,0,3,1,0,0.266,low
MG Road,0,4,1,0,0.476,medium
Whitefield,0,4,1,0,0.384,medium
Koramangala,0,4,1,0,0.073,low
Electronic City,0,4,1,0,0.343,low
Indiranagar,0,4,1,0,0.359,medium
MG Road,0,5,1,0,0.784,high
Whitefield,0,5,1,0,0.603,medium
Koramangala,0,5,1,0,0.529,medium
Electronic City,0,5,1,0,0.748,high
Indiranagar,0,5,1,0,0.623,medium
MG Road,0,6,1,0,0.706,high
Whitefield,0,6,1,0,0.582,medium
Koramangala,0,6,1,0,0.449,medium
Electronic City,0,6,1,0,0.626,medium
Indiranagar,0,6,1,0,0.616,medium
MG Road,0,7,1,0,0.808,high
Whitefield,0,7,1,0,0.603,medium
Koramangala,0,7,1,0,0.483,medium
Electronic City,0,7,1,0,0.777,high
Indiranagar,0,7,1,0,0.718,high
MG Road,0,8,1,1,0.971,high
Whitefield,0,8,1,1,0.861,high
Koramangala,0,8,1,1,0.657,high
Electronic City,0,8,1,1,0.914,high
Indiranagar,0,8,1,1,0.927,high
MG Road,0,9,1,1,1.0,high
Whitefield,0,9,1,1,0.849,high
Koramangala,0,9,1,1,0.69,high
Electronic City,0,9,1,1,1.0,high
Indiranagar,0,9,1,1,0.793,high
MG Road,0,10,1,1,0.904,high
Whitefield,0,10,1,1,0.794,high
Koramangala,0,10,1,1,0.539,medium
Electronic City,0,10,1,1,1.0,high
Indiranagar,0,10,1,1,0.841,high
MG Road,0,11,1,0,0.772,high
Whitefield,0,11,1,0,0.671,high
Koramangala,0,11,1,0,0.31,low
Electronic City,0,11,1,0,0.689,high
Indiranagar,0,11,1,0,0.605,medium
MG Road,0,12,1,0,0.882,high
Whitefield,0,12,1,0,0.64,medium
Koramangala,0,12,1,0,0.42,medium
Electronic City,0,12,1,0,0.756,high
Indiranagar,0,12,1,0,0.632,medium
MG Road,0,13,1,0,0.816,high
Whitefield,0,13,1,0,0.518,medium
Koramangala,0,13,1,0,0.404,medium
Electronic City,0,13,1,0,0.664,high
Indiranagar,0,13,1,0,0.606,medium
MG Road,0,14,1,0,0.762,high
Whitefield,0,14,1,0,0.803,high
Koramangala,0,14,1,0,0.397,medium
Electronic City,0,14,1,0,0.638,medium
Indiranagar,0,14,1,0,0.589,medium
MG Road,0,15,1,0,0.842,high
Whitefield,0,15,1,0,0.734,high
Koramangala,0,15,1,0,0.353,medium
Electronic City,0,15,1,0,0.623,medium
Indiranagar,0,15,1,0,0.665,high
MG Road,0,16,1,0,0.69,high
Whitefield,0,16,1,0,0.565,medium
Koramangala,0,16,1,0,0.379,medium
Electronic City,0,16,1,0,0.744,high
Indiranagar,0,16,1,0,0.655,high
MG Road,0,17,1,1,0.995,high
Whitefield,0,17,1,1,0.828,high
Koramangala,0,17,1,1,0.649,medium
Electronic City,0,17,1,1,1.0,high
Indiranagar,0,17,1,1,0.858,high
MG Road,0,18,1,1,1.0,high
Whitefield,0,18,1,1,0.918,high
Koramangala,0,18,1,1,0.681,high
Electronic City,0,18,1,1,1.0,high
Indiranagar,0,18,1,1,0.723,high
MG Road,0,19,1,1,1.0,high
Whitefield,0,19,1,1,0.888,high
Koramangala,0,19,1,1,0.708,high
Electronic City,0,19,1,1,0.945,high
Indiranagar,0,19,1,1,0.797,high
MG Road,0,20,1,1,1.0,high
Whitefield,0,20,1,1,0.893,high
Koramangala,0,20,1,1,0.733,high
Electronic City,0,20,1,1,0.967,high
Indiranagar,0,20,1,1,0.923,high
MG Road,0,21,1,0,0.81,high
Whitefield,0,21,1,0,0.59,medium
Koramangala,0,21,1,0,0.383,medium
Electronic City,0,21,1,0,0.81,high
Indiranagar,0,21,1,0,0.626,medium
MG Road,0,22,1,0,0.982,high
Whitefield,0,22,1,0,0.532,medium
Koramangala,0,22,1,0,0.441,medium
Electronic City,0,22,1,0,0.708,high
Indiranagar,0,22,1,0,0.53,medium
MG Road,0,23,1,0,0.799,high
Whitefield,0,23,1,0,0.611,medium
Koramangala,0,23,1,0,0.633,medium
Electronic City,0,23,1,0,0.735,high
Indiranagar,0,23,1,0,0.51,medium
MG Road,1,0,1,0,0.522,medium
Whitefield,1,0,1,0,0.134,low
Koramangala,1,0,1,0,0.093,low
Electronic City,1,0,1,0,0.451,medium
Indiranagar,1,0,1,0,0.364,medium
MG Road,1,1,1,0,0.578,medium
Whitefield,1,1,1,0,0.26,low
Koramangala,1,1,1,0,0.088,low
Electronic City,1,1,1,0,0.389,medium
Indiranagar,1,1,1,0,0.21,low
MG Road,1,2,1,0,0.525,medium
Whitefield,1,2,1,0,0.198,low
Koramangala,1,2,1,0,0.067,low
Electronic City,1,2,1,0,0.37,medium
Indiranagar,1,2,1,0,0.344,low
MG Road,1,3,1,0,0.644,medium
Whitefield,1,3,1,0,0.196,low
Koramangala,1,3,1,0,0.0,low
Electronic City,1,3,1,0,0.44,medium
Indiranagar,1,3,1,0,0.301,low
MG Road,1,4,1,0,0.517,medium
Whitefield,1,4,1,0,0.264,low
Koramangala,1,4,1,0,0.084,low
Electronic City,1,4,1,0,0.479,medium
Indiranagar,1,4,1,0,0.383,medium
MG Road,1,5,1,0,0.644,medium
Whitefield,1,5,1,0,0.57,medium
Koramangala,1,5,1,0,0.417,medium
Electronic City,1,5,1,0,0.677,high
Indiranagar,1,5,1,0,0.738,high
MG Road,1,6,1,0,0.749,high
Whitefield,1,6,1,0,0.597,medium
Koramangala,1,6,1,0,0.444,medium
Electronic City,1,6,1,0,0.703,high
Indiranagar,1,6,1,0,0.452,medium
MG Road,1,7,1,0,0.766,high
Whitefield,1,7,1,0,0.682,high
Koramangala,1,7,1,0,0.373,medium
Electronic City,1,7,1,0,0.682,high
Indiranagar,1,7,1,0,0.674,high
MG Road,1,8,1,1,1.0,high
Whitefield,1,8,1,1,0.809,high
Koramangala,1,8,1,1,0.662,high
Electronic City,1,8,1,1,1.0,high
Indiranagar,1,8,1,1,1.0,high
MG Road,1,9,1,1,1.0,high
Whitefield,1,9,1,1,0.943,high
Koramangala,1,9,1,1,0.61,medium
Electronic City,1,9,1,1,0.918,high
Indiranagar,1,9,1,1,0.855,high
MG Road,1,10,1,1,1.0,high
Whitefield,1,10,1,1,0.764,high
Koramangala,1,10,1,1,0.636,medium
Electronic City,1,10,1,1,1.0,high
Indiranagar,1,10,1,1,0.879,high
MG Road,1,11,1,0,0.84,high
Whitefield,1,11,1,0,0.623,medium
Koramangala,1,11,1,0,0.359,medium
Electronic City,1,11,1,0,0.709,high
Indiranagar,1,11,1,0,0.504,medium
MG Road,1,12,1,0,0.943,high
Whitefield,1,12,1,0,0.601,medium
Koramangala,1,12,1,0,0.382,medium
Electronic City,1,12,1,0,0.676,high
Indiranagar,1,12,1,0,0.835,high
MG Road,1,13,1,0,0.714,high
Whitefield,1,13,1,0,0.566,medium
Koramangala,1,13,1,0,0.433,medium
Electronic City,1,13,1,0,0.798,high
Indiranagar,1,13,1,0,0.677,high
MG Road,1,14,1,0,0.945,high
Whitefield,1,14,1,0,0.64,medium
Koramangala,1,14,1,0,0.316,low
Electronic City,1,14,1,0,0.729,high
Indiranagar,1,14,1,0,0.625,medium
MG Road,1,15,1,0,0.965,high
Whitefield,1,15,1,0,0.488,medium
Koramangala,1,15,1,0,0.496,medium
Electronic City,1,15,1,0,0.764,high
Indiranagar,1,15,1,0,0.667,high
MG Road,1,16,1,0,0.792,high
Whitefield,1,16,1,0,0.533,medium
Koramangala,1,16,1,0,0.46,medium
Electronic City,1,16,1,0,0.802,high
Indiranagar,1,16,1,0,0.678,high
MG Road,1,17,1,1,1.0,high
Whitefield,1,17,1,1,0.802,high
Koramangala,1,17,1,1,0.525,medium
Electronic City,1,17,1,1,1.0,high
Indiranagar,1,17,1,1,0.884,high
MG Road,1,18,1,1,0.973,high
Whitefield,1,18,1,1,0.807,high
Koramangala,1,18,1,1,0.613,medium
Electronic City,1,18,1,1,0.881,high
Indiranagar,1,18,1,1,0.785,high
MG Road,1,19,1,1,0.959,high
Whitefield,1,19,1,1,0.817,high
Koramangala,1,19,1,1,0.591,medium
Electronic City,1,19,1,1,0.87,high
Indiranagar,1,19,1,1,1.0,high
MG Road,1,20,1,1,1.0,high
Whitefield,1,20,1,1,0.788,high
Koramangala,1,20,1,1,0.672,high
Electronic City,1,20,1,1,1.0,high
Indiranagar,1,20,1,1,0.945,high
MG Road,1,21,1,0,0.735,high
Whitefield,1,21,1,0,0.687,high
Koramangala,1,21,1,0,0.356,medium
Electronic City,1,21,1,0,0.643,medium
Indiranagar,1,21,1,0,0.658,high
MG Road,1,22,1,0,0.903,high
Whitefield,1,22,1,0,0.807,high
Koramangala,1,22,1,0,0.304,low
Electronic City,1,22,1,0,0.806,high
Indiranagar,1,22,1,0,0.567,medium
MG Road,1,23,1,0,0.863,high
Whitefield,1,23,1,0,0.482,medium
Koramangala,1,23,1,0,0.299,low
Electronic City,1,23,1,0,0.688,high
Indiranagar,1,23,1,0,0.606,medium
MG Road,2,0,1,0,0.449,medium
Whitefield,2,0,1,0,0.353,medium
Koramangala,2,0,1,0,0.182,low
Electronic City,2,0,1,0,0.498,medium
Indiranagar,2,0,1,0,0.43,medium
MG Road,2,1,1,0,0.533,medium
Whitefield,2,1,1,0,0.203,low
Koramangala,2,1,1,0,0.209,low
Electronic City,2,1,1,0,0.402,medium
Indiranagar,2,1,1,0,0.373,medium
MG Road,2,2,1,0,0.626,medium
Whitefield,2,2,1,0,0.337,low
Koramangala,2,2,1,0,0.0,low
Electronic City,2,2,1,0,0.377,medium
Indiranagar,2,2,1,0,0.406,medium
MG Road,2,3,1,0,0.486,medium
Whitefield,2,3,1,0,0.306,low
Koramangala,2,3,1,0,0.161,low
Electronic City,2,3,1,0,0.506,medium
Indiranagar,2,3,1,0,0.322,low
MG Road,2,4,1,0,0.483,medium
Whitefield,2,4,1,0,0.275,low
Koramangala,2,4,1,0,0.169,low
Electronic City,2,4,1,0,0.494,medium
Indiranagar,2,4,1,0,0.279,low
MG Road,2,5,1,0,0.887,high
Whitefield,2,5,1,0,0.59,medium
Koramangala,2,5,1,0,0.332,low
Electronic City,2,5,1,0,0.689,high
Indiranagar,2,5,1,0,0.522,medium
MG Road,2,6,1,0,0.778,high
Whitefield,2,6,1,0,0.699,high
Koramangala,2,6,1,0,0.336,low
Electronic City,2,6,1,0,0.765,high
Indiranagar,2,6,1,0,0.547,medium
MG Road,2,7,1,0,0.779,high
Whitefield,2,7,1,0,0.479,medium
Koramangala,2,7,1,0,0.382,medium
Electronic City,2,7,1,0,0.735,high
Indiranagar,2,7,1,0,0.643,medium
MG Road,2,8,1,1,1.0,high
Whitefield,2,8,1,1,0.754,high
Koramangala,2,8,1,1,0.737,high
Electronic City,2,8,1,1,1.0,high
Indiranagar,2,8,1,1,0.866,high
MG Road,2,9,1,1,1.0,high
Whitefield,2,9,1,1,0.809,high
Koramangala,2,9,1,1,0.667,high
Electronic City,2,9,1,1,1.0,high
Indiranagar,2,9,1,1,0.71,high
MG Road,2,10,1,1,1.0,high
Whitefield,2,10,1,1,0.83,high
Koramangala,2,10,1,1,0.67,high
Electronic City,2,10,1,1,1.0,high
Indiranagar,2,10,1,1,0.788,high
MG Road,2,11,1,0,0.76,high
Whitefield,2,11,1,0,0.559,medium
Koramangala,2,11,1,0,0.336,low
Electronic City,2,11,1,0,0.722,high
Indiranagar,2,11,1,0,0.662,high
MG Road,2,12,1,0,0.716,high
Whitefield,2,12,1,0,0.634,medium
Koramangala,2,12,1,0,0.264,low
Electronic City,2,12,1,0,0.705,high
Indiranagar,2,12,1,0,0.574,medium
MG Road,2,13,1,0,0.934,high
Whitefield,2,13,1,0,0.578,medium
Koramangala,2,13,1,0,0.224,low
Electronic City,2,13,1,0,0.59,medium
Indiranagar,2,13,1,0,0.603,medium
MG Road,2,14,1,0,0.849,high
Whitefield,2,14,1,0,0.63,medium
Koramangala,2,14,1,0,0.413,medium
Electronic City,2,14,1,0,0.843,high
Indiranagar,2,14,1,0,0.557,medium
MG Road,2,15,1,0,0.872,high
Whitefield,2,15,1,0,0.469,medium
Koramangala,2,15,1,0,0.328,low
Electronic City,2,15,1,0,0.605,medium
Indiranagar,2,15,1,0,0.578,medium
MG Road,2,16,1,0,0.796,high
Whitefield,2,16,1,0,0.609,medium
Koramangala,2,16,1,0,0.405,medium
Electronic City,2,16,1,0,0.676,high
Indiranagar,2,16,1,0,0.585,medium
MG Road,2,17,1,1,0.93,high
Whitefield,2,17,1,1,0.959,high
Koramangala,2,17,1,1,0.626,medium
Electronic City,2,17,1,1,0.961,high
Indiranagar,2,17,1,1,0.977,high
MG Road,2,18,1,1,0.951,high
Whitefield,2,18,1,1,0.76,high
Koramangala,2,18,1,1,0.562,medium
Electronic City,2,18,1,1,0.995,high
Indiranagar,2,18,1,1,0.885,high
MG Road,2,19,1,1,1.0,high
Whitefield,2,19,1,1,1.0,high
Koramangala,2,19,1,1,0.47,medium
Electronic City,2,19,1,1,1.0,high
Indiranagar,2,19,1,1,0.805,high
MG Road,2,20,1,1,1.0,high
Whitefield,2,20,1,1,0.8,high
Koramangala,2,20,1,1,0.577,medium
Electronic City,2,20,1,1,1.0,high
Indiranagar,2,20,1,1,0.917,high
MG Road,2,21,1,0,0.802,high
Whitefield,2,21,1,0,0.708,high
Koramangala,2,21,1,0,0.279,low
Electronic City,2,21,1,0,0.644,medium
Indiranagar,2,21,1,0,0.426,medium
MG Road,2,22,1,0,0.744,high
Whitefield,2,22,1,0,0.613,medium
Koramangala,2,22,1,0,0.408,medium
Electronic City,2,22,1,0,0.762,high
Indiranagar,2,22,1,0,0.487,medium
MG Road,2,23,1,0,0.864,high
Whitefield,2,23,1,0,0.619,medium
Koramangala,2,23,1,0,0.459,medium
Electronic City,2,23,1,0,0.599,medium
Indiranagar,2,23,1,0,0.625,medium
MG Road,3,0,1,0,0.405,medium
Whitefield,3,0,1,0,0.268,low
Koramangala,3,0,1,0,0.143,low
Electronic City,3,0,1,0,0.457,medium
Indiranagar,3,0,1,0,0.232,low
MG Road,3,1,1,0,0.501,medium
Whitefield,3,1,1,0,0.177,low
Koramangala,3,1,1,0,0.192,low
Electronic City,3,1,1,0,0.434,medium
Indiranagar,3,1,1,0,0.389,medium
MG Road,3,2,1,0,0.458,medium
Whitefield,3,2,1,0,0.258,low
Koramangala,3,2,1,0,0.039,low
Electronic City,3,2,1,0,0.52,medium
Indiranagar,3,2,1,0,0.243,low
MG Road,3,3,1,0,0.552,medium
Whitefield,3,3,1,0,0.269,low
Koramangala,3,3,1,0,0.0,low
Electronic City,3,3,1,0,0.404,medium
Indiranagar,3,3,1,0,0.206,low
MG Road,3,4,1,0,0.503,medium
Whitefield,3,4,1,0,0.205,low
Koramangala,3,4,1,0,0.174,low
Electronic City,3,4,1,0,0.443,medium
Indiranagar,3,4,1,0,0.286,low
MG Road,3,5,1,0,0.852,high
Whitefield,3,5,1,0,0.677,high
Koramangala,3,5,1,0,0.398,medium
Electronic City,3,5,1,0,0.688,high
Indiranagar,3,5,1,0,0.458,medium
MG Road,3,6,1,0,0.745,high
Whitefield,3,6,1,0,0.551,medium
Koramangala,3,6,1,0,0.409,medium
Electronic City,3,6,1,0,0.722,high
Indiranagar,3,6,1,0,0.655,high
MG Road,3,7,1,0,0.751,high
Whitefield,3,7,1,0,0.595,medium
Koramangala,3,7,1,0,0.495,medium
Electronic City,3,7,1,0,0.777,high
Indiranagar,3,7,1,0,0.595,medium
MG Road,3,8,1,1,1.0,high
Whitefield,3,8,1,1,0.799,high
Koramangala,3,8,1,1,0.582,medium
Electronic City,3,8,1,1,0.957,high
Indiranagar,3,8,1,1,0.91,high
MG Road,3,9,1,1,1.0,high
Whitefield,3,9,1,1,0.742,high
Koramangala,3,9,1,1,0.791,high
Electronic City,3,9,1,1,1.0,high
Indiranagar,3,9,1,1,0.737,high
MG Road,3,10,1,1,1.0,high
Whitefield,3,10,1,1,0.859,high
Koramangala,3,10,1,1,0.786,high
Electronic City,3,10,1,1,0.911,high
Indiranagar,3,10,1,1,0.928,high
MG Road,3,11,1,0,0.912,high
Whitefield,3,11,1,0,0.55,medium
Koramangala,3,11,1,0,0.378,medium
Electronic City,3,11,1,0,0.667,high
Indiranagar,3,11,1,0,0.584,medium
MG Road,3,12,1,0,0.797,high
Whitefield,3,12,1,0,0.653,high
Koramangala,3,12,1,0,0.487,medium
Electronic City,3,12,1,0,0.69,high
Indiranagar,3,12,1,0,0.443,medium
MG Road,3,13,1,0,0.798,high
Whitefield,3,13,1,0,0.623,medium
Koramangala,3,13,1,0,0.42,medium
Electronic City,3,13,1,0,0.724,high
Indiranagar,3,13,1,0,0.61,medium
MG Road,3,14,1,0,0.921,high
Whitefield,3,14,1,0,0.631,medium
Koramangala,3,14,1,0,0.37,medium
Electronic City,3,14,1,0,0.71,high
Indiranagar,3,14,1,0,0.586,medium
MG Road,3,15,1,0,0.931,high
Whitefield,3,15,1,0,0.585,medium
Koramangala,3,15,1,0,0.398,medium
Electronic City,3,15,1,0,0.711,high
Indiranagar,3,15,1,0,0.688,high
MG Road,3,16,1,0,0.957,high
Whitefield,3,16,1,0,0.636,medium
Koramangala,3,16,1,0,0.407,medium
Electronic City,3,16,1,0,0.753,high
Indiranagar,3,16,1,0,0.409,medium
MG Road,3,17,1,1,1.0,high
Whitefield,3,17,1,1,0.861,high
Koramangala,3,17,1,1,0.684,high
Electronic City,3,17,1,1,0.943,high
Indiranagar,3,17,1,1,0.819,high
MG Road,3,18,1,1,1.0,high
Whitefield,3,18,1,1,0.932,high
Koramangala,3,18,1,1,0.62,medium
Electronic City,3,18,1,1,1.0,high
Indiranagar,3,18,1,1,0.884,high
MG Road,3,19,1,1,0.948,high
Whitefield,3,19,1,1,0.84,high
Koramangala,3,19,1,1,0.598,medium
Electronic City,3,19,1,1,0.824,high
Indiranagar,3,19,1,1,0.978,high
MG Road,3,20,1,1,1.0,high
Whitefield,3,20,1,1,0.893,high
Koramangala,3,20,1,1,0.663,high
Electronic City,3,20,1,1,0.889,high
Indiranagar,3,20,1,1,0.811,high
MG Road,3,21,1,0,0.867,high
Whitefield,3,21,1,0,0.516,medium
Koramangala,3,21,1,0,0.197,low
Electronic City,3,21,1,0,0.732,high
Indiranagar,3,21,1,0,0.589,medium
MG Road,3,22,1,0,0.811,high
Whitefield,3,22,1,0,0.658,high
Koramangala,3,22,1,0,0.451,medium
Electronic City,3,22,1,0,0.771,high
Indiranagar,3,22,1,0,0.696,high
MG Road,3,23,1,0,0.678,high
Whitefield,3,23,1,0,0.64,medium
Koramangala,3,23,1,0,0.45,medium
Electronic City,3,23,1,0,0.651,high
Indiranagar,3,23,1,0,0.48,medium
MG Road,4,0,1,0,0.44,medium
Whitefield,4,0,1,0,0.247,low
Koramangala,4,0,1,0,0.16,low
Electronic City,4,0,1,0,0.401,medium
Indiranagar,4,0,1,0,0.231,low
MG Road,4,1,1,0,0.451,medium
Whitefield,4,1,1,0,0.389,medium
Koramangala,4,1,1,0,0.101,low
Electronic City,4,1,1,0,0.436,medium
Indiranagar,4,1,1,0,0.291,low
MG Road,4,2,1,0,0.603,medium
Whitefield,4,2,1,0,0.24,low
Koramangala,4,2,1,0,0.205,low
Electronic City,4,2,1,0,0.467,medium
Indiranagar,4,2,1,0,0.287,low
MG Road,4,3,1,0,0.7,high
Whitefield,4,3,1,0,0.216,low
Koramangala,4,3,1,0,0.072,low
Electronic City,4,3,1,0,0.351,medium
Indiranagar,4,3,1,0,0.376,medium
MG Road,4,4,1,0,0.635,medium
Whitefield,4,4,1,0,0.434,medium
Koramangala,4,4,1,0,0.198,low
Electronic City,4,4,1,0,0.434,medium
Indiranagar,4,4,1,0,0.271,low
MG Road,4,5,1,0,0.666,high
Whitefield,4,5,1,0,0.763,high
Koramangala,4,5,1,0,0.438,medium
Electronic City,4,5,1,0,0.711,high
Indiranagar,4,5,1,0,0.706,high
MG Road,4,6,1,0,0.722,high
Whitefield,4,6,1,0,0.633,medium
Koramangala,4,6,1,0,0.386,medium
Electronic City,4,6,1,0,0.801,high
Indiranagar,4,6,1,0,0.595,medium
MG Road,4,7,1,0,0.684,high
Whitefield,4,7,1,0,0.606,medium
Koramangala,4,7,1,0,0.484,medium
Electronic City,4,7,1,0,0.748,high
Indiranagar,4,7,1,0,0.662,high
MG Road,4,8,1,1,0.966,high
Whitefield,4,8,1,1,0.848,high
Koramangala,4,8,1,1,0.6,medium
Electronic City,4,8,1,1,1.0,high
Indiranagar,4,8,1,1,0.853,high
MG Road,4,9,1,1,1.0,high
Whitefield,4,9,1,1,0.937,high
Koramangala,4,9,1,1,0.705,high
Electronic City,4,9,1,1,1.0,high
Indiranagar,4,9,1,1,0.77,high
MG Road,4,10,1,1,1.0,high
Whitefield,4,10,1,1,0.807,high
Koramangala,4,10,1,1,0.622,medium
Electronic City,4,10,1,1,0.97,high
Indiranagar,4,10,1,1,0.772,high
MG Road,4,11,1,0,0.643,medium
Whitefield,4,11,1,0,0.547,medium
Koramangala,4,11,1,0,0.415,medium
Electronic City,4,11,1,0,0.642,medium
Indiranagar,4,11,1,0,0.601,medium
MG Road,4,12,1,0,0.952,high
Whitefield,4,12,1,0,0.682,high
Koramangala,4,12,1,0,0.531,medium
Electronic City,4,12,1,0,0.781,high
Indiranagar,4,12,1,0,0.693,high
MG Road,4,13,1,0,0.742,high
Whitefield,4,13,1,0,0.548,medium
Koramangala,4,13,1,0,0.181,low
Electronic City,4,13,1,0,0.845,high
Indiranagar,4,13,1,0,0.723,high
MG Road,4,14,1,0,0.756,high
Whitefield,4,14,1,0,0.58,medium
Koramangala,4,14,1,0,0.34,low
Electronic City,4,14,1,0,0.781,high
Indiranagar,4,14,1,0,0.69,high
MG Road,4,15,1,0,0.661,high
Whitefield,4,15,1,0,0.633,medium
Koramangala,4,15,1,0,0.378,medium
Electronic City,4,15,1,0,0.759,high
Indiranagar,4,15,1,0,0.637,medium
MG Road,4,16,1,0,0.785,high
Whitefield,4,16,1,0,0.592,medium
Koramangala,4,16,1,0,0.383,medium
Electronic City,4,16,1,0,0.828,high
Indiranagar,4,16,1,0,0.634,medium
MG Road,4,17,1,1,1.0,high
Whitefield,4,17,1,1,0.748,high
Koramangala,4,17,1,1,0.62,medium
Electronic City,4,17,1,1,1.0,high
Indiranagar,4,17,1,1,0.853,high
MG Road,4,18,1,1,1.0,high
Whitefield,4,18,1,1,0.991,high
Koramangala,4,18,1,1,0.733,high
Electronic City,4,18,1,1,1.0,high
Indiranagar,4,18,1,1,0.809,high
MG Road,4,19,1,1,0.846,high
Whitefield,4,19,1,1,0.837,high
Koramangala,4,19,1,1,0.624,medium
Electronic City,4,19,1,1,1.0,high
Indiranagar,4,19,1,1,0.838,high
MG Road,4,20,1,1,1.0,high
Whitefield,4,20,1,1,0.708,high
Koramangala,4,20,1,1,0.575,medium
Electronic City,4,20,1,1,1.0,high
Indiranagar,4,20,1,1,0.987,high
MG Road,4,21,1,0,0.792,high
Whitefield,4,21,1,0,0.626,medium
Koramangala,4,21,1,0,0.476,medium
Electronic City,4,21,1,0,0.685,high
Indiranagar,4,21,1,0,0.629,medium
MG Road,4,22,1,0,0.741,high
Whitefield,4,22,1,0,0.669,high
Koramangala,4,22,1,0,0.412,medium
Electronic City,4,22,1,0,0.774,high
Indiranagar,4,22,1,0,0.537,medium
MG Road,4,23,1,0,0.857,high
Whitefield,4,23,1,0,0.767,high
Koramangala,4,23,1,0,0.319,low
Electronic City,4,23,1,0,0.723,high
Indiranagar,4,23,1,0,0.619,medium
MG Road,5,0,0,0,0.313,low
Whitefield,5,0,0,0,0.005,low
Koramangala,5,0,0,0,0.0,low
Electronic City,5,0,0,0,0.309,low
Indiranagar,5,0,0,0,0.111,low
MG Road,5,1,0,0,0.111,low
Whitefield,5,1,0,0,0.001,low
Koramangala,5,1,0,0,0.0,low
Electronic City,5,1,0,0,0.316,low
Indiranagar,5,1,0,0,0.125,low
MG Road,5,2,0,0,0.236,low
Whitefield,5,2,0,0,0.057,low
Koramangala,5,2,0,0,0.0,low
Electronic City,5,2,0,0,0.29,low
Indiranagar,5,2,0,0,0.0,low
MG Road,5,3,0,0,0.186,low
Whitefield,5,3,0,0,0.131,low
Koramangala,5,3,0,0,0.0,low
Electronic City,5,3,0,0,0.31,low
Indiranagar,5,3,0,0,0.0,low
MG Road,5,4,0,0,0.246,low
Whitefield,5,4,0,0,0.0,low
Koramangala,5,4,0,0,0.0,low
Electronic City,5,4,0,0,0.082,low
Indiranagar,5,4,0,0,0.011,low
MG Road,5,5,0,0,0.435,medium
Whitefield,5,5,0,0,0.406,medium
Koramangala,5,5,0,0,0.207,low
Electronic City,5,5,0,0,0.362,medium
Indiranagar,5,5,0,0,0.457,medium
MG Road,5,6,0,0,0.75,high
Whitefield,5,6,0,0,0.354,medium
Koramangala,5,6,0,0,0.099,low
Electronic City,5,6,0,0,0.726,high
Indiranagar,5,6,0,0,0.244,low
MG Road,5,7,0,0,0.552,medium
Whitefield,5,7,0,0,0.364,medium
Koramangala,5,7,0,0,0.258,low
Electronic City,5,7,0,0,0.529,medium
Indiranagar,5,7,0,0,0.31,low
MG Road,5,8,0,1,0.474,medium
Whitefield,5,8,0,1,0.323,low
Koramangala,5,8,0,1,0.069,low
Electronic City,5,8,0,1,0.504,medium
Indiranagar,5,8,0,1,0.305,low
MG Road,5,9,0,1,0.43,medium
Whitefield,5,9,0,1,0.45,medium
Koramangala,5,9,0,1,0.11,low
Electronic City,5,9,0,1,0.399,medium
Indiranagar,5,9,0,1,0.337,low
MG Road,5,10,0,1,0.555,medium
Whitefield,5,10,0,1,0.21,low
Koramangala,5,10,0,1,0.177,low
Electronic City,5,10,0,1,0.416,medium
Indiranagar,5,10,0,1,0.487,medium
MG Road,5,11,0,0,0.592,medium
Whitefield,5,11,0,0,0.318,low
Koramangala,5,11,0,0,0.09,low
Electronic City,5,11,0,0,0.492,medium
Indiranagar,5,11,0,0,0.399,medium
MG Road,5,12,0,0,0.548,medium
Whitefield,5,12,0,0,0.333,low
Koramangala,5,12,0,0,0.155,low
Electronic City,5,12,0,0,0.452,medium
Indiranagar,5,12,0,0,0.323,low
MG Road,5,13,0,0,0.383,medium
Whitefield,5,13,0,0,0.428,medium
Koramangala,5,13,0,0,0.174,low
Electronic City,5,13,0,0,0.438,medium
Indiranagar,5,13,0,0,0.502,medium
MG Road,5,14,0,0,0.557,medium
Whitefield,5,14,0,0,0.267,low
Koramangala,5,14,0,0,0.219,low
Electronic City,5,14,0,0,0.532,medium
Indiranagar,5,14,0,0,0.382,medium
MG Road,5,15,0,0,0.516,medium
Whitefield,5,15,0,0,0.386,medium
Koramangala,5,15,0,0,0.129,low
Electronic City,5,15,0,0,0.544,medium
Indiranagar,5,15,0,0,0.198,low
MG Road,5,16,0,0,0.515,medium
Whitefield,5,16,0,0,0.488,medium
Koramangala,5,16,0,0,0.089,low
Electronic City,5,16,0,0,0.452,medium
Indiranagar,5,16,0,0,0.314,low
MG Road,5,17,0,1,0.453,medium
Whitefield,5,17,0,1,0.173,low
Koramangala,5,17,0,1,0.132,low
Electronic City,5,17,0,1,0.511,medium
Indiranagar,5,17,0,1,0.346,low
MG Road,5,18,0,1,0.538,medium
Whitefield,5,18,0,1,0.353,medium
Koramangala,5,18,0,1,0.232,low
Electronic City,5,18,0,1,0.485,medium
Indiranagar,5,18,0,1,0.304,low
MG Road,5,19,0,1,0.528,medium
Whitefield,5,19,0,1,0.396,medium
Koramangala,5,19,0,1,0.263,low
Electronic City,5,19,0,1,0.45,medium
Indiranagar,5,19,0,1,0.358,medium
MG Road,5,20,0,1,0.577,medium
Whitefield,5,20,0,1,0.271,low
Koramangala,5,20,0,1,0.152,low
Electronic City,5,20,0,1,0.383,medium
Indiranagar,5,20,0,1,0.208,low
MG Road,5,21,0,0,0.579,medium
Whitefield,5,21,0,0,0.319,low
Koramangala,5,21,0,0,0.166,low
Electronic City,5,21,0,0,0.499,medium
Indiranagar,5,21,0,0,0.272,low
MG Road,5,22,0,0,0.546,medium
Whitefield,5,22,0,0,0.251,low
Koramangala,5,22,0,0,0.261,low
Electronic City,5,22,0,0,0.392,medium
Indiranagar,5,22,0,0,0.334,low
MG Road,5,23,0,0,0.467,medium
Whitefield,5,23,0,0,0.396,medium
Koramangala,5,23,0,0,0.123,low
Electronic City,5,23,0,0,0.459,medium
Indiranagar,5,23,0,0,0.418,medium
MG Road,6,0,0,0,0.252,low
Whitefield,6,0,0,0,0.091,low
Koramangala,6,0,0,0,0.0,low
Electronic City,6,0,0,0,0.088,low
Indiranagar,6,0,0,0,0.059,low
MG Road,6,1,0,0,0.224,low
Whitefield,6,1,0,0,0.1,low
Koramangala,6,1,0,0,0.0,low
Electronic City,6,1,0,0,0.216,low
Indiranagar,6,1,0,0,0.0,low
MG Road,6,2,0,0,0.401,medium
Whitefield,6,2,0,0,0.037,low
Koramangala,6,2,0,0,0.0,low
Electronic City,6,2,0,0,0.133,low
Indiranagar,6,2,0,0,0.075,low
MG Road,6,3,0,0,0.146,low
Whitefield,6,3,0,0,0.086,low
Koramangala,6,3,0,0,0.0,low
Electronic City,6,3,0,0,0.202,low
Indiranagar,6,3,0,0,0.106,low
MG Road,6,4,0,0,0.151,low
Whitefield,6,4,0,0,0.0,low
Koramangala,6,4,0,0,0.0,low
Electronic City,6,4,0,0,0.368,medium
Indiranagar,6,4,0,0,0.039,low
MG Road,6,5,0,0,0.597,medium
Whitefield,6,5,0,0,0.341,low
Koramangala,6,5,0,0,0.305,low
Electronic City,6,5,0,0,0.36,medium
Indiranagar,6,5,0,0,0.358,medium
MG Road,6,6,0,0,0.42,medium
Whitefield,6,6,0,0,0.149,low
Koramangala,6,6,0,0,0.174,low
Electronic City,6,6,0,0,0.511,medium
Indiranagar,6,6,0,0,0.327,low
MG Road,6,7,0,0,0.542,medium
Whitefield,6,7,0,0,0.598,medium
Koramangala,6,7,0,0,0.129,low
Electronic City,6,7,0,0,0.541,medium
Indiranagar,6,7,0,0,0.298,low
MG Road,6,8,0,1,0.574,medium
Whitefield,6,8,0,1,0.331,low
Koramangala,6,8,0,1,0.117,low
Electronic City,6,8,0,1,0.646,medium
Indiranagar,6,8,0,1,0.444,medium
MG Road,6,9,0,1,0.561,medium
Whitefield,6,9,0,1,0.166,low
Koramangala,6,9,0,1,0.121,low
Electronic City,6,9,0,1,0.716,high
Indiranagar,6,9,0,1,0.332,low
MG Road,6,10,0,1,0.638,medium
Whitefield,6,10,0,1,0.465,medium
Koramangala,6,10,0,1,0.168,low
Electronic City,6,10,0,1,0.433,medium
Indiranagar,6,10,0,1,0.155,low
MG Road,6,11,0,0,0.605,medium
Whitefield,6,11,0,0,0.285,low
Koramangala,6,11,0,0,0.164,low
Electronic City,6,11,0,0,0.4,medium
Indiranagar,6,11,0,0,0.329,low
MG Road,6,12,0,0,0.553,medium
Whitefield,6,12,0,0,0.371,medium
Koramangala,6,12,0,0,0.061,low
Electronic City,6,12,0,0,0.596,medium
Indiranagar,6,12,0,0,0.302,low
MG Road,6,13,0,0,0.416,medium
Whitefield,6,13,0,0,0.341,low
Koramangala,6,13,0,0,0.153,low
Electronic City,6,13,0,0,0.513,medium
Indiranagar,6,13,0,0,0.459,medium
MG Road,6,14,0,0,0.531,medium
Whitefield,6,14,0,0,0.34,low
Koramangala,6,14,0,0,0.062,low
Electronic City,6,14,0,0,0.566,medium
Indiranagar,6,14,0,0,0.365,medium
MG Road,6,15,0,0,0.516,medium
Whitefield,6,15,0,0,0.198,low
Koramangala,6,15,0,0,0.266,low
Electronic City,6,15,0,0,0.402,medium
Indiranagar,6,15,0,0,0.303,low
MG Road,6,16,0,0,0.579,medium
Whitefield,6,16,0,0,0.254,low
Koramangala,6,16,0,0,0.031,low
Electronic City,6,16,0,0,0.33,low
Indiranagar,6,16,0,0,0.408,medium
MG Road,6,17,0,1,0.506,medium
Whitefield,6,17,0,1,0.584,medium
Koramangala,6,17,0,1,0.07,low
Electronic City,6,17,0,1,0.426,medium
Indiranagar,6,17,0,1,0.305,low
MG Road,6,18,0,1,0.569,medium
Whitefield,6,18,0,1,0.312,low
Koramangala,6,18,0,1,0.199,low
Electronic City,6,18,0,1,0.422,medium
Indiranagar,6,18,0,1,0.239,low
MG Road,6,19,0,1,0.406,medium
Whitefield,6,19,0,1,0.172,low
Koramangala,6,19,0,1,0.109,low
Electronic City,6,19,0,1,0.476,medium
Indiranagar,6,19,0,1,0.299,low
MG Road,6,20,0,1,0.649,medium
Whitefield,6,20,0,1,0.448,medium
Koramangala,6,20,0,1,0.123,low
Electronic City,6,20,0,1,0.356,medium
Indiranagar,6,20,0,1,0.305,low
MG Road,6,21,0,0,0.502,medium
Whitefield,6,21,0,0,0.297,low
Koramangala,6,21,0,0,0.094,low
Electronic City,6,21,0,0,0.448,medium
Indiranagar,6,21,0,0,0.319,low
MG Road,6,22,0,0,0.499,medium
Whitefield,6,22,0,0,0.367,medium
Koramangala,6,22,0,0,0.179,low
Electronic City,6,22,0,0,0.427,medium
Indiranagar,6,22,0,0,0.452,medium
MG Road,6,23,0,0,0.472,medium
Whitefield,6,23,0,0,0.221,low
Koramangala,6,23,0,0,0.18,low
Electronic City,6,23,0,0,0.435,medium
Indiranagar,6,23,0,0,0.376,medium
MG Road,0,0,1,0,0.308,low
Whitefield,0,0,1,0,0.411,medium
Koramangala,0,0,1,0,0.154,low
Electronic City,0,0,1,0,0.33,low
Indiranagar,0,0,1,0,0.182,low
MG Road,0,1,1,0,0.634,medium
Whitefield,0,1,1,0,0.241,low
Koramangala,0,1,1,0,0.033,low
Electronic City,0,1,1,0,0.269,low
Indiranagar,0,1,1,0,0.272,low
MG Road,0,2,1,0,0.482,medium
Whitefield,0,2,1,0,0.357,medium
Koramangala,0,2,1,0,0.0,low
Electronic City,0,2,1,0,0.328,low
Indiranagar,0,2,1,0,0.336,low
MG Road,0,3,1,0,0.581,medium
Whitefield,0,3,1,0,0.174,low
Koramangala,0,3,1,0,0.187,low
Electronic City,0,3,1,0,0.453,medium
Indiranagar,0,3,1,0,0.387,medium
MG Road,0,4,1,0,0.494,medium
Whitefield,0,4,1,0,0.098,low
Koramangala,0,4,1,0,0.088,low
Electronic City,0,4,1,0,0.535,medium
Indiranagar,0,4,1,0,0.229,low
MG Road,0,5,1,0,0.769,high
Whitefield,0,5,1,0,0.586,medium
Koramangala,0,5,1,0,0.168,low
Electronic City,0,5,1,0,0.884,high
Indiranagar,0,5,1,0,0.528,medium
MG Road,0,6,1,0,0.84,high
Whitefield,0,6,1,0,0.593,medium
Koramangala,0,6,1,0,0.501,medium
Electronic City,0,6,1,0,0.782,high
Indiranagar,0,6,1,0,0.581,medium
MG Road,0,7,1,0,0.729,high
Whitefield,0,7,1,0,0.664,high
Koramangala,0,7,1,0,0.25,low
Electronic City,0,7,1,0,0.802,high
Indiranagar,0,7,1,0,0.512,medium
MG Road,0,8,1,1,1.0,high
Whitefield,0,8,1,1,0.863,high
Koramangala,0,8,1,1,0.702,high
Electronic City,0,8,1,1,1.0,high
Indiranagar,0,8,1,1,0.71,high
MG Road,0,9,1,1,0.981,high
Whitefield,0,9,1,1,0.904,high
Koramangala,0,9,1,1,0.663,high
Electronic City,0,9,1,1,1.0,high
Indiranagar,0,9,1,1,0.882,high
MG Road,0,10,1,1,0.973,high
Whitefield,0,10,1,1,0.786,high
Koramangala,0,10,1,1,0.658,high
Electronic City,0,10,1,1,0.815,high
Indiranagar,0,10,1,1,0.984,high
MG Road,0,11,1,0,0.835,high
Whitefield,0,11,1,0,0.698,high
Koramangala,0,11,1,0,0.274,low
Electronic City,0,11,1,0,0.85,high
Indiranagar,0,11,1,0,0.779,high
MG Road,0,12,1,0,0.694,high
Whitefield,0,12,1,0,0.662,high
Koramangala,0,12,1,0,0.4,medium
Electronic City,0,12,1,0,0.626,medium
Indiranagar,0,12,1,0,0.639,medium
MG Road,0,13,1,0,0.867,high
Whitefield,0,13,1,0,0.552,medium
Koramangala,0,13,1,0,0.493,medium
Electronic City,0,13,1,0,0.617,medium
Indiranagar,0,13,1,0,0.48,medium
MG Road,0,14,1,0,0.811,high
Whitefield,0,14,1,0,0.602,medium
Koramangala,0,14,1,0,0.343,low
Electronic City,0,14,1,0,0.815,high
Indiranagar,0,14,1,0,0.642,medium
MG Road,0,15,1,0,0.869,high
Whitefield,0,15,1,0,0.59,medium
Koramangala,0,15,1,0,0.448,medium
Electronic City,0,15,1,0,0.714,high
Indiranagar,0,15,1,0,0.764,high
MG Road,0,16,1,0,0.735,high
Whitefield,0,16,1,0,0.768,high
Koramangala,0,16,1,0,0.403,medium
Electronic City,0,16,1,0,0.64,medium
Indiranagar,0,16,1,0,0.709,high
MG Road,0,17,1,1,1.0,high
Whitefield,0,17,1,1,0.918,high
Koramangala,0,17,1,1,0.748,high
Electronic City,0,17,1,1,1.0,high
Indiranagar,0,17,1,1,0.803,high
MG Road,0,18,1,1,1.0,high
Whitefield,0,18,1,1,0.85,high
Koramangala,0,18,1,1,0.705,high
Electronic City,0,18,1,1,0.828,high
Indiranagar,0,18,1,1,0.886,high
MG Road,0,19,1,1,0.999,high
Whitefield,0,19,1,1,0.982,high
Koramangala,0,19,1,1,0.7,high
Electronic City,0,19,1,1,1.0,high
Indiranagar,0,19,1,1,0.889,high
MG Road,0,20,1,1,0.97,high
Whitefield,0,20,1,1,0.98,high
Koramangala,0,20,1,1,0.809,high
Electronic City,0,20,1,1,1.0,high
Indiranagar,0,20,1,1,0.977,high
MG Road,0,21,1,0,0.754,high
Whitefield,0,21,1,0,0.536,medium
Koramangala,0,21,1,0,0.403,medium
Electronic City,0,21,1,0,0.785,high
Indiranagar,0,21,1,0,0.568,medium
MG Road,0,22,1,0,0.843,high
Whitefield,0,22,1,0,0.625,medium
Koramangala,0,22,1,0,0.32,low
Electronic City,0,22,1,0,0.792,high
Indiranagar,0,22,1,0,0.669,high
MG Road,0,23,1,0,0.814,high
Whitefield,0,23,1,0,0.692,high
Koramangala,0,23,1,0,0.303,low
Electronic City,0,23,1,0,0.787,high
Indiranagar,0,23,1,0,0.506,medium
MG Road,1,0,1,0,0.411,medium
Whitefield,1,0,1,0,0.25,low
Koramangala,1,0,1,0,0.025,low
Electronic City,1,0,1,0,0.406,medium
Indiranagar,1,0,1,0,0.283,low
MG Road,1,1,1,0,0.567,medium
Whitefield,1,1,1,0,0.274,low
Koramangala,1,1,1,0,0.0,low
Electronic City,1,1,1,0,0.541,medium
Indiranagar,1,1,1,0,0.233,low
MG Road,1,2,1,0,0.495,medium
Whitefield,1,2,1,0,0.336,low
Koramangala,1,2,1,0,0.116,low
Electronic City,1,2,1,0,0.538,medium
Indiranagar,1,2,1,0,0.338,low
MG Road,1,3,1,0,0.431,medium
Whitefield,1,3,1,0,0.474,medium
Koramangala,1,3,1,0,0.116,low
Electronic City,1,3,1,0,0.438,medium
Indiranagar,1,3,1,0,0.377,medium
MG Road,1,4,1,0,0.52,medium
Whitefield,1,4,1,0,0.332,low
Koramangala,1,4,1,0,0.299,low
Electronic City,1,4,1,0,0.428,medium
Indiranagar,1,4,1,0,0.275,low
MG Road,1,5,1,0,0.809,high
Whitefield,1,5,1,0,0.686,high
Koramangala,1,5,1,0,0.279,low
Electronic City,1,5,1,0,0.593,medium
Indiranagar,1,5,1,0,0.553,medium
MG Road,1,6,1,0,0.669,high
Whitefield,1,6,1,0,0.566,medium
Koramangala,1,6,1,0,0.44,medium
Electronic City,1,6,1,0,0.679,high
Indiranagar,1,6,1,0,0.486,medium
MG Road,1,7,1,0,0.806,high
Whitefield,1,7,1,0,0.669,high
Koramangala,1,7,1,0,0.264,low
Electronic City,1,7,1,0,0.816,high
Indiranagar,1,7,1,0,0.665,high
MG Road,1,8,1,1,1.0,high
Whitefield,1,8,1,1,0.947,high
Koramangala,1,8,1,1,0.826,high
Electronic City,1,8,1,1,0.972,high
Indiranagar,1,8,1,1,0.859,high
MG Road,1,9,1,1,1.0,high
Whitefield,1,9,1,1,0.85,high
Koramangala,1,9,1,1,0.773,high
Electronic City,1,9,1,1,0.892,high
Indiranagar,1,9,1,1,0.781,high
MG Road,1,10,1,1,1.0,high
Whitefield,1,10,1,1,0.932,high
Koramangala,1,10,1,1,0.621,medium
Electronic City,1,10,1,1,1.0,high
Indiranagar,1,10,1,1,0.877,high
MG Road,1,11,1,0,0.92,high
Whitefield,1,11,1,0,0.606,medium
Koramangala,1,11,1,0,0.482,medium
Electronic City,1,11,1,0,0.961,high
Indiranagar,1,11,1,0,0.648,medium
MG Road,1,12,1,0,0.804,high
Whitefield,1,12,1,0,0.658,high
Koramangala,1,12,1,0,0.371,medium
Electronic City,1,12,1,0,0.941,high
Indiranagar,1,12,1,0,0.614,medium
MG Road,1,13,1,0,0.778,high
Whitefield,1,13,1,0,0.533,medium
Koramangala,1,13,1,0,0.488,medium
Electronic City,1,13,1,0,0.819,high
Indiranagar,1,13,1,0,0.56,medium
MG Road,1,14,1,0,0.846,high
Whitefield,1,14,1,0,0.479,medium
Koramangala,1,14,1,0,0.415,medium
Electronic City,1,14,1,0,0.786,high
Indiranagar,1,14,1,0,0.737,high
MG Road,1,15,1,0,0.738,high
Whitefield,1,15,1,0,0.498,medium
Koramangala,1,15,1,0,0.328,low
Electronic City,1,15,1,0,0.643,medium
Indiranagar,1,15,1,0,0.707,high
MG Road,1,16,1,0,0.924,high
Whitefield,1,16,1,0,0.626,medium
Koramangala,1,16,1,0,0.498,medium
Electronic City,1,16,1,0,0.761,high
Indiranagar,1,16,1,0,0.592,medium
MG Road,1,17,1,1,1.0,high
Whitefield,1,17,1,1,0.825,high
Koramangala,1,17,1,1,0.526,medium
Electronic City,1,17,1,1,1.0,high
Indiranagar,1,17,1,1,0.847,high
MG Road,1,18,1,1,1.0,high
Whitefield,1,18,1,1,0.857,high
Koramangala,1,18,1,1,0.637,medium
Electronic City,1,18,1,1,0.93,high
Indiranagar,1,18,1,1,0.856,high
MG Road,1,19,1,1,1.0,high
Whitefield,1,19,1,1,0.759,high
Koramangala,1,19,1,1,0.657,high
Electronic City,1,19,1,1,1.0,high
Indiranagar,1,19,1,1,0.793,high
MG Road,1,20,1,1,1.0,high
Whitefield,1,20,1,1,0.868,high
Koramangala,1,20,1,1,0.559,medium
Electronic City,1,20,1,1,1.0,high
Indiranagar,1,20,1,1,0.778,high
MG Road,1,21,1,0,0.885,high
Whitefield,1,21,1,0,0.787,high
Koramangala,1,21,1,0,0.331,low
Electronic City,1,21,1,0,0.793,high
Indiranagar,1,21,1,0,0.542,medium
MG Road,1,22,1,0,0.883,high
Whitefield,1,22,1,0,0.499,medium
Koramangala,1,22,1,0,0.438,medium
Electronic City,1,22,1,0,0.68,high
Indiranagar,1,22,1,0,0.583,medium
MG Road,1,23,1,0,0.718,high
Whitefield,1,23,1,0,0.666,high
Koramangala,1,23,1,0,0.333,low
Electronic City,1,23,1,0,0.794,high
Indiranagar,1,23,1,0,0.572,medium
MG Road,2,0,1,0,0.491,medium
Whitefield,2,0,1,0,0.312,low
Koramangala,2,0,1,0,0.039,low
Electronic City,2,0,1,0,0.467,medium
Indiranagar,2,0,1,0,0.422,medium
MG Road,2,1,1,0,0.438,medium
Whitefield,2,1,1,0,0.394,medium
Koramangala,2,1,1,0,0.22,low
Electronic City,2,1,1,0,0.385,medium
Indiranagar,2,1,1,0,0.184,low
MG Road,2,2,1,0,0.524,medium
Whitefield,2,2,1,0,0.256,low
Koramangala,2,2,1,0,0.249,low
Electronic City,2,2,1,0,0.453,medium
Indiranagar,2,2,1,0,0.236,low
MG Road,2,3,1,0,0.408,medium
Whitefield,2,3,1,0,0.387,medium
Koramangala,2,3,1,0,0.054,low
Electronic City,2,3,1,0,0.454,medium
Indiranagar,2,3,1,0,0.376,medium
MG Road,2,4,1,0,0.461,medium
Whitefield,2,4,1,0,0.296,low
Koramangala,2,4,1,0,0.099,low
Electronic City,2,4,1,0,0.505,medium
Indiranagar,2,4,1,0,0.347,low
MG Road,2,5,1,0,0.782,high
Whitefield,2,5,1,0,0.605,medium
Koramangala,2,5,1,0,0.37,medium
Electronic City,2,5,1,0,0.632,medium
Indiranagar,2,5,1,0,0.621,medium
MG Road,2,6,1,0,0.951,high
Whitefield,2,6,1,0,0.529,medium
Koramangala,2,6,1,0,0.338,low
Electronic City,2,6,1,0,0.68,high
Indiranagar,2,6,1,0,0.658,high
MG Road,2,7,1,0,0.836,high
Whitefield,2,7,1,0,0.587,medium
Koramangala,2,7,1,0,0.327,low
Electronic City,2,7,1,0,0.757,high
Indiranagar,2,7,1,0,0.475,medium
MG Road,2,8,1,1,1.0,high
Whitefield,2,8,1,1,0.92,high
Koramangala,2,8,1,1,0.55,medium
Electronic City,2,8,1,1,0.877,high
Indiranagar,2,8,1,1,0.976,high
MG Road,2,9,1,1,1.0,high
Whitefield,2,9,1,1,0.941,high
Koramangala,2,9,1,1,0.638,medium
Electronic City,2,9,1,1,0.987,high
Indiranagar,2,9,1,1,0.885,high
MG Road,2,10,1,1,0.979,high
Whitefield,2,10,1,1,0.861,high
Koramangala,2,10,1,1,0.619,medium
Electronic City,2,10,1,1,0.894,high
Indiranagar,2,10,1,1,0.877,high
MG Road,2,11,1,0,0.779,high
Whitefield,2,11,1,0,0.587,medium
Koramangala,2,11,1,0,0.303,low
Electronic City,2,11,1,0,0.877,high
Indiranagar,2,11,1,0,0.67,high
MG Road,2,12,1,0,0.877,high
Whitefield,2,12,1,0,0.576,medium
Koramangala,2,12,1,0,0.262,low
Electronic City,2,12,1,0,0.906,high
Indiranagar,2,12,1,0,0.595,medium
MG Road,2,13,1,0,0.74,high
Whitefield,2,13,1,0,0.633,medium
Koramangala,2,13,1,0,0.493,medium
Electronic City,2,13,1,0,0.748,high
Indiranagar,2,13,1,0,0.702,high
MG Road,2,14,1,0,0.887,high
Whitefield,2,14,1,0,0.514,medium
Koramangala,2,14,1,0,0.346,low
Electronic City,2,14,1,0,0.827,high
Indiranagar,2,14,1,0,0.383,medium
MG Road,2,15,1,0,0.788,high
Whitefield,2,15,1,0,0.486,medium
Koramangala,2,15,1,0,0.362,medium
Electronic City,2,15,1,0,0.726,high
Indiranagar,2,15,1,0,0.571,medium
MG Road,2,16,1,0,0.756,high
Whitefield,2,16,1,0,0.512,medium
Koramangala,2,16,1,0,0.583,medium
Electronic City,2,16,1,0,0.899,high
Indiranagar,2,16,1,0,0.507,medium
MG Road,2,17,1,1,1.0,high
Whitefield,2,17,1,1,0.818,high
Koramangala,2,17,1,1,0.66,high
Electronic City,2,17,1,1,0.995,high
Indiranagar,2,17,1,1,0.797,high
MG Road,2,18,1,1,1.0,high
Whitefield,2,18,1,1,0.86,high
Koramangala,2,18,1,1,0.612,medium
Electronic City,2,18,1,1,0.896,high
Indiranagar,2,18,1,1,0.779,high
MG Road,2,19,1,1,0.919,high
Whitefield,2,19,1,1,0.851,high
Koramangala,2,19,1,1,0.554,medium
Electronic City,2,19,1,1,0.979,high
Indiranagar,2,19,1,1,0.96,high
MG Road,2,20,1,1,1.0,high
Whitefield,2,20,1,1,0.847,high
Koramangala,2,20,1,1,0.643,medium
Electronic City,2,20,1,1,1.0,high
Indiranagar,2,20,1,1,0.892,high
MG Road,2,21,1,0,0.774,high
Whitefield,2,21,1,0,0.486,medium
Koramangala,2,21,1,0,0.432,medium
Electronic City,2,21,1,0,0.816,high
Indiranagar,2,21,1,0,0.549,medium
MG Road,2,22,1,0,0.823,high
Whitefield,2,22,1,0,0.571,medium
Koramangala,2,22,1,0,0.385,medium
Electronic City,2,22,1,0,0.551,medium
Indiranagar,2,22,1,0,0.582,medium
MG Road,2,23,1,0,0.878,high
Whitefield,2,23,1,0,0.549,medium
Koramangala,2,23,1,0,0.404,medium
Electronic City,2,23,1,0,0.69,high
Indiranagar,2,23,1,0,0.629,medium
MG Road,3,0,1,0,0.483,medium
Whitefield,3,0,1,0,0.225,low
Koramangala,3,0,1,0,0.207,low
Electronic City,3,0,1,0,0.524,medium
Indiranagar,3,0,1,0,0.252,low
MG Road,3,1,1,0,0.54,medium
Whitefield,3,1,1,0,0.343,low
Koramangala,3,1,1,0,0.151,low
Electronic City,3,1,1,0,0.314,low
Indiranagar,3,1,1,0,0.381,medium
MG Road,3,2,1,0,0.454,medium
Whitefield,3,2,1,0,0.271,low
Koramangala,3,2,1,0,0.311,low
Electronic City,3,2,1,0,0.474,medium
Indiranagar,3,2,1,0,0.269,low
MG Road,3,3,1,0,0.324,low
Whitefield,3,3,1,0,0.411,medium
Koramangala,3,3,1,0,0.0,low
Electronic City,3,3,1,0,0.37,medium
Indiranagar,3,3,1,0,0.273,low
MG Road,3,4,1,0,0.613,medium
Whitefield,3,4,1,0,0.362,medium
Koramangala,3,4,1,0,0.087,low
Electronic City,3,4,1,0,0.475,medium
Indiranagar,3,4,1,0,0.252,low
MG Road,3,5,1,0,0.811,high
Whitefield,3,5,1,0,0.606,medium
Koramangala,3,5,1,0,0.478,medium
Electronic City,3,5,1,0,0.827,high
Indiranagar,3,5,1,0,0.64,medium
MG Road,3,6,1,0,0.771,high
Whitefield,3,6,1,0,0.659,high
Koramangala,3,6,1,0,0.393,medium
Electronic City,3,6,1,0,0.663,high
Indiranagar,3,6,1,0,0.568,medium
MG Road,3,7,1,0,0.807,high
Whitefield,3,7,1,0,0.673,high
Koramangala,3,7,1,0,0.385,medium
Electronic City,3,7,1,0,0.653,high
Indiranagar,3,7,1,0,0.605,medium
MG Road,3,8,1,1,1.0,high
Whitefield,3,8,1,1,0.865,high
Koramangala,3,8,1,1,0.724,high
Electronic City,3,8,1,1,1.0,high
Indiranagar,3,8,1,1,0.802,high
MG Road,3,9,1,1,1.0,high
Whitefield,3,9,1,1,0.767,high
Koramangala,3,9,1,1,0.706,high
Electronic City,3,9,1,1,1.0,high
Indiranagar,3,9,1,1,0.825,high
MG Road,3,10,1,1,1.0,high
Whitefield,3,10,1,1,0.967,high
Koramangala,3,10,1,1,0.69,high
Electronic City,3,10,1,1,1.0,high
Indiranagar,3,10,1,1,0.755,high
MG Road,3,11,1,0,0.854,high
Whitefield,3,11,1,0,0.526,medium
Koramangala,3,11,1,0,0.309,low
Electronic City,3,11,1,0,0.722,high
Indiranagar,3,11,1,0,0.553,medium
MG Road,3,12,1,0,0.782,high
Whitefield,3,12,1,0,0.485,medium
Koramangala,3,12,1,0,0.477,medium
Electronic City,3,12,1,0,0.84,high
Indiranagar,3,12,1,0,0.444,medium
MG Road,3,13,1,0,0.878,high
Whitefield,3,13,1,0,0.535,medium
Koramangala,3,13,1,0,0.469,medium
Electronic City,3,13,1,0,0.745,high
Indiranagar,3,13,1,0,0.602,medium
MG Road,3,14,1,0,0.785,high
Whitefield,3,14,1,0,0.697,high
Koramangala,3,14,1,0,0.301,low
Electronic City,3,14,1,0,0.799,high
Indiranagar,3,14,1,0,0.688,high
MG Road,3,15,1,0,0.857,high
Whitefield,3,15,1,0,0.786,high
Koramangala,3,15,1,0,0.358,medium
Electronic City,3,15,1,0,0.827,high
Indiranagar,3,15,1,0,0.592,medium
MG Road,3,16,1,0,0.899,high
Whitefield,3,16,1,0,0.599,medium
Koramangala,3,16,1,0,0.369,medium
Electronic City,3,16,1,0,0.854,high
Indiranagar,3,16,1,0,0.561,medium
MG Road,3,17,1,1,0.937,high
Whitefield,3,17,1,1,0.809,high
Koramangala,3,17,1,1,0.7,high
Electronic City,3,17,1,1,1.0,high
Indiranagar,3,17,1,1,0.859,high
MG Road,3,18,1,1,1.0,high
Whitefield,3,18,1,1,0.741,high
Koramangala,3,18,1,1,0.615,medium
Electronic City,3,18,1,1,0.977,high
Indiranagar,3,18,1,1,0.841,high
MG Road,3,19,1,1,1.0,high
Whitefield,3,19,1,1,0.905,high
Koramangala,3,19,1,1,0.614,medium
Electronic City,3,19,1,1,1.0,high
Indiranagar,3,19,1,1,0.846,high
MG Road,3,20,1,1,0.976,high
Whitefield,3,20,1,1,0.841,high
Koramangala,3,20,1,1,0.639,medium
Electronic City,3,20,1,1,0.987,high
Indiranagar,3,20,1,1,0.853,high
MG Road,3,21,1,0,0.806,high
Whitefield,3,21,1,0,0.565,medium
Koramangala,3,21,1,0,0.502,medium
Electronic City,3,21,1,0,0.656,high
Indiranagar,3,21,1,0,0.542,medium
MG Road,3,22,1,0,1.0,high
Whitefield,3,22,1,0,0.517,medium
Koramangala,3,22,1,0,0.292,low
Electronic City,3,22,1,0,0.809,high
Indiranagar,3,22,1,0,0.434,medium
MG Road,3,23,1,0,0.781,high
Whitefield,3,23,1,0,0.772,high
Koramangala,3,23,1,0,0.276,low
Electronic City,3,23,1,0,0.591,medium
Indiranagar,3,23,1,0,0.48,medium
MG Road,4,0,1,0,0.572,medium
Whitefield,4,0,1,0,0.39,medium
Koramangala,4,0,1,0,0.059,low
Electronic City,4,0,1,0,0.505,medium
Indiranagar,4,0,1,0,0.411,medium
MG Road,4,1,1,0,0.643,medium
Whitefield,4,1,1,0,0.28,low
Koramangala,4,1,1,0,0.0,low
Electronic City,4,1,1,0,0.384,medium
Indiranagar,4,1,1,0,0.266,low
MG Road,4,2,1,0,0.479,medium
Whitefield,4,2,1,0,0.285,low
Koramangala,4,2,1,0,0.19,low
Electronic City,4,2,1,0,0.552,medium
Indiranagar,4,2,1,0,0.286,low
MG Road,4,3,1,0,0.588,medium
Whitefield,4,3,1,0,0.329,low
Koramangala,4,3,1,0,0.105,low
Electronic City,4,3,1,0,0.523,medium
Indiranagar,4,3,1,0,0.306,low
MG Road,4,4,1,0,0.665,high
Whitefield,4,4,1,0,0.185,low
Koramangala,4,4,1,0,0.059,low
Electronic City,4,4,1,0,0.44,medium
Indiranagar,4,4,1,0,0.335,low
MG Road,4,5,1,0,0.901,high
Whitefield,4,5,1,0,0.598,medium
Koramangala,4,5,1,0,0.286,low
Electronic City,4,5,1,0,0.817,high
Indiranagar,4,5,1,0,0.66,high
MG Road,4,6,1,0,0.645,medium
Whitefield,4,6,1,0,0.6,medium
Koramangala,4,6,1,0,0.273,low
Electronic City,4,6,1,0,0.697,high
Indiranagar,4,6,1,0,0.528,medium
MG Road,4,7,1,0,0.865,high
Whitefield,4,7,1,0,0.609,medium
Koramangala,4,7,1,0,0.297,low
Electronic City,4,7,1,0,0.82,high
Indiranagar,4,7,1,0,0.485,medium
MG Road,4,8,1,1,1.0,high
Whitefield,4,8,1,1,0.785,high
Koramangala,4,8,1,1,0.621,medium
Electronic City,4,8,1,1,1.0,high
Indiranagar,4,8,1,1,0.892,high
MG Road,4,9,1,1,1.0,high
Whitefield,4,9,1,1,0.843,high
Koramangala,4,9,1,1,0.675,high
Electronic City,4,9,1,1,0.965,high
Indiranagar,4,9,1,1,0.865,high
MG Road,4,10,1,1,1.0,high
Whitefield,4,10,1,1,0.842,high
Koramangala,4,10,1,1,0.506,medium
Electronic City,4,10,1,1,1.0,high
Indiranagar,4,10,1,1,0.879,high
MG Road,4,11,1,0,0.746,high
Whitefield,4,11,1,0,0.497,medium
Koramangala,4,11,1,0,0.518,medium
Electronic City,4,11,1,0,0.789,high
Indiranagar,4,11,1,0,0.582,medium
MG Road,4,12,1,0,0.709,high
Whitefield,4,12,1,0,0.534,medium
Koramangala,4,12,1,0,0.504,medium
Electronic City,4,12,1,0,0.761,high
Indiranagar,4,12,1,0,0.556,medium
MG Road,4,13,1,0,0.841,high
Whitefield,4,13,1,0,0.535,medium
Koramangala,4,13,1,0,0.52,medium
Electronic City,4,13,1,0,0.858,high
Indiranagar,4,13,1,0,0.563,medium
MG Road,4,14,1,0,0.75,high
Whitefield,4,14,1,0,0.391,medium
Koramangala,4,14,1,0,0.281,low
Electronic City,4,14,1,0,0.643,medium
Indiranagar,4,14,1,0,0.611,medium
MG Road,4,15,1,0,0.774,high
Whitefield,4,15,1,0,0.492,medium
Koramangala,4,15,1,0,0.378,medium
Electronic City,4,15,1,0,0.79,high
Indiranagar,4,15,1,0,0.642,medium
MG Road,4,16,1,0,0.648,medium
Whitefield,4,16,1,0,0.59,medium
Koramangala,4,16,1,0,0.289,low
Electronic City,4,16,1,0,0.822,high
Indiranagar,4,16,1,0,0.663,high
MG Road,4,17,1,1,0.978,high
Whitefield,4,17,1,1,0.789,high
Koramangala,4,17,1,1,0.613,medium
Electronic City,4,17,1,1,0.82,high
Indiranagar,4,17,1,1,0.877,high
MG Road,4,18,1,1,1.0,high
Whitefield,4,18,1,1,0.928,high
Koramangala,4,18,1,1,0.562,medium
Electronic City,4,18,1,1,0.95,high
Indiranagar,4,18,1,1,0.729,high
MG Road,4,19,1,1,0.97,high
Whitefield,4,19,1,1,0.755,high
Koramangala,4,19,1,1,0.73,high
Electronic City,4,19,1,1,0.944,high
Indiranagar,4,19,1,1,0.86,high
MG Road,4,20,1,1,1.0,high
Whitefield,4,20,1,1,0.748,high
Koramangala,4,20,1,1,0.637,medium
Electronic City,4,20,1,1,1.0,high
Indiranagar,4,20,1,1,0.753,high
MG Road,4,21,1,0,0.865,high
Whitefield,4,21,1,0,0.532,medium
Koramangala,4,21,1,0,0.361,medium
Electronic City,4,21,1,0,0.792,high
Indiranagar,4,21,1,0,0.547,medium
MG Road,4,22,1,0,0.803,high
Whitefield,4,22,1,0,0.575,medium
Koramangala,4,22,1,0,0.41,medium
Electronic City,4,22,1,0,0.56,medium
Indiranagar,4,22,1,0,0.454,medium
MG Road,4,23,1,0,0.849,high
Whitefield,4,23,1,0,0.683,high
Koramangala,4,23,1,0,0.327,low
Electronic City,4,23,1,0,0.73,high
Indiranagar,4,23,1,0,0.624,medium
MG Road,5,0,0,0,0.305,low
Whitefield,5,0,0,0,0.0,low
Koramangala,5,0,0,0,0.0,low
Electronic City,5,0,0,0,0.173,low
Indiranagar,5,0,0,0,0.106,low
MG Road,5,1,0,0,0.45,medium
Whitefield,5,1,0,0,0.032,low
Koramangala,5,1,0,0,0.0,low
Electronic City,5,1,0,0,0.232,low
Indiranagar,5,1,0,0,0.156,low
MG Road,5,2,0,0,0.259,low
Whitefield,5,2,0,0,0.0,low
Koramangala,5,2,0,0,0.0,low
Electronic City,5,2,0,0,0.253,low
Indiranagar,5,2,0,0,0.0,low
MG Road,5,3,0,0,0.281,low
Whitefield,5,3,0,0,0.13,low
Koramangala,5,3,0,0,0.0,low
Electronic City,5,3,0,0,0.195,low
Indiranagar,5,3,0,0,0.021,low
MG Road,5,4,0,0,0.348,low
Whitefield,5,4,0,0,0.0,low
Koramangala,5,4,0,0,0.0,low
Electronic City,5,4,0,0,0.09,low
Indiranagar,5,4,0,0,0.135,low
MG Road,5,5,0,0,0.529,medium
Whitefield,5,5,0,0,0.451,medium
Koramangala,5,5,0,0,0.189,low
Electronic City,5,5,0,0,0.402,medium
Indiranagar,5,5,0,0,0.464,medium
MG Road,5,6,0,0,0.674,high
Whitefield,5,6,0,0,0.421,medium
Koramangala,5,6,0,0,0.089,low
Electronic City,5,6,0,0,0.476,medium
Indiranagar,5,6,0,0,0.362,medium
MG Road,5,7,0,0,0.494,medium
Whitefield,5,7,0,0,0.485,medium
Koramangala,5,7,0,0,0.162,low
Electronic City,5,7,0,0,0.284,low
Indiranagar,5,7,0,0,0.377,medium
MG Road,5,8,0,1,0.522,medium
Whitefield,5,8,0,1,0.344,low
Koramangala,5,8,0,1,0.121,low
Electronic City,5,8,0,1,0.565,medium
Indiranagar,5,8,0,1,0.44,medium
MG Road,5,9,0,1,0.573,medium
Whitefield,5,9,0,1,0.323,low
Koramangala,5,9,0,1,0.147,low
Electronic City,5,9,0,1,0.502,medium
Indiranagar,5,9,0,1,0.286,low
MG Road,5,10,0,1,0.596,medium
Whitefield,5,10,0,1,0.387,medium
Koramangala,5,10,0,1,0.273,low
Electronic City,5,10,0,1,0.6,medium
Indiranagar,5,10,0,1,0.295,low
MG Road,5,11,0,0,0.616,medium
Whitefield,5,11,0,0,0.274,low
Koramangala,5,11,0,0,0.206,low
Electronic City,5,11,0,0,0.459,medium
Indiranagar,5,11,0,0,0.268,low
MG Road,5,12,0,0,0.572,medium
Whitefield,5,12,0,0,0.136,low
Koramangala,5,12,0,0,0.01,low
Electronic City,5,12,0,0,0.486,medium
Indiranagar,5,12,0,0,0.357,medium
MG Road,5,13,0,0,0.52,medium
Whitefield,5,13,0,0,0.224,low
Koramangala,5,13,0,0,0.085,low
Electronic City,5,13,0,0,0.531,medium
Indiranagar,5,13,0,0,0.397,medium
MG Road,5,14,0,0,0.549,medium
Whitefield,5,14,0,0,0.443,medium
Koramangala,5,14,0,0,0.182,low
Electronic City,5,14,0,0,0.44,medium
Indiranagar,5,14,0,0,0.328,low
MG Road,5,15,0,0,0.438,medium
Whitefield,5,15,0,0,0.341,low
Koramangala,5,15,0,0,0.239,low
Electronic City,5,15,0,0,0.555,medium
Indiranagar,5,15,0,0,0.462,medium
MG Road,5,16,0,0,0.526,medium
Whitefield,5,16,0,0,0.458,medium
Koramangala,5,16,0,0,0.135,low
Electronic City,5,16,0,0,0.618,medium
Indiranagar,5,16,0,0,0.348,low
MG Road,5,17,0,1,0.607,medium
Whitefield,5,17,0,1,0.468,medium
Koramangala,5,17,0,1,0.135,low
Electronic City,5,17,0,1,0.517,medium
Indiranagar,5,17,0,1,0.453,medium
MG Road,5,18,0,1,0.539,medium
Whitefield,5,18,0,1,0.244,low
Koramangala,5,18,0,1,0.321,low
Electronic City,5,18,0,1,0.462,medium
Indiranagar,5,18,0,1,0.363,medium
MG Road,5,19,0,1,0.642,medium
Whitefield,5,19,0,1,0.301,low
Koramangala,5,19,0,1,0.069,low
Electronic City,5,19,0,1,0.52,medium
Indiranagar,5,19,0,1,0.207,low
MG Road,5,20,0,1,0.527,medium
Whitefield,5,20,0,1,0.37,medium
Koramangala,5,20,0,1,0.128,low
Electronic City,5,20,0,1,0.377,medium
Indiranagar,5,20,0,1,0.478,medium
MG Road,5,21,0,0,0.558,medium
Whitefield,5,21,0,0,0.464,medium
Koramangala,5,21,0,0,0.129,low
Electronic City,5,21,0,0,0.43,medium
Indiranagar,5,21,0,0,0.372,medium
MG Road,5,22,0,0,0.533,medium
Whitefield,5,22,0,0,0.256,low
Koramangala,5,22,0,0,0.268,low
Electronic City,5,22,0,0,0.45,medium
Indiranagar,5,22,0,0,0.203,low
MG Road,5,23,0,0,0.656,high
Whitefield,5,23,0,0,0.31,low
Koramangala,5,23,0,0,0.101,low
Electronic City,5,23,0,0,0.359,medium
Indiranagar,5,23,0,0,0.489,medium
MG Road,6,0,0,0,0.147,low
Whitefield,6,0,0,0,0.055,low
Koramangala,6,0,0,0,0.0,low
Electronic City,6,0,0,0,0.234,low
Indiranagar,6,0,0,0,0.045,low
MG Road,6,1,0,0,0.114,low
Whitefield,6,1,0,0,0.0,low
Koramangala,6,1,0,0,0.0,low
Electronic City,6,1,0,0,0.137,low
Indiranagar,6,1,0,0,0.066,low
MG Road,6,2,0,0,0.305,low
Whitefield,6,2,0,0,0.127,low
Koramangala,6,2,0,0,0.0,low
Electronic City,6,2,0,0,0.376,medium
Indiranagar,6,2,0,0,0.111,low
MG Road,6,3,0,0,0.25,low
Whitefield,6,3,0,0,0.137,low
Koramangala,6,3,0,0,0.039,low
Electronic City,6,3,0,0,0.085,low
Indiranagar,6,3,0,0,0.032,low
MG Road,6,4,0,0,0.06,low
Whitefield,6,4,0,0,0.065,low
Koramangala,6,4,0,0,0.0,low
Electronic City,6,4,0,0,0.197,low
Indiranagar,6,4,0,0,0.0,low
MG Road,6,5,0,0,0.386,medium
Whitefield,6,5,0,0,0.38,medium
Koramangala,6,5,0,0,0.266,low
Electronic City,6,5,0,0,0.453,medium
Indiranagar,6,5,0,0,0.385,medium
MG Road,6,6,0,0,0.425,medium
Whitefield,6,6,0,0,0.387,medium
Koramangala,6,6,0,0,0.119,low
Electronic City,6,6,0,0,0.439,medium
Indiranagar,6,6,0,0,0.289,low
MG Road,6,7,0,0,0.519,medium
Whitefield,6,7,0,0,0.381,medium
Koramangala,6,7,0,0,0.045,low
Electronic City,6,7,0,0,0.468,medium
Indiranagar,6,7,0,0,0.347,low
MG Road,6,8,0,1,0.462,medium
Whitefield,6,8,0,1,0.494,medium
Koramangala,6,8,0,1,0.082,low
Electronic City,6,8,0,1,0.446,medium
Indiranagar,6,8,0,1,0.272,low
MG Road,6,9,0,1,0.694,high
Whitefield,6,9,0,1,0.394,medium
Koramangala,6,9,0,1,0.075,low
Electronic City,6,9,0,1,0.588,medium
Indiranagar,6,9,0,1,0.366,medium
MG Road,6,10,0,1,0.571,medium
Whitefield,6,10,0,1,0.322,low
Koramangala,6,10,0,1,0.09,low
Electronic City,6,10,0,1,0.527,medium
Indiranagar,6,10,0,1,0.306,low
MG Road,6,11,0,0,0.695,high
Whitefield,6,11,0,0,0.248,low
Koramangala,6,11,0,0,0.273,low
Electronic City,6,11,0,0,0.491,medium
Indiranagar,6,11,0,0,0.374,medium
MG Road,6,12,0,0,0.617,medium
Whitefield,6,12,0,0,0.3,low
Koramangala,6,12,0,0,0.219,low
Electronic City,6,12,0,0,0.283,low
Indiranagar,6,12,0,0,0.292,low
MG Road,6,13,0,0,0.476,medium
Whitefield,6,13,0,0,0.25,low
Koramangala,6,13,0,0,0.133,low
Electronic City,6,13,0,0,0.531,medium
Indiranagar,6,13,0,0,0.406,medium
MG Road,6,14,0,0,0.569,medium
Whitefield,6,14,0,0,0.297,low
Koramangala,6,14,0,0,0.18,low
Electronic City,6,14,0,0,0.51,medium
Indiranagar,6,14,0,0,0.425,medium
MG Road,6,15,0,0,0.612,medium
Whitefield,6,15,0,0,0.352,medium
Koramangala,6,15,0,0,0.078,low
Electronic City,6,15,0,0,0.448,medium
Indiranagar,6,15,0,0,0.306,low
MG Road,6,16,0,0,0.525,medium
Whitefield,6,16,0,0,0.371,medium
Koramangala,6,16,0,0,0.207,low
Electronic City,6,16,0,0,0.496,medium
Indiranagar,6,16,0,0,0.351,medium
MG Road,6,17,0,1,0.561,medium
Whitefield,6,17,0,1,0.309,low
Koramangala,6,17,0,1,0.076,low
Electronic City,6,17,0,1,0.36,medium
Indiranagar,6,17,0,1,0.294,low
MG Road,6,18,0,1,0.588,medium
Whitefield,6,18,0,1,0.294,low
Koramangala,6,18,0,1,0.131,low
Electronic City,6,18,0,1,0.537,medium
Indiranagar,6,18,0,1,0.392,medium
MG Road,6,19,0,1,0.464,medium
Whitefield,6,19,0,1,0.43,medium
Koramangala,6,19,0,1,0.24,low
Electronic City,6,19,0,1,0.41,medium
Indiranagar,6,19,0,1,0.284,low
MG Road,6,20,0,1,0.645,medium
Whitefield,6,20,0,1,0.338,low
Koramangala,6,20,0,1,0.0,low
Electronic City,6,20,0,1,0.388,medium
Indiranagar,6,20,0,1,0.33,low
MG Road,6,21,0,0,0.457,medium
Whitefield,6,21,0,0,0.317,low
Koramangala,6,21,0,0,0.153,low
Electronic City,6,21,0,0,0.617,medium
Indiranagar,6,21,0,0,0.327,low
MG Road,6,22,0,0,0.636,medium
Whitefield,6,22,0,0,0.464,medium
Koramangala,6,22,0,0,0.265,low
Electronic City,6,22,0,0,0.523,medium
Indiranagar,6,22,0,0,0.193,low
MG Road,6,23,0,0,0.587,medium
Whitefield,6,23,0,0,0.434,medium
Koramangala,6,23,0,0,0.144,low
Electronic City,6,23,0,0,0.64,medium
Indiranagar,6,23,0,0,0.419,medium
MG Road,0,0,1,0,0.545,medium
Whitefield,0,0,1,0,0.387,medium
Koramangala,0,0,1,0,0.127,low
Electronic City,0,0,1,0,0.251,low
Indiranagar,0,0,1,0,0.26,low
MG Road,0,1,1,0,0.596,medium
Whitefield,0,1,1,0,0.235,low
Koramangala,0,1,1,0,0.082,low
Electronic City,0,1,1,0,0.366,medium
Indiranagar,0,1,1,0,0.443,medium
MG Road,0,2,1,0,0.635,medium
Whitefield,0,2,1,0,0.229,low
Koramangala,0,2,1,0,0.112,low
Electronic City,0,2,1,0,0.396,medium
Indiranagar,0,2,1,0,0.349,low
MG Road,0,3,1,0,0.541,medium
Whitefield,0,3,1,0,0.365,medium
Koramangala,0,3,1,0,0.127,low
Electronic City,0,3,1,0,0.685,high
Indiranagar,0,3,1,0,0.218,low
MG Road,0,4,1,0,0.363,medium
Whitefield,0,4,1,0,0.269,low
Koramangala,0,4,1,0,0.0,low
Electronic City,0,4,1,0,0.331,low
Indiranagar,0,4,1,0,0.22,low
MG Road,0,5,1,0,0.726,high
Whitefield,0,5,1,0,0.524,medium
Koramangala,0,5,1,0,0.441,medium
Electronic City,0,5,1,0,0.71,high
Indiranagar,0,5,1,0,0.586,medium
MG Road,0,6,1,0,0.872,high
Whitefield,0,6,1,0,0.539,medium
Koramangala,0,6,1,0,0.379,medium
Electronic City,0,6,1,0,0.779,high
Indiranagar,0,6,1,0,0.445,medium
MG Road,0,7,1,0,0.609,medium
Whitefield,0,7,1,0,0.628,medium
Koramangala,0,7,1,0,0.439,medium
Electronic City,0,7,1,0,0.915,high
Indiranagar,0,7,1,0,0.613,medium
MG Road,0,8,1,1,1.0,high
Whitefield,0,8,1,1,0.834,high
Koramangala,0,8,1,1,0.674,high
Electronic City,0,8,1,1,1.0,high
Indiranagar,0,8,1,1,0.68,high
MG Road,0,9,1,1,1.0,high
Whitefield,0,9,1,1,1.0,high
Koramangala,0,9,1,1,0.673,high
Electronic City,0,9,1,1,1.0,high
Indiranagar,0,9,1,1,0.8,high
MG Road,0,10,1,1,1.0,high
Whitefield,0,10,1,1,0.853,high
Koramangala,0,10,1,1,0.473,medium
Electronic City,0,10,1,1,0.907,high
Indiranagar,0,10,1,1,0.762,high
MG Road,0,11,1,0,0.866,high
Whitefield,0,11,1,0,0.67,high
Koramangala,0,11,1,0,0.426,medium
Electronic City,0,11,1,0,0.816,high
Indiranagar,0,11,1,0,0.587,medium
MG Road,0,12,1,0,0.896,high
Whitefield,0,12,1,0,0.601,medium
Koramangala,0,12,1,0,0.405,medium
Electronic City,0,12,1,0,0.729,high
Indiranagar,0,12,1,0,0.655,high
MG Road,0,13,1,0,0.766,high
Whitefield,0,13,1,0,0.678,high
Koramangala,0,13,1,0,0.309,low
Electronic City,0,13,1,0,0.662,high
Indiranagar,0,13,1,0,0.655,high
MG Road,0,14,1,0,0.793,high
Whitefield,0,14,1,0,0.564,medium
Koramangala,0,14,1,0,0.471,medium
Electronic City,0,14,1,0,0.701,high
Indiranagar,0,14,1,0,0.584,medium
MG Road,0,15,1,0,0.912,high
Whitefield,0,15,1,0,0.723,high
Koramangala,0,15,1,0,0.526,medium
Electronic City,0,15,1,0,0.727,high
Indiranagar,0,15,1,0,0.698,high
MG Road,0,16,1,0,0.724,high
Whitefield,0,16,1,0,0.527,medium
Koramangala,0,16,1,0,0.212,low
Electronic City,0,16,1,0,0.884,high
Indiranagar,0,16,1,0,0.531,medium
MG Road,0,17,1,1,1.0,high
Whitefield,0,17,1,1,0.777,high
Koramangala,0,17,1,1,0.706,high
Electronic City,0,17,1,1,0.97,high
Indiranagar,0,17,1,1,0.746,high
MG Road,0,18,1,1,1.0,high
Whitefield,0,18,1,1,0.735,high
Koramangala,0,18,1,1,0.583,medium
Electronic City,0,18,1,1,0.831,high
Indiranagar,0,18,1,1,0.736,high
MG Road,0,19,1,1,1.0,high
Whitefield,0,19,1,1,0.693,high
Koramangala,0,19,1,1,0.532,medium
Electronic City,0,19,1,1,1.0,high
Indiranagar,0,19,1,1,0.807,high
MG Road,0,20,1,1,1.0,high
Whitefield,0,20,1,1,0.997,high
Koramangala,0,20,1,1,0.581,medium
Electronic City,0,20,1,1,1.0,high
Indiranagar,0,20,1,1,0.91,high
MG Road,0,21,1,0,0.752,high
Whitefield,0,21,1,0,0.48,medium
Koramangala,0,21,1,0,0.399,medium
Electronic City,0,21,1,0,0.736,high
Indiranagar,0,21,1,0,0.565,medium
MG Road,0,22,1,0,0.835,high
Whitefield,0,22,1,0,0.54,medium
Koramangala,0,22,1,0,0.308,low
Electronic City,0,22,1,0,0.759,high
Indiranagar,0,22,1,0,0.631,medium
MG Road,0,23,1,0,0.706,high
Whitefield,0,23,1,0,0.674,high
Koramangala,0,23,1,0,0.258,low
Electronic City,0,23,1,0,0.704,high
Indiranagar,0,23,1,0,0.579,medium
MG Road,1,0,1,0,0.449,medium
Whitefield,1,0,1,0,0.255,low
Koramangala,1,0,1,0,0.25,low
Electronic City,1,0,1,0,0.382,medium
Indiranagar,1,0,1,0,0.495,medium
MG Road,1,1,1,0,0.535,medium
Whitefield,1,1,1,0,0.307,low
Koramangala,1,1,1,0,0.138,low
Electronic City,1,1,1,0,0.652,high
Indiranagar,1,1,1,0,0.221,low
MG Road,1,2,1,0,0.41,medium
Whitefield,1,2,1,0,0.24,low
Koramangala,1,2,1,0,0.103,low
Electronic City,1,2,1,0,0.312,low
Indiranagar,1,2,1,0,0.302,low
MG Road,1,3,1,0,0.635,medium
Whitefield,1,3,1,0,0.312,low
Koramangala,1,3,1,0,0.077,low
Electronic City,1,3,1,0,0.401,medium
Indiranagar,1,3,1,0,0.372,medium
MG Road,1,4,1,0,0.434,medium
Whitefield,1,4,1,0,0.448,medium
Koramangala,1,4,1,0,0.255,low
Electronic City,1,4,1,0,0.471,medium
Indiranagar,1,4,1,0,0.299,low
MG Road,1,5,1,0,0.882,high
Whitefield,1,5,1,0,0.688,high
Koramangala,1,5,1,0,0.336,low
Electronic City,1,5,1,0,0.708,high
Indiranagar,1,5,1,0,0.494,medium
MG Road,1,6,1,0,0.833,high
Whitefield,1,6,1,0,0.653,high
Koramangala,1,6,1,0,0.292,low
Electronic City,1,6,1,0,0.714,high
Indiranagar,1,6,1,0,0.492,medium
MG Road,1,7,1,0,0.728,high
Whitefield,1,7,1,0,0.644,medium
Koramangala,1,7,1,0,0.341,low
Electronic City,1,7,1,0,0.726,high
Indiranagar,1,7,1,0,0.47,medium
MG Road,1,8,1,1,1.0,high
Whitefield,1,8,1,1,0.846,high
Koramangala,1,8,1,1,0.592,medium
Electronic City,1,8,1,1,0.985,high
Indiranagar,1,8,1,1,0.864,high
MG Road,1,9,1,1,0.985,high
Whitefield,1,9,1,1,0.732,high
Koramangala,1,9,1,1,0.794,high
Electronic City,1,9,1,1,0.949,high
Indiranagar,1,9,1,1,0.842,high
MG Road,1,10,1,1,1.0,high
Whitefield,1,10,1,1,1.0,high
Koramangala,1,10,1,1,0.55,medium
Electronic City,1,10,1,1,1.0,high
Indiranagar,1,10,1,1,0.793,high
MG Road,1,11,1,0,0.757,high
Whitefield,1,11,1,0,0.542,medium
Koramangala,1,11,1,0,0.31,low
Electronic City,1,11,1,0,0.747,high
Indiranagar,1,11,1,0,0.482,medium
MG Road,1,12,1,0,0.876,high
Whitefield,1,12,1,0,0.604,medium
Koramangala,1,12,1,0,0.434,medium
Electronic City,1,12,1,0,0.713,high
Indiranagar,1,12,1,0,0.571,medium
MG Road,1,13,1,0,0.823,high
Whitefield,1,13,1,0,0.507,medium
Koramangala,1,13,1,0,0.371,medium
Electronic City,1,13,1,0,0.681,high
Indiranagar,1,13,1,0,0.529,medium
MG Road,1,14,1,0,0.631,medium
Whitefield,1,14,1,0,0.707,high
Koramangala,1,14,1,0,0.345,low
Electronic City,1,14,1,0,0.843,high
Indiranagar,1,14,1,0,0.686,high
MG Road,1,15,1,0,0.697,high
Whitefield,1,15,1,0,0.513,medium
Koramangala,1,15,1,0,0.605,medium
Electronic City,1,15,1,0,0.89,high
Indiranagar,1,15,1,0,0.597,medium
MG Road,1,16,1,0,0.821,high
Whitefield,1,16,1,0,0.55,medium
Koramangala,1,16,1,0,0.435,medium
Electronic City,1,16,1,0,0.693,high
Indiranagar,1,16,1,0,0.437,medium
MG Road,1,17,1,1,0.944,high
Whitefield,1,17,1,1,0.852,high
Koramangala,1,17,1,1,0.56,medium
Electronic City,1,17,1,1,0.995,high
Indiranagar,1,17,1,1,0.764,high
MG Road,1,18,1,1,0.987,high
Whitefield,1,18,1,1,0.918,high
Koramangala,1,18,1,1,0.67,high
Electronic City,1,18,1,1,0.999,high
Indiranagar,1,18,1,1,0.92,high
MG Road,1,19,1,1,1.0,high
Whitefield,1,19,1,1,0.966,high
Koramangala,1,19,1,1,0.613,medium
Electronic City,1,19,1,1,0.966,high
Indiranagar,1,19,1,1,0.746,high
MG Road,1,20,1,1,1.0,high
Whitefield,1,20,1,1,0.927,high
Koramangala,1,20,1,1,0.754,high
Electronic City,1,20,1,1,1.0,high
Indiranagar,1,20,1,1,0.706,high
MG Road,1,21,1,0,0.887,high
Whitefield,1,21,1,0,0.453,medium
Koramangala,1,21,1,0,0.472,medium
Electronic City,1,21,1,0,0.721,high
Indiranagar,1,21,1,0,0.656,high
MG Road,1,22,1,0,0.693,high
Whitefield,1,22,1,0,0.694,high
Koramangala,1,22,1,0,0.283,low
Electronic City,1,22,1,0,0.697,high
Indiranagar,1,22,1,0,0.52,medium
MG Road,1,23,1,0,0.66,high
Whitefield,1,23,1,0,0.608,medium
Koramangala,1,23,1,0,0.544,medium
Electronic City,1,23,1,0,0.963,high
Indiranagar,1,23,1,0,0.608,medium
MG Road,2,0,1,0,0.589,medium
Whitefield,2,0,1,0,0.319,low
Koramangala,2,0,1,0,0.14,low
Electronic City,2,0,1,0,0.423,medium
Indiranagar,2,0,1,0,0.316,low
MG Road,2,1,1,0,0.543,medium
Whitefield,2,1,1,0,0.254,low
Koramangala,2,1,1,0,0.094,low
Electronic City,2,1,1,0,0.445,medium
Indiranagar,2,1,1,0,0.366,medium
MG Road,2,2,1,0,0.415,medium
Whitefield,2,2,1,0,0.296,low
Koramangala,2,2,1,0,0.253,low
Electronic City,2,2,1,0,0.543,medium
Indiranagar,2,2,1,0,0.408,medium
MG Road,2,3,1,0,0.502,medium
Whitefield,2,3,1,0,0.326,low
Koramangala,2,3,1,0,0.18,low
Electronic City,2,3,1,0,0.575,medium
Indiranagar,2,3,1,0,0.144,low
MG Road,2,4,1,0,0.395,medium
Whitefield,2,4,1,0,0.405,medium
Koramangala,2,4,1,0,0.078,low
Electronic City,2,4,1,0,0.396,medium
Indiranagar,2,4,1,0,0.2,low
MG Road,2,5,1,0,0.756,high
Whitefield,2,5,1,0,0.488,medium
Koramangala,2,5,1,0,0.567,medium
Electronic City,2,5,1,0,0.748,high
Indiranagar,2,5,1,0,0.595,medium
MG Road,2,6,1,0,0.847,high
Whitefield,2,6,1,0,0.677,high
Koramangala,2,6,1,0,0.476,medium
Electronic City,2,6,1,0,0.836,high
Indiranagar,2,6,1,0,0.55,medium
MG Road,2,7,1,0,0.776,high
Whitefield,2,7,1,0,0.662,high
Koramangala,2,7,1,0,0.358,medium
Electronic City,2,7,1,0,0.75,high
Indiranagar,2,7,1,0,0.632,medium
MG Road,2,8,1,1,1.0,high
Whitefield,2,8,1,1,0.708,high
Koramangala,2,8,1,1,0.707,high
Electronic City,2,8,1,1,0.981,high
Indiranagar,2,8,1,1,0.907,high
MG Road,2,9,1,1,1.0,high
Whitefield,2,9,1,1,0.979,high
Koramangala,2,9,1,1,0.758,high
Electronic City,2,9,1,1,1.0,high
Indiranagar,2,9,1,1,0.965,high
MG Road,2,10,1,1,1.0,high
Whitefield,2,10,1,1,0.853,high
Koramangala,2,10,1,1,0.72,high
Electronic City,2,10,1,1,1.0,high
Indiranagar,2,10,1,1,0.825,high
MG Road,2,11,1,0,0.832,high
Whitefield,2,11,1,0,0.597,medium
Koramangala,2,11,1,0,0.332,low
Electronic City,2,11,1,0,0.853,high
Indiranagar,2,11,1,0,0.604,medium
MG Road,2,12,1,0,0.964,high
Whitefield,2,12,1,0,0.47,medium
Koramangala,2,12,1,0,0.355,medium
Electronic City,2,12,1,0,0.753,high
Indiranagar,2,12,1,0,0.691,high
MG Road,2,13,1,0,0.832,high
Whitefield,2,13,1,0,0.625,medium
Koramangala,2,13,1,0,0.31,low
Electronic City,2,13,1,0,0.657,high
Indiranagar,2,13,1,0,0.626,medium
MG Road,2,14,1,0,0.691,high
Whitefield,2,14,1,0,0.557,medium
Koramangala,2,14,1,0,0.44,medium
Electronic City,2,14,1,0,0.671,high
Indiranagar,2,14,1,0,0.728,high
MG Road,2,15,1,0,0.898,high
Whitefield,2,15,1,0,0.474,medium
Koramangala,2,15,1,0,0.325,low
Electronic City,2,15,1,0,0.567,medium
Indiranagar,2,15,1,0,0.537,medium
MG Road,2,16,1,0,0.861,high
Whitefield,2,16,1,0,0.567,medium
Koramangala,2,16,1,0,0.437,medium
Electronic City,2,16,1,0,0.628,medium
Indiranagar,2,16,1,0,0.664,high
MG Road,2,17,1,1,1.0,high
Whitefield,2,17,1,1,0.851,high
Koramangala,2,17,1,1,0.643,medium
Electronic City,2,17,1,1,0.898,high
Indiranagar,2,17,1,1,0.758,high
MG Road,2,18,1,1,1.0,high
Whitefield,2,18,1,1,0.882,high
Koramangala,2,18,1,1,0.734,high
Electronic City,2,18,1,1,1.0,high
Indiranagar,2,18,1,1,0.861,high
MG Road,2,19,1,1,0.912,high
Whitefield,2,19,1,1,0.828,high
Koramangala,2,19,1,1,0.648,medium
Electronic City,2,19,1,1,1.0,high
Indiranagar,2,19,1,1,0.905,high
MG Road,2,20,1,1,1.0,high
Whitefield,2,20,1,1,0.898,high
Koramangala,2,20,1,1,0.593,medium
Electronic City,2,20,1,1,1.0,high
Indiranagar,2,20,1,1,0.869,high
MG Road,2,21,1,0,0.725,high
Whitefield,2,21,1,0,0.569,medium
Koramangala,2,21,1,0,0.384,medium
Electronic City,2,21,1,0,0.878,high
Indiranagar,2,21,1,0,0.434,medium
MG Road,2,22,1,0,0.896,high
Whitefield,2,22,1,0,0.525,medium
Koramangala,2,22,1,0,0.29,low
Electronic City,2,22,1,0,0.844,high
Indiranagar,2,22,1,0,0.659,high
MG Road,2,23,1,0,0.9,high
Whitefield,2,23,1,0,0.664,high
Koramangala,2,23,1,0,0.565,medium
Electronic City,2,23,1,0,0.795,high
Indiranagar,2,23,1,0,0.587,medium
MG Road,3,0,1,0,0.527,medium
Whitefield,3,0,1,0,0.399,medium
Koramangala,3,0,1,0,0.038,low
Electronic City,3,0,1,0,0.398,medium
Indiranagar,3,0,1,0,0.275,low
MG Road,3,1,1,0,0.332,low
Whitefield,3,1,1,0,0.311,low
Koramangala,3,1,1,0,0.0,low
Electronic City,3,1,1,0,0.454,medium
Indiranagar,3,1,1,0,0.369,medium
MG Road,3,2,1,0,0.462,medium
Whitefield,3,2,1,0,0.434,medium
Koramangala,3,2,1,0,0.0,low
Electronic City,3,2,1,0,0.545,medium
Indiranagar,3,2,1,0,0.354,medium
MG Road,3,3,1,0,0.363,medium
Whitefield,3,3,1,0,0.517,medium
Koramangala,3,3,1,0,0.095,low
Electronic City,3,3,1,0,0.38,medium
Indiranagar,3,3,1,0,0.187,low
MG Road,3,4,1,0,0.482,medium
Whitefield,3,4,1,0,0.29,low
Koramangala,3,4,1,0,0.108,low
Electronic City,3,4,1,0,0.426,medium
Indiranagar,3,4,1,0,0.351,medium
MG Road,3,5,1,0,0.769,high
Whitefield,3,5,1,0,0.445,medium
Koramangala,3,5,1,0,0.388,medium
Electronic City,3,5,1,0,0.561,medium
Indiranagar,3,5,1,0,0.628,medium
MG Road,3,6,1,0,0.722,high
Whitefield,3,6,1,0,0.613,medium
Koramangala,3,6,1,0,0.505,medium
Electronic City,3,6,1,0,0.674,high
Indiranagar,3,6,1,0,0.685,high
MG Road,3,7,1,0,0.765,high
Whitefield,3,7,1,0,0.74,high
Koramangala,3,7,1,0,0.371,medium
Electronic City,3,7,1,0,0.683,high
Indiranagar,3,7,1,0,0.655,high
MG Road,3,8,1,1,1.0,high
Whitefield,3,8,1,1,0.783,high
Koramangala,3,8,1,1,0.612,medium
Electronic City,3,8,1,1,0.996,high
Indiranagar,3,8,1,1,0.957,high
MG Road,3,9,1,1,0.895,high
Whitefield,3,9,1,1,0.852,high
Koramangala,3,9,1,1,0.7,high
Electronic City,3,9,1,1,1.0,high
Indiranagar,3,9,1,1,0.955,high
MG Road,3,10,1,1,1.0,high
Whitefield,3,10,1,1,0.835,high
Koramangala,3,10,1,1,0.697,high
Electronic City,3,10,1,1,1.0,high
Indiranagar,3,10,1,1,0.819,high
MG Road,3,11,1,0,0.841,high
Whitefield,3,11,1,0,0.548,medium
Koramangala,3,11,1,0,0.351,medium
Electronic City,3,11,1,0,0.708,high
Indiranagar,3,11,1,0,0.708,high
MG Road,3,12,1,0,0.542,medium
Whitefield,3,12,1,0,0.632,medium
Koramangala,3,12,1,0,0.403,medium
Electronic City,3,12,1,0,0.616,medium
Indiranagar,3,12,1,0,0.625,medium
MG Road,3,13,1,0,0.838,high
Whitefield,3,13,1,0,0.647,medium
Koramangala,3,13,1,0,0.188,low
Electronic City,3,13,1,0,0.859,high
Indiranagar,3,13,1,0,0.541,medium
MG Road,3,14,1,0,0.855,high
Whitefield,3,14,1,0,0.659,high
Koramangala,3,14,1,0,0.33,low
Electronic City,3,14,1,0,0.803,high
Indiranagar,3,14,1,0,0.569,medium
MG Road,3,15,1,0,0.634,medium
Whitefield,3,15,1,0,0.693,high
Koramangala,3,15,1,0,0.338,low
Electronic City,3,15,1,0,0.682,high
Indiranagar,3,15,1,0,0.568,medium
MG Road,3,16,1,0,0.822,high
Whitefield,3,16,1,0,0.595,medium
Koramangala,3,16,1,0,0.444,medium
Electronic City,3,16,1,0,0.643,medium
Indiranagar,3,16,1,0,0.541,medium
MG Road,3,17,1,1,1.0,high
Whitefield,3,17,1,1,1.0,high
Koramangala,3,17,1,1,0.641,medium
Electronic City,3,17,1,1,1.0,high
Indiranagar,3,17,1,1,0.853,high
MG Road,3,18,1,1,1.0,high
Whitefield,3,18,1,1,0.83,high
Koramangala,3,18,1,1,0.637,medium
Electronic City,3,18,1,1,1.0,high
Indiranagar,3,18,1,1,0.96,high
MG Road,3,19,1,1,1.0,high
Whitefield,3,19,1,1,0.945,high
Koramangala,3,19,1,1,0.573,medium
Electronic City,3,19,1,1,0.967,high
Indiranagar,3,19,1,1,0.792,high
MG Road,3,20,1,1,1.0,high
Whitefield,3,20,1,1,0.821,high
Koramangala,3,20,1,1,0.708,high
Electronic City,3,20,1,1,0.926,high
Indiranagar,3,20,1,1,0.853,high
MG Road,3,21,1,0,0.855,high
Whitefield,3,21,1,0,0.435,medium
Koramangala,3,21,1,0,0.57,medium
Electronic City,3,21,1,0,0.727,high
Indiranagar,3,21,1,0,0.438,medium
MG Road,3,22,1,0,0.813,high
Whitefield,3,22,1,0,0.603,medium
Koramangala,3,22,1,0,0.393,medium
Electronic City,3,22,1,0,0.829,high
Indiranagar,3,22,1,0,0.66,high
MG Road,3,23,1,0,0.824,high
Whitefield,3,23,1,0,0.636,medium
Koramangala,3,23,1,0,0.392,medium
Electronic City,3,23,1,0,0.892,high
Indiranagar,3,23,1,0,0.482,medium
MG Road,4,0,1,0,0.511,medium
Whitefield,4,0,1,0,0.305,low
Koramangala,4,0,1,0,0.165,low
Electronic City,4,0,1,0,0.382,medium
Indiranagar,4,0,1,0,0.161,low
MG Road,4,1,1,0,0.513,medium
Whitefield,4,1,1,0,0.322,low
Koramangala,4,1,1,0,0.219,low
Electronic City,4,1,1,0,0.348,low
Indiranagar,4,1,1,0,0.392,medium
MG Road,4,2,1,0,0.689,high
Whitefield,4,2,1,0,0.27,low
Koramangala,4,2,1,0,0.0,low
Electronic City,4,2,1,0,0.417,medium
Indiranagar,4,2,1,0,0.301,low
MG Road,4,3,1,0,0.545,medium
Whitefield,4,3,1,0,0.253,low
Koramangala,4,3,1,0,0.224,low
Electronic City,4,3,1,0,0.361,medium
Indiranagar,4,3,1,0,0.161,low
MG Road,4,4,1,0,0.589,medium
Whitefield,4,4,1,0,0.118,low
Koramangala,4,4,1,0,0.084,low
Electronic City,4,4,1,0,0.699,high
Indiranagar,4,4,1,0,0.299,low
MG Road,4,5,1,0,0.71,high
Whitefield,4,5,1,0,0.595,medium
Koramangala,4,5,1,0,0.396,medium
Electronic City,4,5,1,0,0.763,high
Indiranagar,4,5,1,0,0.653,high
MG Road,4,6,1,0,0.717,high
Whitefield,4,6,1,0,0.735,high
Koramangala,4,6,1,0,0.42,medium
Electronic City,4,6,1,0,0.808,high
Indiranagar,4,6,1,0,0.55,medium
MG Road,4,7,1,0,0.903,high
Whitefield,4,7,1,0,0.579,medium
Koramangala,4,7,1,0,0.422,medium
Electronic City,4,7,1,0,0.675,high
Indiranagar,4,7,1,0,0.52,medium
MG Road,4,8,1,1,1.0,high
Whitefield,4,8,1,1,0.815,high
Koramangala,4,8,1,1,0.582,medium
Electronic City,4,8,1,1,0.949,high
Indiranagar,4,8,1,1,0.906,high
MG Road,4,9,1,1,1.0,high
Whitefield,4,9,1,1,0.841,high
Koramangala,4,9,1,1,0.651,high
Electronic City,4,9,1,1,0.847,high
Indiranagar,4,9,1,1,0.732,high
MG Road,4,10,1,1,1.0,high
Whitefield,4,10,1,1,0.791,high
Koramangala,4,10,1,1,0.735,high
Electronic City,4,10,1,1,1.0,high
Indiranagar,4,10,1,1,0.908,high
MG Road,4,11,1,0,0.946,high
Whitefield,4,11,1,0,0.593,medium
Koramangala,4,11,1,0,0.452,medium
Electronic City,4,11,1,0,0.703,high
Indiranagar,4,11,1,0,0.796,high
MG Road,4,12,1,0,0.959,high
Whitefield,4,12,1,0,0.601,medium
Koramangala,4,12,1,0,0.431,medium
Electronic City,4,12,1,0,0.859,high
Indiranagar,4,12,1,0,0.588,medium
MG Road,4,13,1,0,0.747,high
Whitefield,4,13,1,0,0.67,high
Koramangala,4,13,1,0,0.406,medium
Electronic City,4,13,1,0,0.765,high
Indiranagar,4,13,1,0,0.533,medium
MG Road,4,14,1,0,0.663,high
Whitefield,4,14,1,0,0.619,medium
Koramangala,4,14,1,0,0.472,medium
Electronic City,4,14,1,0,0.732,high
Indiranagar,4,14,1,0,0.715,high
MG Road,4,15,1,0,0.744,high
Whitefield,4,15,1,0,0.516,medium
Koramangala,4,15,1,0,0.395,medium
Electronic City,4,15,1,0,0.743,high
Indiranagar,4,15,1,0,0.662,high
MG Road,4,16,1,0,0.738,high
Whitefield,4,16,1,0,0.709,high
Koramangala,4,16,1,0,0.557,medium
Electronic City,4,16,1,0,0.747,high
Indiranagar,4,16,1,0,0.7,high
MG Road,4,17,1,1,0.965,high
Whitefield,4,17,1,1,0.936,high
Koramangala,4,17,1,1,0.734,high
Electronic City,4,17,1,1,1.0,high
Indiranagar,4,17,1,1,0.849,high
MG Road,4,18,1,1,0.814,high
Whitefield,4,18,1,1,0.799,high
Koramangala,4,18,1,1,0.6,medium
Electronic City,4,18,1,1,0.922,high
Indiranagar,4,18,1,1,0.86,high
MG Road,4,19,1,1,1.0,high
Whitefield,4,19,1,1,0.784,high
Koramangala,4,19,1,1,0.565,medium
Electronic City,4,19,1,1,0.943,high
Indiranagar,4,19,1,1,0.94,high
MG Road,4,20,1,1,0.997,high
Whitefield,4,20,1,1,0.809,high
Koramangala,4,20,1,1,0.613,medium
Electronic City,4,20,1,1,1.0,high
Indiranagar,4,20,1,1,0.886,high
MG Road,4,21,1,0,0.556,medium
Whitefield,4,21,1,0,0.682,high
Koramangala,4,21,1,0,0.515,medium
Electronic City,4,21,1,0,0.666,high
Indiranagar,4,21,1,0,0.522,medium
MG Road,4,22,1,0,0.764,high
Whitefield,4,22,1,0,0.54,medium
Koramangala,4,22,1,0,0.418,medium
Electronic City,4,22,1,0,0.594,medium
Indiranagar,4,22,1,0,0.511,medium
MG Road,4,23,1,0,0.923,high
Whitefield,4,23,1,0,0.526,medium
Koramangala,4,23,1,0,0.499,medium
Electronic City,4,23,1,0,0.778,high
Indiranagar,4,23,1,0,0.455,medium
MG Road,5,0,0,0,0.301,low
Whitefield,5,0,0,0,0.041,low
Koramangala,5,0,0,0,0.0,low
Electronic City,5,0,0,0,0.22,low
Indiranagar,5,0,0,0,0.088,low
MG Road,5,1,0,0,0.307,low
Whitefield,5,1,0,0,0.144,low
Koramangala,5,1,0,0,0.0,low
Electronic City,5,1,0,0,0.09,low
Indiranagar,5,1,0,0,0.012,low
MG Road,5,2,0,0,0.485,medium
Whitefield,5,2,0,0,0.108,low
Koramangala,5,2,0,0,0.04,low
Electronic City,5,2,0,0,0.312,low
Indiranagar,5,2,0,0,0.069,low
MG Road,5,3,0,0,0.274,low
Whitefield,5,3,0,0,0.047,low
Koramangala,5,3,0,0,0.0,low
Electronic City,5,3,0,0,0.201,low
Indiranagar,5,3,0,0,0.147,low
MG Road,5,4,0,0,0.202,low
Whitefield,5,4,0,0,0.083,low
Koramangala,5,4,0,0,0.0,low
Electronic City,5,4,0,0,0.127,low
Indiranagar,5,4,0,0,0.014,low
MG Road,5,5,0,0,0.469,medium
Whitefield,5,5,0,0,0.284,low
Koramangala,5,5,0,0,0.047,low
Electronic City,5,5,0,0,0.428,medium
Indiranagar,5,5,0,0,0.464,medium
MG Road,5,6,0,0,0.477,medium
Whitefield,5,6,0,0,0.36,medium
Koramangala,5,6,0,0,0.11,low
Electronic City,5,6,0,0,0.594,medium
Indiranagar,5,6,0,0,0.455,medium
MG Road,5,7,0,0,0.619,medium
Whitefield,5,7,0,0,0.374,medium
Koramangala,5,7,0,0,0.132,low
Electronic City,5,7,0,0,0.405,medium
Indiranagar,5,7,0,0,0.505,medium
MG Road,5,8,0,1,0.489,medium
Whitefield,5,8,0,1,0.403,medium
Koramangala,5,8,0,1,0.235,low
Electronic City,5,8,0,1,0.456,medium
Indiranagar,5,8,0,1,0.433,medium
MG Road,5,9,0,1,0.611,medium
Whitefield,5,9,0,1,0.488,medium
Koramangala,5,9,0,1,0.112,low
Electronic City,5,9,0,1,0.397,medium
Indiranagar,5,9,0,1,0.31,low
MG Road,5,10,0,1,0.567,medium
Whitefield,5,10,0,1,0.355,medium
Koramangala,5,10,0,1,0.119,low
Electronic City,5,10,0,1,0.347,low
Indiranagar,5,10,0,1,0.388,medium
MG Road,5,11,0,0,0.708,high
Whitefield,5,11,0,0,0.387,medium
Koramangala,5,11,0,0,0.199,low
Electronic City,5,11,0,0,0.546,medium
Indiranagar,5,11,0,0,0.382,medium
MG Road,5,12,0,0,0.625,medium
Whitefield,5,12,0,0,0.382,medium
Koramangala,5,12,0,0,0.125,low
Electronic City,5,12,0,0,0.436,medium
Indiranagar,5,12,0,0,0.33,low
MG Road,5,13,0,0,0.575,medium
Whitefield,5,13,0,0,0.325,low
Koramangala,5,13,0,0,0.175,low
Electronic City,5,13,0,0,0.535,medium
Indiranagar,5,13,0,0,0.417,medium
MG Road,5,14,0,0,0.653,high
Whitefield,5,14,0,0,0.356,medium
Koramangala,5,14,0,0,0.045,low
Electronic City,5,14,0,0,0.472,medium
Indiranagar,5,14,0,0,0.354,medium
MG Road,5,15,0,0,0.403,medium
Whitefield,5,15,0,0,0.461,medium
Koramangala,5,15,0,0,0.161,low
Electronic City,5,15,0,0,0.531,medium
Indiranagar,5,15,0,0,0.459,medium
MG Road,5,16,0,0,0.5,medium
Whitefield,5,16,0,0,0.396,medium
Koramangala,5,16,0,0,0.141,low
Electronic City,5,16,0,0,0.485,medium
Indiranagar,5,16,0,0,0.288,low
MG Road,5,17,0,1,0.683,high
Whitefield,5,17,0,1,0.32,low
Koramangala,5,17,0,1,0.206,low
Electronic City,5,17,0,1,0.35,low
Indiranagar,5,17,0,1,0.444,medium
MG Road,5,18,0,1,0.634,medium
Whitefield,5,18,0,1,0.358,medium
Koramangala,5,18,0,1,0.132,low
Electronic City,5,18,0,1,0.532,medium
Indiranagar,5,18,0,1,0.533,medium
MG Road,5,19,0,1,0.409,medium
Whitefield,5,19,0,1,0.413,medium
Koramangala,5,19,0,1,0.077,low
Electronic City,5,19,0,1,0.498,medium
Indiranagar,5,19,0,1,0.33,low
MG Road,5,20,0,1,0.516,medium
Whitefield,5,20,0,1,0.349,low
Koramangala,5,20,0,1,0.059,low
Electronic City,5,20,0,1,0.582,medium
Indiranagar,5,20,0,1,0.206,low
MG Road,5,21,0,0,0.593,medium
Whitefield,5,21,0,0,0.324,low
Koramangala,5,21,0,0,0.056,low
Electronic City,5,21,0,0,0.516,medium
Indiranagar,5,21,0,0,0.225,low
MG Road,5,22,0,0,0.553,medium
Whitefield,5,22,0,0,0.236,low
Koramangala,5,22,0,0,0.187,low
Electronic City,5,22,0,0,0.426,medium
Indiranagar,5,22,0,0,0.314,low
MG Road,5,23,0,0,0.574,medium
Whitefield,5,23,0,0,0.288,low
Koramangala,5,23,0,0,0.145,low
Electronic City,5,23,0,0,0.379,medium
Indiranagar,5,23,0,0,0.4,medium
MG Road,6,0,0,0,0.391,medium
Whitefield,6,0,0,0,0.273,low
Koramangala,6,0,0,0,0.0,low
Electronic City,6,0,0,0,0.263,low
Indiranagar,6,0,0,0,0.0,low
MG Road,6,1,0,0,0.37,medium
Whitefield,6,1,0,0,0.112,low
Koramangala,6,1,0,0,0.0,low
Electronic City,6,1,0,0,0.299,low
Indiranagar,6,1,0,0,0.03,low
MG Road,6,2,0,0,0.213,low
Whitefield,6,2,0,0,0.088,low
Koramangala,6,2,0,0,0.0,low
Electronic City,6,2,0,0,0.282,low
Indiranagar,6,2,0,0,0.0,low
MG Road,6,3,0,0,0.166,low
Whitefield,6,3,0,0,0.0,low
Koramangala,6,3,0,0,0.0,low
Electronic City,6,3,0,0,0.151,low
Indiranagar,6,3,0,0,0.0,low
MG Road,6,4,0,0,0.202,low
Whitefield,6,4,0,0,0.047,low
Koramangala,6,4,0,0,0.0,low
Electronic City,6,4,0,0,0.108,low
Indiranagar,6,4,0,0,0.219,low
MG Road,6,5,0,0,0.481,medium
Whitefield,6,5,0,0,0.324,low
Koramangala,6,5,0,0,0.121,low
Electronic City,6,5,0,0,0.466,medium
Indiranagar,6,5,0,0,0.4,medium
MG Road,6,6,0,0,0.626,medium
Whitefield,6,6,0,0,0.326,low
Koramangala,6,6,0,0,0.051,low
Electronic City,6,6,0,0,0.602,medium
Indiranagar,6,6,0,0,0.342,low
MG Road,6,7,0,0,0.688,high
Whitefield,6,7,0,0,0.17,low
Koramangala,6,7,0,0,0.166,low
Electronic City,6,7,0,0,0.653,high
Indiranagar,6,7,0,0,0.322,low
MG Road,6,8,0,1,0.532,medium
Whitefield,6,8,0,1,0.374,medium
Koramangala,6,8,0,1,0.105,low
Electronic City,6,8,0,1,0.475,medium
Indiranagar,6,8,0,1,0.323,low
MG Road,6,9,0,1,0.5,medium
Whitefield,6,9,0,1,0.448,medium
Koramangala,6,9,0,1,0.187,low
Electronic City,6,9,0,1,0.52,medium
Indiranagar,6,9,0,1,0.415,medium
MG Road,6,10,0,1,0.529,medium
Whitefield,6,10,0,1,0.288,low
Koramangala,6,10,0,1,0.102,low
Electronic City,6,10,0,1,0.5,medium
Indiranagar,6,10,0,1,0.265,low
MG Road,6,11,0,0,0.51,medium
Whitefield,6,11,0,0,0.309,low
Koramangala,6,11,0,0,0.32,low
Electronic City,6,11,0,0,0.278,low
Indiranagar,6,11,0,0,0.336,low
MG Road,6,12,0,0,0.688,high
Whitefield,6,12,0,0,0.36,medium
Koramangala,6,12,0,0,0.21,low
Electronic City,6,12,0,0,0.508,medium
Indiranagar,6,12,0,0,0.297,low
MG Road,6,13,0,0,0.371,medium
Whitefield,6,13,0,0,0.366,medium
Koramangala,6,13,0,0,0.088,low
Electronic City,6,13,0,0,0.436,medium
Indiranagar,6,13,0,0,0.31,low
MG Road,6,14,0,0,0.69,high
Whitefield,6,14,0,0,0.542,medium
Koramangala,6,14,0,0,0.167,low
Electronic City,6,14,0,0,0.463,medium
Indiranagar,6,14,0,0,0.256,low
MG Road,6,15,0,0,0.587,medium
Whitefield,6,15,0,0,0.493,medium
Koramangala,6,15,0,0,0.13,low
Electronic City,6,15,0,0,0.31,low
Indiranagar,6,15,0,0,0.404,medium
MG Road,6,16,0,0,0.629,medium
Whitefield,6,16,0,0,0.223,low
Koramangala,6,16,0,0,0.164,low
Electronic City,6,16,0,0,0.536,medium
Indiranagar,6,16,0,0,0.344,low
MG Road,6,17,0,1,0.487,medium
Whitefield,6,17,0,1,0.431,medium
Koramangala,6,17,0,1,0.118,low
Electronic City,6,17,0,1,0.381,medium
Indiranagar,6,17,0,1,0.186,low
MG Road,6,18,0,1,0.651,high
Whitefield,6,18,0,1,0.399,medium
Koramangala,6,18,0,1,0.157,low
Electronic City,6,18,0,1,0.465,medium
Indiranagar,6,18,0,1,0.308,low
MG Road,6,19,0,1,0.464,medium
Whitefield,6,19,0,1,0.315,low
Koramangala,6,19,0,1,0.0,low
Electronic City,6,19,0,1,0.441,medium
Indiranagar,6,19,0,1,0.325,low
MG Road,6,20,0,1,0.599,medium
Whitefield,6,20,0,1,0.347,low
Koramangala,6,20,0,1,0.214,low
Electronic City,6,20,0,1,0.608,medium
Indiranagar,6,20,0,1,0.435,medium
MG Road,6,21,0,0,0.588,medium
Whitefield,6,21,0,0,0.351,medium
Koramangala,6,21,0,0,0.072,low
Electronic City,6,21,0,0,0.559,medium
Indiranagar,6,21,0,0,0.484,medium
MG Road,6,22,0,0,0.577,medium
Whitefield,6,22,0,0,0.503,medium
Koramangala,6,22,0,0,0.028,low
Electronic City,6,22,0,0,0.408,medium
Indiranagar,6,22,0,0,0.418,medium
MG Road,6,23,0,0,0.571,medium
Whitefield,6,23,0,0,0.455,medium
Koramangala,6,23,0,0,0.149,low
Electronic City,6,23,0,0,0.431,medium
Indiranagar,6,23,0,0,0.333,low
MG Road,0,0,1,0,0.377,medium
Whitefield,0,0,1,0,0.21,low
Koramangala,0,0,1,0,0.178,low
Electronic City,0,0,1,0,0.52,medium
Indiranagar,0,0,1,0,0.329,low
MG Road,0,1,1,0,0.362,medium
Whitefield,0,1,1,0,0.271,low
Koramangala,0,1,1,0,0.002,low
Electronic City,0,1,1,0,0.544,medium
Indiranagar,0,1,1,0,0.253,low
MG Road,0,2,1,0,0.413,medium
Whitefield,0,2,1,0,0.302,low
Koramangala,0,2,1,0,0.049,low
Electronic City,0,2,1,0,0.569,medium
Indiranagar,0,2,1,0,0.241,low
MG Road,0,3,1,0,0.388,medium
Whitefield,0,3,1,0,0.128,low
Koramangala,0,3,1,0,0.098,low
Electronic City,0,3,1,0,0.405,medium
Indiranagar,0,3,1,0,0.186,low
MG Road,0,4,1,0,0.595,medium
Whitefield,0,4,1,0,0.353,medium
Koramangala,0,4,1,0,0.098,low
Electronic City,0,4,1,0,0.559,medium
Indiranagar,0,4,1,0,0.353,medium
MG Road,0,5,1,0,0.734,high
Whitefield,0,5,1,0,0.517,medium
Koramangala,0,5,1,0,0.465,medium
Electronic City,0,5,1,0,0.782,high
Indiranagar,0,5,1,0,0.614,medium
MG Road,0,6,1,0,0.732,high
Whitefield,0,6,1,0,0.649,medium
Koramangala,0,6,1,0,0.34,low
Electronic City,0,6,1,0,0.742,high
Indiranagar,0,6,1,0,0.716,high
MG Road,0,7,1,0,0.747,high
Whitefield,0,7,1,0,0.474,medium
Koramangala,0,7,1,0,0.316,low
Electronic City,0,7,1,0,0.83,high
Indiranagar,0,7,1,0,0.62,medium
MG Road,0,8,1,1,1.0,high
Whitefield,0,8,1,1,0.809,high
Koramangala,0,8,1,1,0.689,high
Electronic City,0,8,1,1,0.932,high
Indiranagar,0,8,1,1,0.874,high
MG Road,0,9,1,1,0.991,high
Whitefield,0,9,1,1,0.778,high
Koramangala,0,9,1,1,0.599,medium
Electronic City,0,9,1,1,0.97,high
Indiranagar,0,9,1,1,0.846,high
MG Road,0,10,1,1,1.0,high
Whitefield,0,10,1,1,0.555,medium
Koramangala,0,10,1,1,0.585,medium
Electronic City,0,10,1,1,0.969,high
Indiranagar,0,10,1,1,0.97,high
MG Road,0,11,1,0,0.714,high
Whitefield,0,11,1,0,0.613,medium
Koramangala,0,11,1,0,0.52,medium
Electronic City,0,11,1,0,0.645,medium
Indiranagar,0,11,1,0,0.632,medium
MG Road,0,12,1,0,0.736,high
Whitefield,0,12,1,0,0.56,medium
Koramangala,0,12,1,0,0.336,low
Electronic City,0,12,1,0,0.691,high
Indiranagar,0,12,1,0,0.818,high
MG Road,0,13,1,0,0.868,high
Whitefield,0,13,1,0,0.688,high
Koramangala,0,13,1,0,0.439,medium
Electronic City,0,13,1,0,0.621,medium
Indiranagar,0,13,1,0,0.632,medium
MG Road,0,14,1,0,0.886,high
Whitefield,0,14,1,0,0.532,medium
Koramangala,0,14,1,0,0.477,medium
Electronic City,0,14,1,0,0.806,high
Indiranagar,0,14,1,0,0.748,high
MG Road,0,15,1,0,0.767,high
Whitefield,0,15,1,0,0.512,medium
Koramangala,0,15,1,0,0.371,medium
Electronic City,0,15,1,0,0.865,high
Indiranagar,0,15,1,0,0.454,medium
MG Road,0,16,1,0,0.635,medium
Whitefield,0,16,1,0,0.607,medium
Koramangala,0,16,1,0,0.365,medium
Electronic City,0,16,1,0,0.751,high
Indiranagar,0,16,1,0,0.676,high
MG Road,0,17,1,1,1.0,high
Whitefield,0,17,1,1,0.7,high
Koramangala,0,17,1,1,0.814,high
Electronic City,0,17,1,1,0.92,high
Indiranagar,0,17,1,1,0.765,high
MG Road,0,18,1,1,1.0,high
Whitefield,0,18,1,1,0.819,high
Koramangala,0,18,1,1,0.645,medium
Electronic City,0,18,1,1,1.0,high
Indiranagar,0,18,1,1,0.937,high
MG Road,0,19,1,1,1.0,high
Whitefield,0,19,1,1,0.972,high
Koramangala,0,19,1,1,0.479,medium
Electronic City,0,19,1,1,1.0,high
Indiranagar,0,19,1,1,0.783,high
MG Road,0,20,1,1,1.0,high
Whitefield,0,20,1,1,0.861,high
Koramangala,0,20,1,1,0.596,medium
Electronic City,0,20,1,1,1.0,high
Indiranagar,0,20,1,1,0.921,high
MG Road,0,21,1,0,0.851,high
Whitefield,0,21,1,0,0.518,medium
Koramangala,0,21,1,0,0.361,medium
Electronic City,0,21,1,0,0.75,high
Indiranagar,0,21,1,0,0.597,medium
MG Road,0,22,1,0,0.86,high
Whitefield,0,22,1,0,0.439,medium
Koramangala,0,22,1,0,0.427,medium
Electronic City,0,22,1,0,0.727,high
Indiranagar,0,22,1,0,0.533,medium
MG Road,0,23,1,0,0.741,high
Whitefield,0,23,1,0,0.583,medium
Koramangala,0,23,1,0,0.112,low
Electronic City,0,23,1,0,0.694,high
Indiranagar,0,23,1,0,0.53,medium
MG Road,1,0,1,0,0.543,medium
Whitefield,1,0,1,0,0.236,low
Koramangala,1,0,1,0,0.083,low
Electronic City,1,0,1,0,0.573,medium
Indiranagar,1,0,1,0,0.38,medium
MG Road,1,1,1,0,0.572,medium
Whitefield,1,1,1,0,0.26,low
Koramangala,1,1,1,0,0.143,low
Electronic City,1,1,1,0,0.431,medium
Indiranagar,1,1,1,0,0.284,low
MG Road,1,2,1,0,0.533,medium
Whitefield,1,2,1,0,0.252,low
Koramangala,1,2,1,0,0.219,low
Electronic City,1,2,1,0,0.437,medium
Indiranagar,1,2,1,0,0.349,low
MG Road,1,3,1,0,0.616,medium
Whitefield,1,3,1,0,0.383,medium
Koramangala,1,3,1,0,0.0,low
Electronic City,1,3,1,0,0.486,medium
Indiranagar,1,3,1,0,0.368,medium
MG Road,1,4,1,0,0.571,medium
Whitefield,1,4,1,0,0.211,low
Koramangala,1,4,1,0,0.047,low
Electronic City,1,4,1,0,0.53,medium
Indiranagar,1,4,1,0,0.239,low
MG Road,1,5,1,0,0.776,high
Whitefield,1,5,1,0,0.726,high
Koramangala,1,5,1,0,0.396,medium
Electronic City,1,5,1,0,0.692,high
Indiranagar,1,5,1,0,0.53,medium
MG Road,1,6,1,0,0.827,high
Whitefield,1,6,1,0,0.493,medium
Koramangala,1,6,1,0,0.38,medium
Electronic City,1,6,1,0,0.777,high
Indiranagar,1,6,1,0,0.704,high
MG Road,1,7,1,0,0.853,high
Whitefield,1,7,1,0,0.543,medium
Koramangala,1,7,1,0,0.494,medium
Electronic City,1,7,1,0,0.726,high
Indiranagar,1,7,1,0,0.501,medium
MG Road,1,8,1,1,1.0,high
Whitefield,1,8,1,1,0.965,high
Koramangala,1,8,1,1,0.663,high
Electronic City,1,8,1,1,1.0,high
Indiranagar,1,8,1,1,0.981,high
MG Road,1,9,1,1,0.935,high
Whitefield,1,9,1,1,0.747,high
Koramangala,1,9,1,1,0.521,medium
Electronic City,1,9,1,1,1.0,high
Indiranagar,1,9,1,1,0.863,high
MG Road,1,10,1,1,1.0,high
Whitefield,1,10,1,1,0.869,high
Koramangala,1,10,1,1,0.618,medium
Electronic City,1,10,1,1,1.0,high
Indiranagar,1,10,1,1,0.859,high
MG Road,1,11,1,0,0.666,high
Whitefield,1,11,1,0,0.817,high
Koramangala,1,11,1,0,0.442,medium
Electronic City,1,11,1,0,0.767,high
Indiranagar,1,11,1,0,0.649,medium
MG Road,1,12,1,0,0.857,high
Whitefield,1,12,1,0,0.589,medium
Koramangala,1,12,1,0,0.35,low
Electronic City,1,12,1,0,0.798,high
Indiranagar,1,12,1,0,0.631,medium
MG Road,1,13,1,0,0.735,high
Whitefield,1,13,1,0,0.714,high
Koramangala,1,13,1,0,0.423,medium
Electronic City,1,13,1,0,0.808,high
Indiranagar,1,13,1,0,0.711,high
MG Road,1,14,1,0,0.802,high
Whitefield,1,14,1,0,0.625,medium
Koramangala,1,14,1,0,0.465,medium
Electronic City,1,14,1,0,0.692,high
Indiranagar,1,14,1,0,0.604,medium
MG Road,1,15,1,0,0.81,high
Whitefield,1,15,1,0,0.524,medium
Koramangala,1,15,1,0,0.585,medium
Electronic City,1,15,1,0,0.637,medium
Indiranagar,1,15,1,0,0.496,medium
MG Road,1,16,1,0,0.905,high
Whitefield,1,16,1,0,0.657,high
Koramangala,1,16,1,0,0.318,low
Electronic City,1,16,1,0,0.799,high
Indiranagar,1,16,1,0,0.717,high
MG Road,1,17,1,1,1.0,high
Whitefield,1,17,1,1,1.0,high
Koramangala,1,17,1,1,0.512,medium
Electronic City,1,17,1,1,1.0,high
Indiranagar,1,17,1,1,0.943,high
MG Road,1,18,1,1,1.0,high
Whitefield,1,18,1,1,0.834,high
Koramangala,1,18,1,1,0.627,medium
Electronic City,1,18,1,1,1.0,high
Indiranagar,1,18,1,1,0.915,high
MG Road,1,19,1,1,1.0,high
Whitefield,1,19,1,1,0.933,high
Koramangala,1,19,1,1,0.568,medium
Electronic City,1,19,1,1,0.982,high
Indiranagar,1,19,1,1,0.775,high
MG Road,1,20,1,1,1.0,high
Whitefield,1,20,1,1,0.931,high
Koramangala,1,20,1,1,0.659,high
Electronic City,1,20,1,1,1.0,high
Indiranagar,1,20,1,1,0.865,high
MG Road,1,21,1,0,0.805,high
Whitefield,1,21,1,0,0.608,medium
Koramangala,1,21,1,0,0.349,low
Electronic City,1,21,1,0,0.745,high
Indiranagar,1,21,1,0,0.69,high
MG Road,1,22,1,0,0.809,high
Whitefield,1,22,1,0,0.537,medium
Koramangala,1,22,1,0,0.326,low
Electronic City,1,22,1,0,0.714,high
Indiranagar,1,22,1,0,0.606,medium
MG Road,1,23,1,0,0.895,high
Whitefield,1,23,1,0,0.493,medium
Koramangala,1,23,1,0,0.374,medium
Electronic City,1,23,1,0,0.762,high
Indiranagar,1,23,1,0,0.453,medium
MG Road,2,0,1,0,0.433,medium
Whitefield,2,0,1,0,0.246,low
Koramangala,2,0,1,0,0.036,low
Electronic City,2,0,1,0,0.465,medium
Indiranagar,2,0,1,0,0.287,low
MG Road,2,1,1,0,0.456,medium
Whitefield,2,1,1,0,0.334,low
Koramangala,2,1,1,0,0.238,low
Electronic City,2,1,1,0,0.581,medium
Indiranagar,2,1,1,0,0.146,low
MG Road,2,2,1,0,0.546,medium
Whitefield,2,2,1,0,0.286,low
Koramangala,2,2,1,0,0.112,low
Electronic City,2,2,1,0,0.418,medium
Indiranagar,2,2,1,0,0.309,low
MG Road,2,3,1,0,0.512,medium
Whitefield,2,3,1,0,0.254,low
Koramangala,2,3,1,0,0.028,low
Electronic City,2,3,1,0,0.414,medium
Indiranagar,2,3,1,0,0.319,low
MG Road,2,4,1,0,0.548,medium
Whitefield,2,4,1,0,0.368,medium
Koramangala,2,4,1,0,0.06,low
Electronic City,2,4,1,0,0.473,medium
Indiranagar,2,4,1,0,0.377,medium
MG Road,2,5,1,0,0.893,high
Whitefield,2,5,1,0,0.595,medium
Koramangala,2,5,1,0,0.382,medium
Electronic City,2,5,1,0,0.765,high
Indiranagar,2,5,1,0,0.508,medium
MG Road,2,6,1,0,0.785,high
Whitefield,2,6,1,0,0.66,high
Koramangala,2,6,1,0,0.451,medium
Electronic City,2,6,1,0,0.728,high
Indiranagar,2,6,1,0,0.617,medium
MG Road,2,7,1,0,0.734,high
Whitefield,2,7,1,0,0.656,high
Koramangala,2,7,1,0,0.394,medium
Electronic City,2,7,1,0,0.728,high
Indiranagar,2,7,1,0,0.571,medium
MG Road,2,8,1,1,1.0,high
Whitefield,2,8,1,1,0.814,high
Koramangala,2,8,1,1,0.703,high
Electronic City,2,8,1,1,0.968,high
Indiranagar,2,8,1,1,0.977,high
MG Road,2,9,1,1,1.0,high
Whitefield,2,9,1,1,0.779,high
Koramangala,2,9,1,1,0.656,high
Electronic City,2,9,1,1,0.948,high
Indiranagar,2,9,1,1,0.824,high
MG Road,2,10,1,1,1.0,high
Whitefield,2,10,1,1,0.825,high
Koramangala,2,10,1,1,0.679,high
Electronic City,2,10,1,1,1.0,high
Indiranagar,2,10,1,1,0.77,high
MG Road,2,11,1,0,0.732,high
Whitefield,2,11,1,0,0.504,medium
Koramangala,2,11,1,0,0.329,low
Electronic City,2,11,1,0,0.522,medium
Indiranagar,2,11,1,0,0.644,medium
MG Road,2,12,1,0,0.964,high
Whitefield,2,12,1,0,0.612,medium
Koramangala,2,12,1,0,0.287,low
Electronic City,2,12,1,0,0.699,high
Indiranagar,2,12,1,0,0.563,medium
MG Road,2,13,1,0,0.719,high
Whitefield,2,13,1,0,0.669,high
Koramangala,2,13,1,0,0.465,medium
Electronic City,2,13,1,0,0.658,high
Indiranagar,2,13,1,0,0.658,high
MG Road,2,14,1,0,0.922,high
Whitefield,2,14,1,0,0.752,high
Koramangala,2,14,1,0,0.629,medium
Electronic City,2,14,1,0,0.678,high
Indiranagar,2,14,1,0,0.826,high
MG Road,2,15,1,0,0.772,high
Whitefield,2,15,1,0,0.553,medium
Koramangala,2,15,1,0,0.426,medium
Electronic City,2,15,1,0,0.703,high
Indiranagar,2,15,1,0,0.632,medium
MG Road,2,16,1,0,0.694,high
Whitefield,2,16,1,0,0.581,medium
Koramangala,2,16,1,0,0.503,medium
Electronic City,2,16,1,0,0.745,high
Indiranagar,2,16,1,0,0.611,medium
MG Road,2,17,1,1,1.0,high
Whitefield,2,17,1,1,0.944,high
Koramangala,2,17,1,1,0.518,medium
Electronic City,2,17,1,1,1.0,high
Indiranagar,2,17,1,1,0.829,high
MG Road,2,18,1,1,1.0,high
Whitefield,2,18,1,1,0.935,high
Koramangala,2,18,1,1,0.554,medium
Electronic City,2,18,1,1,0.919,high
Indiranagar,2,18,1,1,0.695,high
MG Road,2,19,1,1,1.0,high
Whitefield,2,19,1,1,0.956,high
Koramangala,2,19,1,1,0.64,medium
Electronic City,2,19,1,1,0.893,high
Indiranagar,2,19,1,1,0.811,high
MG Road,2,20,1,1,0.931,high
Whitefield,2,20,1,1,0.76,high
Koramangala,2,20,1,1,0.681,high
Electronic City,2,20,1,1,0.906,high
Indiranagar,2,20,1,1,0.939,high
MG Road,2,21,1,0,0.794,high
Whitefield,2,21,1,0,0.607,medium
Koramangala,2,21,1,0,0.378,medium
Electronic City,2,21,1,0,0.812,high
Indiranagar,2,21,1,0,0.663,high
MG Road,2,22,1,0,0.827,high
Whitefield,2,22,1,0,0.645,medium
Koramangala,2,22,1,0,0.383,medium
Electronic City,2,22,1,0,0.793,high
Indiranagar,2,22,1,0,0.573,medium
MG Road,2,23,1,0,0.8,high
Whitefield,2,23,1,0,0.578,medium
Koramangala,2,23,1,0,0.363,medium
Electronic City,2,23,1,0,0.695,high
Indiranagar,2,23,1,0,0.637,medium
MG Road,3,0,1,0,0.605,medium
Whitefield,3,0,1,0,0.394,medium
Koramangala,3,0,1,0,0.0,low
Electronic City,3,0,1,0,0.553,medium
Indiranagar,3,0,1,0,0.275,low
MG Road,3,1,1,0,0.548,medium
Whitefield,3,1,1,0,0.228,low
Koramangala,3,1,1,0,0.111,low
Electronic City,3,1,1,0,0.475,medium
Indiranagar,3,1,1,0,0.181,low
MG Road,3,2,1,0,0.549,medium
Whitefield,3,2,1,0,0.408,medium
Koramangala,3,2,1,0,0.086,low
Electronic City,3,2,1,0,0.559,medium
Indiranagar,3,2,1,0,0.285,low
MG Road,3,3,1,0,0.568,medium
Whitefield,3,3,1,0,0.123,low
Koramangala,3,3,1,0,0.294,low
Electronic City,3,3,1,0,0.57,medium
Indiranagar,3,3,1,0,0.277,low
MG Road,3,4,1,0,0.342,low
Whitefield,3,4,1,0,0.323,low
Koramangala,3,4,1,0,0.0,low
Electronic City,3,4,1,0,0.486,medium
Indiranagar,3,4,1,0,0.333,low
MG Road,3,5,1,0,0.725,high
Whitefield,3,5,1,0,0.69,high
Koramangala,3,5,1,0,0.464,medium
Electronic City,3,5,1,0,0.828,high
Indiranagar,3,5,1,0,0.601,medium
MG Road,3,6,1,0,0.687,high
Whitefield,3,6,1,0,0.678,high
Koramangala,3,6,1,0,0.378,medium
Electronic City,3,6,1,0,0.639,medium
Indiranagar,3,6,1,0,0.708,high
MG Road,3,7,1,0,0.968,high
Whitefield,3,7,1,0,0.597,medium
Koramangala,3,7,1,0,0.573,medium
Electronic City,3,7,1,0,0.757,high
Indiranagar,3,7,1,0,0.57,medium
MG Road,3,8,1,1,1.0,high
Whitefield,3,8,1,1,0.981,high
Koramangala,3,8,1,1,0.588,medium
Electronic City,3,8,1,1,1.0,high
Indiranagar,3,8,1,1,0.805,high
MG Road,3,9,1,1,1.0,high
Whitefield,3,9,1,1,0.932,high
Koramangala,3,9,1,1,0.62,medium
Electronic City,3,9,1,1,0.968,high
Indiranagar,3,9,1,1,0.941,high
MG Road,3,10,1,1,1.0,high
Whitefield,3,10,1,1,0.902,high
Koramangala,3,10,1,1,0.598,medium
Electronic City,3,10,1,1,0.959,high
Indiranagar,3,10,1,1,0.856,high
MG Road,3,11,1,0,0.826,high
Whitefield,3,11,1,0,0.521,medium
Koramangala,3,11,1,0,0.458,medium
Electronic City,3,11,1,0,0.757,high
Indiranagar,3,11,1,0,0.463,medium
MG Road,3,12,1,0,0.726,high
Whitefield,3,12,1,0,0.56,medium
Koramangala,3,12,1,0,0.394,medium
Electronic City,3,12,1,0,0.901,high
Indiranagar,3,12,1,0,0.619,medium
MG Road,3,13,1,0,0.733,high
Whitefield,3,13,1,0,0.618,medium
Koramangala,3,13,1,0,0.372,medium
Electronic City,3,13,1,0,0.776,high
Indiranagar,3,13,1,0,0.646,medium
MG Road,3,14,1,0,0.897,high
Whitefield,3,14,1,0,0.598,medium
Koramangala,3,14,1,0,0.531,medium
Electronic City,3,14,1,0,0.823,high
Indiranagar,3,14,1,0,0.543,medium
MG Road,3,15,1,0,0.977,high
Whitefield,3,15,1,0,0.626,medium
Koramangala,3,15,1,0,0.333,low
Electronic City,3,15,1,0,0.882,high
Indiranagar,3,15,1,0,0.766,high
MG Road,3,16,1,0,0.797,high
Whitefield,3,16,1,0,0.56,medium
Koramangala,3,16,1,0,0.386,medium
Electronic City,3,16,1,0,0.807,high
Indiranagar,3,16,1,0,0.702,high
MG Road,3,17,1,1,1.0,high
Whitefield,3,17,1,1,0.858,high
Koramangala,3,17,1,1,0.77,high
Electronic City,3,17,1,1,0.975,high
Indiranagar,3,17,1,1,0.932,high
MG Road,3,18,1,1,1.0,high
Whitefield,3,18,1,1,0.884,high
Koramangala,3,18,1,1,0.641,medium
Electronic City,3,18,1,1,0.996,high
Indiranagar,3,18,1,1,0.82,high
MG Road,3,19,1,1,1.0,high
Whitefield,3,19,1,1,0.791,high
Koramangala,3,19,1,1,0.591,medium
Electronic City,3,19,1,1,1.0,high
Indiranagar,3,19,1,1,0.928,high
MG Road,3,20,1,1,0.859,high
Whitefield,3,20,1,1,0.805,high
Koramangala,3,20,1,1,0.505,medium
Electronic City,3,20,1,1,0.924,high
Indiranagar,3,20,1,1,0.599,medium
MG Road,3,21,1,0,0.789,high
Whitefield,3,21,1,0,0.509,medium
Koramangala,3,21,1,0,0.405,medium
Electronic City,3,21,1,0,0.62,medium
Indiranagar,3,21,1,0,0.607,medium
MG Road,3,22,1,0,0.767,high
Whitefield,3,22,1,0,0.72,high
Koramangala,3,22,1,0,0.513,medium
Electronic City,3,22,1,0,0.813,high
Indiranagar,3,22,1,0,0.574,medium
MG Road,3,23,1,0,0.959,high
Whitefield,3,23,1,0,0.476,medium
Koramangala,3,23,1,0,0.288,low
Electronic City,3,23,1,0,0.743,high
Indiranagar,3,23,1,0,0.78,high
MG Road,4,0,1,0,0.484,medium
Whitefield,4,0,1,0,0.285,low
Koramangala,4,0,1,0,0.0,low
Electronic City,4,0,1,0,0.526,medium
Indiranagar,4,0,1,0,0.376,medium
MG Road,4,1,1,0,0.563,medium
Whitefield,4,1,1,0,0.25,low
Koramangala,4,1,1,0,0.043,low
Electronic City,4,1,1,0,0.347,low
Indiranagar,4,1,1,0,0.307,low
MG Road,4,2,1,0,0.414,medium
Whitefield,4,2,1,0,0.206,low
Koramangala,4,2,1,0,0.066,low
Electronic City,4,2,1,0,0.411,medium
Indiranagar,4,2,1,0,0.257,low
MG Road,4,3,1,0,0.537,medium
Whitefield,4,3,1,0,0.306,low
Koramangala,4,3,1,0,0.077,low
Electronic City,4,3,1,0,0.465,medium
Indiranagar,4,3,1,0,0.221,low
MG Road,4,4,1,0,0.508,medium
Whitefield,4,4,1,0,0.312,low
Koramangala,4,4,1,0,0.0,low
Electronic City,4,4,1,0,0.53,medium
Indiranagar,4,4,1,0,0.229,low
MG Road,4,5,1,0,0.807,high
Whitefield,4,5,1,0,0.693,high
Koramangala,4,5,1,0,0.474,medium
Electronic City,4,5,1,0,0.753,high
Indiranagar,4,5,1,0,0.571,medium
MG Road,4,6,1,0,0.876,high
Whitefield,4,6,1,0,0.654,high
Koramangala,4,6,1,0,0.351,medium
Electronic City,4,6,1,0,0.686,high
Indiranagar,4,6,1,0,0.434,medium
MG Road,4,7,1,0,0.812,high
Whitefield,4,7,1,0,0.593,medium
Koramangala,4,7,1,0,0.491,medium
Electronic City,4,7,1,0,0.779,high
Indiranagar,4,7,1,0,0.707,high
MG Road,4,8,1,1,0.994,high
Whitefield,4,8,1,1,0.941,high
Koramangala,4,8,1,1,0.608,medium
Electronic City,4,8,1,1,1.0,high
Indiranagar,4,8,1,1,0.733,high
MG Road,4,9,1,1,1.0,high
Whitefield,4,9,1,1,0.691,high
Koramangala,4,9,1,1,0.629,medium
Electronic City,4,9,1,1,1.0,high
Indiranagar,4,9,1,1,0.808,high
MG Road,4,10,1,1,0.966,high
Whitefield,4,10,1,1,0.918,high
Koramangala,4,10,1,1,0.642,medium
Electronic City,4,10,1,1,0.961,high
Indiranagar,4,10,1,1,0.853,high
MG Road,4,11,1,0,1.0,high
Whitefield,4,11,1,0,0.692,high
Koramangala,4,11,1,0,0.493,medium
Electronic City,4,11,1,0,0.785,high
Indiranagar,4,11,1,0,0.613,medium
MG Road,4,12,1,0,0.608,medium
Whitefield,4,12,1,0,0.546,medium
Koramangala,4,12,1,0,0.362,medium
Electronic City,4,12,1,0,0.6,medium
Indiranagar,4,12,1,0,0.507,medium
MG Road,4,13,1,0,0.642,medium
Whitefield,4,13,1,0,0.597,medium
Koramangala,4,13,1,0,0.466,medium
Electronic City,4,13,1,0,0.839,high
Indiranagar,4,13,1,0,0.633,medium
MG Road,4,14,1,0,0.723,high
Whitefield,4,14,1,0,0.445,medium
Koramangala,4,14,1,0,0.259,low
Electronic City,4,14,1,0,0.648,medium
Indiranagar,4,14,1,0,0.529,medium
MG Road,4,15,1,0,0.787,high
Whitefield,4,15,1,0,0.519,medium
Koramangala,4,15,1,0,0.427,medium
Electronic City,4,15,1,0,0.731,high
Indiranagar,4,15,1,0,0.601,medium
MG Road,4,16,1,0,0.891,high
Whitefield,4,16,1,0,0.506,medium
Koramangala,4,16,1,0,0.433,medium
Electronic City,4,16,1,0,0.749,high
Indiranagar,4,16,1,0,0.573,medium
MG Road,4,17,1,1,1.0,high
Whitefield,4,17,1,1,0.92,high
Koramangala,4,17,1,1,0.574,medium
Electronic City,4,17,1,1,0.985,high
Indiranagar,4,17,1,1,0.872,high
MG Road,4,18,1,1,1.0,high
Whitefield,4,18,1,1,0.897,high
Koramangala,4,18,1,1,0.672,high
Electronic City,4,18,1,1,1.0,high
Indiranagar,4,18,1,1,0.728,high
MG Road,4,19,1,1,1.0,high
Whitefield,4,19,1,1,0.777,high
Koramangala,4,19,1,1,0.698,high
Electronic City,4,19,1,1,0.871,high
Indiranagar,4,19,1,1,0.878,high
MG Road,4,20,1,1,1.0,high
Whitefield,4,20,1,1,0.791,high
Koramangala,4,20,1,1,0.534,medium
Electronic City,4,20,1,1,0.963,high
Indiranagar,4,20,1,1,0.937,high
MG Road,4,21,1,0,0.798,high
Whitefield,4,21,1,0,0.65,high
Koramangala,4,21,1,0,0.533,medium
Electronic City,4,21,1,0,0.771,high
Indiranagar,4,21,1,0,0.555,medium
MG Road,4,22,1,0,0.837,high
Whitefield,4,22,1,0,0.556,medium
Koramangala,4,22,1,0,0.36,medium
Electronic City,4,22,1,0,0.628,medium
Indiranagar,4,22,1,0,0.674,high
MG Road,4,23,1,0,0.769,high
Whitefield,4,23,1,0,0.615,medium
Koramangala,4,23,1,0,0.317,low
Electronic City,4,23,1,0,0.785,high
Indiranagar,4,23,1,0,0.539,medium
MG Road,5,0,0,0,0.239,low
Whitefield,5,0,0,0,0.12,low
Koramangala,5,0,0,0,0.0,low
Electronic City,5,0,0,0,0.198,low
Indiranagar,5,0,0,0,0.0,low
MG Road,5,1,0,0,0.489,medium
Whitefield,5,1,0,0,0.19,low
Koramangala,5,1,0,0,0.0,low
Electronic City,5,1,0,0,0.14,low
Indiranagar,5,1,0,0,0.041,low
MG Road,5,2,0,0,0.207,low
Whitefield,5,2,0,0,0.151,low
Koramangala,5,2,0,0,0.0,low
Electronic City,5,2,0,0,0.137,low
Indiranagar,5,2,0,0,0.012,low
MG Road,5,3,0,0,0.34,low
Whitefield,5,3,0,0,0.178,low
Koramangala,5,3,0,0,0.0,low
Electronic City,5,3,0,0,0.261,low
Indiranagar,5,3,0,0,0.03,low
MG Road,5,4,0,0,0.0,low
Whitefield,5,4,0,0,0.074,low
Koramangala,5,4,0,0,0.0,low
Electronic City,5,4,0,0,0.211,low
Indiranagar,5,4,0,0,0.054,low
MG Road,5,5,0,0,0.444,medium
Whitefield,5,5,0,0,0.395,medium
Koramangala,5,5,0,0,0.201,low
Electronic City,5,5,0,0,0.555,medium
Indiranagar,5,5,0,0,0.426,medium
MG Road,5,6,0,0,0.598,medium
Whitefield,5,6,0,0,0.317,low
Koramangala,5,6,0,0,0.144,low
Electronic City,5,6,0,0,0.507,medium
Indiranagar,5,6,0,0,0.359,medium
MG Road,5,7,0,0,0.63,medium
Whitefield,5,7,0,0,0.401,medium
Koramangala,5,7,0,0,0.316,low
Electronic City,5,7,0,0,0.677,high
Indiranagar,5,7,0,0,0.356,medium
MG Road,5,8,0,1,0.243,low
Whitefield,5,8,0,1,0.449,medium
Koramangala,5,8,0,1,0.107,low
Electronic City,5,8,0,1,0.436,medium
Indiranagar,5,8,0,1,0.318,low
MG Road,5,9,0,1,0.514,medium
Whitefield,5,9,0,1,0.399,medium
Koramangala,5,9,0,1,0.025,low
Electronic City,5,9,0,1,0.414,medium
Indiranagar,5,9,0,1,0.377,medium
MG Road,5,10,0,1,0.6,medium
Whitefield,5,10,0,1,0.401,medium
Koramangala,5,10,0,1,0.087,low
Electronic City,5,10,0,1,0.422,medium
Indiranagar,5,10,0,1,0.309,low
MG Road,5,11,0,0,0.569,medium
Whitefield,5,11,0,0,0.469,medium
Koramangala,5,11,0,0,0.0,low
Electronic City,5,11,0,0,0.482,medium
Indiranagar,5,11,0,0,0.243,low
MG Road,5,12,0,0,0.418,medium
Whitefield,5,12,0,0,0.427,medium
Koramangala,5,12,0,0,0.194,low
Electronic City,5,12,0,0,0.536,medium
Indiranagar,5,12,0,0,0.424,medium
MG Road,5,13,0,0,0.512,medium
Whitefield,5,13,0,0,0.315,low
Koramangala,5,13,0,0,0.325,low
Electronic City,5,13,0,0,0.48,medium
Indiranagar,5,13,0,0,0.409,medium
MG Road,5,14,0,0,0.551,medium
Whitefield,5,14,0,0,0.202,low
Koramangala,5,14,0,0,0.0,low
Electronic City,5,14,0,0,0.454,medium
Indiranagar,5,14,0,0,0.434,medium
MG Road,5,15,0,0,0.613,medium
Whitefield,5,15,0,0,0.423,medium
Koramangala,5,15,0,0,0.071,low
Electronic City,5,15,0,0,0.629,medium
Indiranagar,5,15,0,0,0.273,low
MG Road,5,16,0,0,0.567,medium
Whitefield,5,16,0,0,0.349,low
Koramangala,5,16,0,0,0.136,low
Electronic City,5,16,0,0,0.607,medium
Indiranagar,5,16,0,0,0.294,low
MG Road,5,17,0,1,0.442,medium
Whitefield,5,17,0,1,0.352,medium
Koramangala,5,17,0,1,0.118,low
Electronic City,5,17,0,1,0.77,high
Indiranagar,5,17,0,1,0.404,medium
MG Road,5,18,0,1,0.517,medium
Whitefield,5,18,0,1,0.266,low
Koramangala,5,18,0,1,0.0,low
Electronic City,5,18,0,1,0.418,medium
Indiranagar,5,18,0,1,0.359,medium
MG Road,5,19,0,1,0.664,high
Whitefield,5,19,0,1,0.44,medium
Koramangala,5,19,0,1,0.168,low
Electronic City,5,19,0,1,0.474,medium
Indiranagar,5,19,0,1,0.372,medium
MG Road,5,20,0,1,0.509,medium
Whitefield,5,20,0,1,0.487,medium
Koramangala,5,20,0,1,0.135,low
Electronic City,5,20,0,1,0.493,medium
Indiranagar,5,20,0,1,0.173,low
MG Road,5,21,0,0,0.534,medium
Whitefield,5,21,0,0,0.417,medium
Koramangala,5,21,0,0,0.065,low
Electronic City,5,21,0,0,0.44,medium
Indiranagar,5,21,0,0,0.413,medium
MG Road,5,22,0,0,0.432,medium
Whitefield,5,22,0,0,0.435,medium
Koramangala,5,22,0,0,0.107,low
Electronic City,5,22,0,0,0.469,medium
Indiranagar,5,22,0,0,0.26,low
MG Road,5,23,0,0,0.58,medium
Whitefield,5,23,0,0,0.547,medium
Koramangala,5,23,0,0,0.213,low
Electronic City,5,23,0,0,0.431,medium
Indiranagar,5,23,0,0,0.441,medium
MG Road,6,0,0,0,0.225,low
Whitefield,6,0,0,0,0.16,low
Koramangala,6,0,0,0,0.0,low
Electronic City,6,0,0,0,0.0,low
Indiranagar,6,0,0,0,0.0,low
MG Road,6,1,0,0,0.326,low
Whitefield,6,1,0,0,0.062,low
Koramangala,6,1,0,0,0.0,low
Electronic City,6,1,0,0,0.149,low
Indiranagar,6,1,0,0,0.0,low
MG Road,6,2,0,0,0.243,low
Whitefield,6,2,0,0,0.227,low
Koramangala,6,2,0,0,0.0,low
Electronic City,6,2,0,0,0.375,medium
Indiranagar,6,2,0,0,0.121,low
MG Road,6,3,0,0,0.332,low
Whitefield,6,3,0,0,0.208,low
Koramangala,6,3,0,0,0.0,low
Electronic City,6,3,0,0,0.185,low
Indiranagar,6,3,0,0,0.133,low
MG Road,6,4,0,0,0.366,medium
Whitefield,6,4,0,0,0.012,low
Koramangala,6,4,0,0,0.0,low
Electronic City,6,4,0,0,0.211,low
Indiranagar,6,4,0,0,0.117,low
MG Road,6,5,0,0,0.614,medium
Whitefield,6,5,0,0,0.236,low
Koramangala,6,5,0,0,0.303,low
Electronic City,6,5,0,0,0.449,medium
Indiranagar,6,5,0,0,0.329,low
MG Road,6,6,0,0,0.478,medium
Whitefield,6,6,0,0,0.566,medium
Koramangala,6,6,0,0,0.169,low
Electronic City,6,6,0,0,0.432,medium
Indiranagar,6,6,0,0,0.419,medium
MG Road,6,7,0,0,0.612,medium
Whitefield,6,7,0,0,0.335,low
Koramangala,6,7,0,0,0.217,low
Electronic City,6,7,0,0,0.434,medium
Indiranagar,6,7,0,0,0.311,low
MG Road,6,8,0,1,0.389,medium
Whitefield,6,8,0,1,0.244,low
Koramangala,6,8,0,1,0.295,low
Electronic City,6,8,0,1,0.631,medium
Indiranagar,6,8,0,1,0.355,medium
MG Road,6,9,0,1,0.683,high
Whitefield,6,9,0,1,0.337,low
Koramangala,6,9,0,1,0.131,low
Electronic City,6,9,0,1,0.505,medium
Indiranagar,6,9,0,1,0.34,low
MG Road,6,10,0,1,0.533,medium
Whitefield,6,10,0,1,0.441,medium
Koramangala,6,10,0,1,0.162,low
Electronic City,6,10,0,1,0.557,medium
Indiranagar,6,10,0,1,0.433,medium
MG Road,6,11,0,0,0.581,medium
Whitefield,6,11,0,0,0.272,low
Koramangala,6,11,0,0,0.042,low
Electronic City,6,11,0,0,0.512,medium
Indiranagar,6,11,0,0,0.336,low
MG Road,6,12,0,0,0.557,medium
Whitefield,6,12,0,0,0.349,low
Koramangala,6,12,0,0,0.357,medium
Electronic City,6,12,0,0,0.394,medium
Indiranagar,6,12,0,0,0.191,low
MG Road,6,13,0,0,0.577,medium
Whitefield,6,13,0,0,0.32,low
Koramangala,6,13,0,0,0.175,low
Electronic City,6,13,0,0,0.547,medium
Indiranagar,6,13,0,0,0.453,medium
MG Road,6,14,0,0,0.429,medium
Whitefield,6,14,0,0,0.305,low
Koramangala,6,14,0,0,0.184,low
Electronic City,6,14,0,0,0.562,medium
Indiranagar,6,14,0,0,0.525,medium
MG Road,6,15,0,0,0.626,medium
Whitefield,6,15,0,0,0.345,low
Koramangala,6,15,0,0,0.079,low
Electronic City,6,15,0,0,0.455,medium
Indiranagar,6,15,0,0,0.303,low
MG Road,6,16,0,0,0.602,medium
Whitefield,6,16,0,0,0.371,medium
Koramangala,6,16,0,0,0.044,low
Electronic City,6,16,0,0,0.465,medium
Indiranagar,6,16,0,0,0.42,medium
MG Road,6,17,0,1,0.578,medium
Whitefield,6,17,0,1,0.395,medium
Koramangala,6,17,0,1,0.181,low
Electronic City,6,17,0,1,0.63,medium
Indiranagar,6,17,0,1,0.369,medium
MG Road,6,18,0,1,0.519,medium
Whitefield,6,18,0,1,0.277,low
Koramangala,6,18,0,1,0.17,low
Electronic City,6,18,0,1,0.305,low
Indiranagar,6,18,0,1,0.335,low
MG Road,6,19,0,1,0.534,medium
Whitefield,6,19,0,1,0.241,low
Koramangala,6,19,0,1,0.076,low
Electronic City,6,19,0,1,0.565,medium
Indiranagar,6,19,0,1,0.368,medium
MG Road,6,20,0,1,0.558,medium
Whitefield,6,20,0,1,0.375,medium
Koramangala,6,20,0,1,0.157,low
Electronic City,6,20,0,1,0.599,medium
Indiranagar,6,20,0,1,0.36,medium
MG Road,6,21,0,0,0.433,medium
Whitefield,6,21,0,0,0.48,medium
Koramangala,6,21,0,0,0.18,low
Electronic City,6,21,0,0,0.453,medium
Indiranagar,6,21,0,0,0.25,low
MG Road,6,22,0,0,0.582,medium
Whitefield,6,22,0,0,0.341,low
Koramangala,6,22,0,0,0.276,low
Electronic City,6,22,0,0,0.472,medium
Indiranagar,6,22,0,0,0.283,low
MG Road,6,23,0,0,0.622,medium
Whitefield,6,23,0,0,0.424,medium
Koramangala,6,23,0,0,0.163,low
Electronic City,6,23,0,0,0.554,medium
Indiranagar,6,23,0,0,0.347,low
MG Road,0,0,1,0,0.519,medium
Whitefield,0,0,1,0,0.393,medium
Koramangala,0,0,1,0,0.15,low
Electronic City,0,0,1,0,0.436,medium
Indiranagar,0,0,1,0,0.408,medium
MG Road,0,1,1,0,0.311,low
Whitefield,0,1,1,0,0.464,medium
Koramangala,0,1,1,0,0.0,low
Electronic City,0,1,1,0,0.4,medium
Indiranagar,0,1,1,0,0.297,low
MG Road,0,2,1,0,0.488,medium
Whitefield,0,2,1,0,0.381,medium
Koramangala,0,2,1,0,0.015,low
Electronic City,0,2,1,0,0.471,medium
Indiranagar,0,2,1,0,0.254,low
MG Road,0,3,1,0,0.524,medium
Whitefield,0,3,1,0,0.295,low
Koramangala,0,3,1,0,0.107,low
Electronic City,0,3,1,0,0.406,medium
Indiranagar,0,3,1,0,0.259,low
MG Road,0,4,1,0,0.523,medium
Whitefield,0,4,1,0,0.375,medium
Koramangala,0,4,1,0,0.052,low
Electronic City,0,4,1,0,0.38,medium
Indiranagar,0,4,1,0,0.349,low
MG Road,0,5,1,0,0.797,high
Whitefield,0,5,1,0,0.666,high
Koramangala,0,5,1,0,0.328,low
Electronic City,0,5,1,0,0.608,medium
Indiranagar,0,5,1,0,0.557,medium
MG Road,0,6,1,0,0.739,high
Whitefield,0,6,1,0,0.594,medium
Koramangala,0,6,1,0,0.349,low
Electronic City,0,6,1,0,0.809,high
Indiranagar,0,6,1,0,0.577,medium
MG Road,0,7,1,0,0.812,high
Whitefield,0,7,1,0,0.613,medium
Koramangala,0,7,1,0,0.416,medium
Electronic City,0,7,1,0,0.748,high
Indiranagar,0,7,1,0,0.641,medium
MG Road,0,8,1,1,0.986,high
Whitefield,0,8,1,1,0.962,high
Koramangala,0,8,1,1,0.631,medium
Electronic City,0,8,1,1,0.895,high
Indiranagar,0,8,1,1,0.865,high
MG Road,0,9,1,1,0.982,high
Whitefield,0,9,1,1,0.903,high
Koramangala,0,9,1,1,0.827,high
Electronic City,0,9,1,1,0.937,high
Indiranagar,0,9,1,1,0.877,high
MG Road,0,10,1,1,0.91,high
Whitefield,0,10,1,1,0.886,high
Koramangala,0,10,1,1,0.579,medium
Electronic City,0,10,1,1,0.95,high
Indiranagar,0,10,1,1,0.762,high
MG Road,0,11,1,0,0.859,high
Whitefield,0,11,1,0,0.681,high
Koramangala,0,11,1,0,0.402,medium
Electronic City,0,11,1,0,0.681,high
Indiranagar,0,11,1,0,0.727,high
MG Road,0,12,1,0,0.74,high
Whitefield,0,12,1,0,0.427,medium
Koramangala,0,12,1,0,0.437,medium
Electronic City,0,12,1,0,0.662,high
Indiranagar,0,12,1,0,0.679,high
MG Road,0,13,1,0,0.77,high
Whitefield,0,13,1,0,0.648,medium
Koramangala,0,13,1,0,0.512,medium
Electronic City,0,13,1,0,0.653,high
Indiranagar,0,13,1,0,0.555,medium
MG Road,0,14,1,0,0.794,high
Whitefield,0,14,1,0,0.723,high
Koramangala,0,14,1,0,0.347,low
Electronic City,0,14,1,0,0.702,high
Indiranagar,0,14,1,0,0.638,medium
MG Road,0,15,1,0,0.754,high
Whitefield,0,15,1,0,0.612,medium
Koramangala,0,15,1,0,0.276,low
Electronic City,0,15,1,0,0.927,high
Indiranagar,0,15,1,0,0.492,medium
MG Road,0,16,1,0,0.774,high
Whitefield,0,16,1,0,0.597,medium
Koramangala,0,16,1,0,0.553,medium
Electronic City,0,16,1,0,0.644,medium
Indiranagar,0,16,1,0,0.759,high
MG Road,0,17,1,1,1.0,high
Whitefield,0,17,1,1,0.883,high
Koramangala,0,17,1,1,0.571,medium
Electronic City,0,17,1,1,1.0,high
Indiranagar,0,17,1,1,0.792,high
MG Road,0,18,1,1,1.0,high
Whitefield,0,18,1,1,0.772,high
Koramangala,0,18,1,1,0.641,medium
Electronic City,0,18,1,1,0.956,high
Indiranagar,0,18,1,1,0.771,high
MG Road,0,19,1,1,1.0,high
Whitefield,0,19,1,1,0.893,high
Koramangala,0,19,1,1,0.747,high
Electronic City,0,19,1,1,0.858,high
Indiranagar,0,19,1,1,0.935,high
MG Road,0,20,1,1,1.0,high
Whitefield,0,20,1,1,0.814,high
Koramangala,0,20,1,1,0.802,high
Electronic City,0,20,1,1,0.979,high
Indiranagar,0,20,1,1,0.74,high
MG Road,0,21,1,0,0.776,high
Whitefield,0,21,1,0,0.684,high
Koramangala,0,21,1,0,0.333,low
Electronic City,0,21,1,0,0.702,high
Indiranagar,0,21,1,0,0.647,medium
MG Road,0,22,1,0,0.8,high
Whitefield,0,22,1,0,0.647,medium
Koramangala,0,22,1,0,0.419,medium
Electronic City,0,22,1,0,0.788,high
Indiranagar,0,22,1,0,0.565,medium
MG Road,0,23,1,0,0.819,high
Whitefield,0,23,1,0,0.526,medium
Koramangala,0,23,1,0,0.503,medium
Electronic City,0,23,1,0,0.699,high
Indiranagar,0,23,1,0,0.69,high
MG Road,1,0,1,0,0.481,medium
Whitefield,1,0,1,0,0.316,low
Koramangala,1,0,1,0,0.06,low
Electronic City,1,0,1,0,0.369,medium
Indiranagar,1,0,1,0,0.16,low
MG Road,1,1,1,0,0.416,medium
Whitefield,1,1,1,0,0.274,low
Koramangala,1,1,1,0,0.117,low
Electronic City,1,1,1,0,0.531,medium
Indiranagar,1,1,1,0,0.264,low
MG Road,1,2,1,0,0.429,medium
Whitefield,1,2,1,0,0.185,low
Koramangala,1,2,1,0,0.138,low
Electronic City,1,2,1,0,0.561,medium
Indiranagar,1,2,1,0,0.401,medium
MG Road,1,3,1,0,0.557,medium
Whitefield,1,3,1,0,0.351,medium
Koramangala,1,3,1,0,0.236,low
Electronic City,1,3,1,0,0.477,medium
Indiranagar,1,3,1,0,0.352,medium
MG Road,1,4,1,0,0.474,medium
Whitefield,1,4,1,0,0.191,low
Koramangala,1,4,1,0,0.045,low
Electronic City,1,4,1,0,0.449,medium
Indiranagar,1,4,1,0,0.305,low
MG Road,1,5,1,0,0.954,high
Whitefield,1,5,1,0,0.607,medium
Koramangala,1,5,1,0,0.494,medium
Electronic City,1,5,1,0,0.715,high
Indiranagar,1,5,1,0,0.575,medium
MG Road,1,6,1,0,0.694,high
Whitefield,1,6,1,0,0.541,medium
Koramangala,1,6,1,0,0.442,medium
Electronic City,1,6,1,0,0.751,high
Indiranagar,1,6,1,0,0.675,high
MG Road,1,7,1,0,0.815,high
Whitefield,1,7,1,0,0.572,medium
Koramangala,1,7,1,0,0.572,medium
Electronic City,1,7,1,0,0.742,high
Indiranagar,1,7,1,0,0.693,high
MG Road,1,8,1,1,1.0,high
Whitefield,1,8,1,1,0.907,high
Koramangala,1,8,1,1,0.724,high
Electronic City,1,8,1,1,1.0,high
Indiranagar,1,8,1,1,0.662,high
MG Road,1,9,1,1,1.0,high
Whitefield,1,9,1,1,0.948,high
Koramangala,1,9,1,1,0.692,high
Electronic City,1,9,1,1,1.0,high
Indiranagar,1,9,1,1,0.712,high
MG Road,1,10,1,1,0.992,high
Whitefield,1,10,1,1,0.883,high
Koramangala,1,10,1,1,0.683,high
Electronic City,1,10,1,1,1.0,high
Indiranagar,1,10,1,1,0.838,high
MG Road,1,11,1,0,0.832,high
Whitefield,1,11,1,0,0.601,medium
Koramangala,1,11,1,0,0.321,low
Electronic City,1,11,1,0,0.57,medium
Indiranagar,1,11,1,0,0.634,medium
MG Road,1,12,1,0,0.814,high
Whitefield,1,12,1,0,0.551,medium
Koramangala,1,12,1,0,0.27,low
Electronic City,1,12,1,0,0.8,high
Indiranagar,1,12,1,0,0.579,medium
MG Road,1,13,1,0,0.845,high
Whitefield,1,13,1,0,0.749,high
Koramangala,1,13,1,0,0.229,low
Electronic City,1,13,1,0,0.694,high
Indiranagar,1,13,1,0,0.583,medium
MG Road,1,14,1,0,0.916,high
Whitefield,1,14,1,0,0.469,medium
Koramangala,1,14,1,0,0.555,medium
Electronic City,1,14,1,0,0.761,high
Indiranagar,1,14,1,0,0.592,medium
MG Road,1,15,1,0,0.784,high
Whitefield,1,15,1,0,0.565,medium
Koramangala,1,15,1,0,0.484,medium
Electronic City,1,15,1,0,0.665,high
Indiranagar,1,15,1,0,0.628,medium
MG Road,1,16,1,0,0.769,high
Whitefield,1,16,1,0,0.539,medium
Koramangala,1,16,1,0,0.607,medium
Electronic City,1,16,1,0,0.784,high
Indiranagar,1,16,1,0,0.649,medium
MG Road,1,17,1,1,1.0,high
Whitefield,1,17,1,1,0.736,high
Koramangala,1,17,1,1,0.79,high
Electronic City,1,17,1,1,0.799,high
Indiranagar,1,17,1,1,0.788,high
MG Road,1,18,1,1,1.0,high
Whitefield,1,18,1,1,0.897,high
Koramangala,1,18,1,1,0.667,high
Electronic City,1,18,1,1,0.987,high
Indiranagar,1,18,1,1,0.849,high
MG Road,1,19,1,1,0.972,high
Whitefield,1,19,1,1,0.73,high
Koramangala,1,19,1,1,0.708,high
Electronic City,1,19,1,1,1.0,high
Indiranagar,1,19,1,1,0.977,high
MG Road,1,20,1,1,0.987,high
Whitefield,1,20,1,1,0.905,high
Koramangala,1,20,1,1,0.627,medium
Electronic City,1,20,1,1,1.0,high
Indiranagar,1,20,1,1,0.932,high
MG Road,1,21,1,0,0.817,high
Whitefield,1,21,1,0,0.573,medium
Koramangala,1,21,1,0,0.477,medium
Electronic City,1,21,1,0,0.802,high
Indiranagar,1,21,1,0,0.545,medium
MG Road,1,22,1,0,0.694,high
Whitefield,1,22,1,0,0.577,medium
Koramangala,1,22,1,0,0.521,medium
Electronic City,1,22,1,0,0.842,high
Indiranagar,1,22,1,0,0.511,medium
MG Road,1,23,1,0,0.707,high
Whitefield,1,23,1,0,0.702,high
Koramangala,1,23,1,0,0.309,low
Electronic City,1,23,1,0,0.791,high
Indiranagar,1,23,1,0,0.551,medium
MG Road,2,0,1,0,0.629,medium
Whitefield,2,0,1,0,0.238,low
Koramangala,2,0,1,0,0.191,low
Electronic City,2,0,1,0,0.465,medium
Indiranagar,2,0,1,0,0.32,low
MG Road,2,1,1,0,0.342,low
Whitefield,2,1,1,0,0.124,low
Koramangala,2,1,1,0,0.082,low
Electronic City,2,1,1,0,0.47,medium
Indiranagar,2,1,1,0,0.21,low
MG Road,2,2,1,0,0.413,medium
Whitefield,2,2,1,0,0.345,low
Koramangala,2,2,1,0,0.145,low
Electronic City,2,2,1,0,0.439,medium
Indiranagar,2,2,1,0,0.362,medium
MG Road,2,3,1,0,0.406,medium
Whitefield,2,3,1,0,0.272,low
Koramangala,2,3,1,0,0.232,low
Electronic City,2,3,1,0,0.455,medium
Indiranagar,2,3,1,0,0.31,low
MG Road,2,4,1,0,0.684,high
Whitefield,2,4,1,0,0.188,low
Koramangala,2,4,1,0,0.164,low
Electronic City,2,4,1,0,0.583,medium
Indiranagar,2,4,1,0,0.274,low
MG Road,2,5,1,0,0.869,high
Whitefield,2,5,1,0,0.521,medium
Koramangala,2,5,1,0,0.345,low
Electronic City,2,5,1,0,0.781,high
Indiranagar,2,5,1,0,0.664,high
MG Road,2,6,1,0,0.89,high
Whitefield,2,6,1,0,0.726,high
Koramangala,2,6,1,0,0.395,medium
Electronic City,2,6,1,0,0.845,high
Indiranagar,2,6,1,0,0.573,medium
MG Road,2,7,1,0,0.872,high
Whitefield,2,7,1,0,0.617,medium
Koramangala,2,7,1,0,0.436,medium
Electronic City,2,7,1,0,0.784,high
Indiranagar,2,7,1,0,0.472,medium
MG Road,2,8,1,1,0.96,high
Whitefield,2,8,1,1,0.858,high
Koramangala,2,8,1,1,0.515,medium
Electronic City,2,8,1,1,1.0,high
Indiranagar,2,8,1,1,0.92,high
MG Road,2,9,1,1,1.0,high
Whitefield,2,9,1,1,0.76,high
Koramangala,2,9,1,1,0.76,high
Electronic City,2,9,1,1,1.0,high
Indiranagar,2,9,1,1,0.862,high
MG Road,2,10,1,1,1.0,high
Whitefield,2,10,1,1,0.866,high
Koramangala,2,10,1,1,0.692,high
Electronic City,2,10,1,1,0.99,high
Indiranagar,2,10,1,1,0.847,high
MG Road,2,11,1,0,0.872,high
Whitefield,2,11,1,0,0.788,high
Koramangala,2,11,1,0,0.288,low
Electronic City,2,11,1,0,0.742,high
Indiranagar,2,11,1,0,0.506,medium
MG Road,2,12,1,0,0.927,high
Whitefield,2,12,1,0,0.553,medium
Koramangala,2,12,1,0,0.285,low
Electronic City,2,12,1,0,0.801,high
Indiranagar,2,12,1,0,0.74,high
MG Road,2,13,1,0,0.853,high
Whitefield,2,13,1,0,0.616,medium
Koramangala,2,13,1,0,0.433,medium
Electronic City,2,13,1,0,0.863,high
Indiranagar,2,13,1,0,0.53,medium
MG Road,2,14,1,0,0.791,high
Whitefield,2,14,1,0,0.564,medium
Koramangala,2,14,1,0,0.307,low
Electronic City,2,14,1,0,0.724,high
Indiranagar,2,14,1,0,0.689,high
MG Road,2,15,1,0,0.845,high
Whitefield,2,15,1,0,0.652,high
Koramangala,2,15,1,0,0.412,medium
Electronic City,2,15,1,0,0.792,high
Indiranagar,2,15,1,0,0.536,medium
MG Road,2,16,1,0,0.775,high
Whitefield,2,16,1,0,0.615,medium
Koramangala,2,16,1,0,0.422,medium
Electronic City,2,16,1,0,0.776,high
Indiranagar,2,16,1,0,0.589,medium
MG Road,2,17,1,1,1.0,high
Whitefield,2,17,1,1,1.0,high
Koramangala,2,17,1,1,0.723,high
Electronic City,2,17,1,1,1.0,high
Indiranagar,2,17,1,1,0.831,high
MG Road,2,18,1,1,1.0,high
Whitefield,2,18,1,1,0.84,high
Koramangala,2,18,1,1,0.673,high
Electronic City,2,18,1,1,0.85,high
Indiranagar,2,18,1,1,0.724,high
MG Road,2,19,1,1,0.999,high
Whitefield,2,19,1,1,0.867,high
Koramangala,2,19,1,1,0.631,medium
Electronic City,2,19,1,1,1.0,high
Indiranagar,2,19,1,1,0.731,high
MG Road,2,20,1,1,0.99,high
Whitefield,2,20,1,1,0.972,high
Koramangala,2,20,1,1,0.66,high
Electronic City,2,20,1,1,1.0,high
Indiranagar,2,20,1,1,1.0,high
MG Road,2,21,1,0,0.744,high
Whitefield,2,21,1,0,0.592,medium
Koramangala,2,21,1,0,0.378,medium
Electronic City,2,21,1,0,0.594,medium
Indiranagar,2,21,1,0,0.575,medium
MG Road,2,22,1,0,0.87,high
Whitefield,2,22,1,0,0.643,medium
Koramangala,2,22,1,0,0.45,medium
Electronic City,2,22,1,0,0.72,high
Indiranagar,2,22,1,0,0.548,medium
MG Road,2,23,1,0,0.902,high
Whitefield,2,23,1,0,0.56,medium
Koramangala,2,23,1,0,0.424,medium
Electronic City,2,23,1,0,0.763,high
Indiranagar,2,23,1,0,0.717,high
MG Road,3,0,1,0,0.578,medium
Whitefield,3,0,1,0,0.196,low
Koramangala,3,0,1,0,0.005,low
Electronic City,3,0,1,0,0.496,medium
Indiranagar,3,0,1,0,0.295,low
MG Road,3,1,1,0,0.464,medium
Whitefield,3,1,1,0,0.381,medium
Koramangala,3,1,1,0,0.115,low
Electronic City,3,1,1,0,0.454,medium
Indiranagar,3,1,1,0,0.362,medium
MG Road,3,2,1,0,0.47,medium
Whitefield,3,2,1,0,0.425,medium
Koramangala,3,2,1,0,0.037,low
Electronic City,3,2,1,0,0.503,medium
Indiranagar,3,2,1,0,0.415,medium
MG Road,3,3,1,0,0.39,medium
Whitefield,3,3,1,0,0.273,low
Koramangala,3,3,1,0,0.191,low
Electronic City,3,3,1,0,0.543,medium
Indiranagar,3,3,1,0,0.286,low
MG Road,3,4,1,0,0.441,medium
Whitefield,3,4,1,0,0.376,medium
Koramangala,3,4,1,0,0.195,low
Electronic City,3,4,1,0,0.357,medium
Indiranagar,3,4,1,0,0.204,low
MG Road,3,5,1,0,0.818,high
Whitefield,3,5,1,0,0.65,high
Koramangala,3,5,1,0,0.376,medium
Electronic City,3,5,1,0,0.804,high
Indiranagar,3,5,1,0,0.543,medium
MG Road,3,6,1,0,0.631,medium
Whitefield,3,6,1,0,0.566,medium
Koramangala,3,6,1,0,0.405,medium
Electronic City,3,6,1,0,0.728,high
Indiranagar,3,6,1,0,0.507,medium
MG Road,3,7,1,0,0.655,high
Whitefield,3,7,1,0,0.559,medium
Koramangala,3,7,1,0,0.472,medium
Electronic City,3,7,1,0,0.85,high
Indiranagar,3,7,1,0,0.695,high
MG Road,3,8,1,1,0.985,high
Whitefield,3,8,1,1,0.758,high
Koramangala,3,8,1,1,0.69,high
Electronic City,3,8,1,1,1.0,high
Indiranagar,3,8,1,1,0.882,high
MG Road,3,9,1,1,0.889,high
Whitefield,3,9,1,1,0.781,high
Koramangala,3,9,1,1,0.648,medium
Electronic City,3,9,1,1,1.0,high
Indiranagar,3,9,1,1,0.911,high
MG Road,3,10,1,1,1.0,high
Whitefield,3,10,1,1,0.876,high
Koramangala,3,10,1,1,0.657,high
Electronic City,3,10,1,1,1.0,high
Indiranagar,3,10,1,1,0.875,high
MG Road,3,11,1,0,0.805,high
Whitefield,3,11,1,0,0.579,medium
Koramangala,3,11,1,0,0.407,medium
Electronic City,3,11,1,0,0.789,high
Indiranagar,3,11,1,0,0.621,medium
MG Road,3,12,1,0,0.83,high
Whitefield,3,12,1,0,0.707,high
Koramangala,3,12,1,0,0.421,medium
Electronic City,3,12,1,0,0.698,high
Indiranagar,3,12,1,0,0.671,high
MG Road,3,13,1,0,0.691,high
Whitefield,3,13,1,0,0.513,medium
Koramangala,3,13,1,0,0.427,medium
Electronic City,3,13,1,0,0.791,high
Indiranagar,3,13,1,0,0.5,medium
MG Road,3,14,1,0,0.769,high
Whitefield,3,14,1,0,0.552,medium
Koramangala,3,14,1,0,0.361,medium
Electronic City,3,14,1,0,0.825,high
Indiranagar,3,14,1,0,0.657,high
MG Road,3,15,1,0,0.798,high
Whitefield,3,15,1,0,0.556,medium
Koramangala,3,15,1,0,0.292,low
Electronic City,3,15,1,0,0.864,high
Indiranagar,3,15,1,0,0.647,medium
MG Road,3,16,1,0,0.743,high
Whitefield,3,16,1,0,0.658,high
Koramangala,3,16,1,0,0.394,medium
Electronic City,3,16,1,0,0.727,high
Indiranagar,3,16,1,0,0.635,medium
MG Road,3,17,1,1,0.991,high
Whitefield,3,17,1,1,0.822,high
Koramangala,3,17,1,1,0.66,high
Electronic City,3,17,1,1,0.96,high
Indiranagar,3,17,1,1,0.904,high
MG Road,3,18,1,1,1.0,high
Whitefield,3,18,1,1,0.79,high
Koramangala,3,18,1,1,0.517,medium
Electronic City,3,18,1,1,0.84,high
Indiranagar,3,18,1,1,0.838,high
MG Road,3,19,1,1,0.997,high
Whitefield,3,19,1,1,0.867,high
Koramangala,3,19,1,1,0.661,high
Electronic City,3,19,1,1,0.872,high
Indiranagar,3,19,1,1,0.705,high
MG Road,3,20,1,1,1.0,high
Whitefield,3,20,1,1,0.861,high
Koramangala,3,20,1,1,0.616,medium
Electronic City,3,20,1,1,0.867,high
Indiranagar,3,20,1,1,0.888,high
MG Road,3,21,1,0,0.902,high
Whitefield,3,21,1,0,0.622,medium
Koramangala,3,21,1,0,0.332,low
Electronic City,3,21,1,0,0.754,high
Indiranagar,3,21,1,0,0.491,medium
MG Road,3,22,1,0,0.885,high
Whitefield,3,22,1,0,0.607,medium
Koramangala,3,22,1,0,0.259,low
Electronic City,3,22,1,0,0.726,high
Indiranagar,3,22,1,0,0.637,medium
MG Road,3,23,1,0,0.773,high
Whitefield,3,23,1,0,0.578,medium
Koramangala,3,23,1,0,0.302,low
Electronic City,3,23,1,0,0.795,high
Indiranagar,3,23,1,0,0.548,medium
MG Road,4,0,1,0,0.327,low
Whitefield,4,0,1,0,0.27,low
Koramangala,4,0,1,0,0.178,low
Electronic City,4,0,1,0,0.419,medium
Indiranagar,4,0,1,0,0.439,medium
MG Road,4,1,1,0,0.534,medium
Whitefield,4,1,1,0,0.327,low
Koramangala,4,1,1,0,0.09,low
Electronic City,4,1,1,0,0.445,medium
Indiranagar,4,1,1,0,0.279,low
MG Road,4,2,1,0,0.476,medium
Whitefield,4,2,1,0,0.342,low
Koramangala,4,2,1,0,0.025,low
Electronic City,4,2,1,0,0.364,medium
Indiranagar,4,2,1,0,0.21,low
MG Road,4,3,1,0,0.664,high
Whitefield,4,3,1,0,0.342,low
Koramangala,4,3,1,0,0.124,low
Electronic City,4,3,1,0,0.365,medium
Indiranagar,4,3,1,0,0.35,low
MG Road,4,4,1,0,0.491,medium
Whitefield,4,4,1,0,0.317,low
Koramangala,4,4,1,0,0.022,low
Electronic City,4,4,1,0,0.463,medium
Indiranagar,4,4,1,0,0.266,low
MG Road,4,5,1,0,0.739,high
Whitefield,4,5,1,0,0.659,high
Koramangala,4,5,1,0,0.277,low
Electronic City,4,5,1,0,0.795,high
Indiranagar,4,5,1,0,0.655,high
MG Road,4,6,1,0,0.73,high
Whitefield,4,6,1,0,0.534,medium
Koramangala,4,6,1,0,0.382,medium
Electronic City,4,6,1,0,0.773,high
Indiranagar,4,6,1,0,0.588,medium
MG Road,4,7,1,0,0.835,high
Whitefield,4,7,1,0,0.741,high
Koramangala,4,7,1,0,0.359,medium
Electronic City,4,7,1,0,0.613,medium
Indiranagar,4,7,1,0,0.666,high
MG Road,4,8,1,1,1.0,high
Whitefield,4,8,1,1,0.881,high
Koramangala,4,8,1,1,0.563,medium
Electronic City,4,8,1,1,0.99,high
Indiranagar,4,8,1,1,0.761,high
MG Road,4,9,1,1,1.0,high
Whitefield,4,9,1,1,0.742,high
Koramangala,4,9,1,1,0.626,medium
Electronic City,4,9,1,1,0.92,high
Indiranagar,4,9,1,1,0.86,high
MG Road,4,10,1,1,1.0,high
Whitefield,4,10,1,1,0.864,high
Koramangala,4,10,1,1,0.652,high
Electronic City,4,10,1,1,0.921,high
Indiranagar,4,10,1,1,0.9,high
MG Road,4,11,1,0,0.796,high
Whitefield,4,11,1,0,0.521,medium
Koramangala,4,11,1,0,0.579,medium
Electronic City,4,11,1,0,0.788,high
Indiranagar,4,11,1,0,0.588,medium
MG Road,4,12,1,0,0.913,high
Whitefield,4,12,1,0,0.747,high
Koramangala,4,12,1,0,0.388,medium
Electronic City,4,12,1,0,0.778,high
Indiranagar,4,12,1,0,0.521,medium
MG Road,4,13,1,0,0.788,high
Whitefield,4,13,1,0,0.584,medium
Koramangala,4,13,1,0,0.415,medium
Electronic City,4,13,1,0,0.777,high
Indiranagar,4,13,1,0,0.645,medium
MG Road,4,14,1,0,0.819,high
Whitefield,4,14,1,0,0.503,medium
Koramangala,4,14,1,0,0.325,low
Electronic City,4,14,1,0,0.706,high
Indiranagar,4,14,1,0,0.577,medium
MG Road,4,15,1,0,0.884,high
Whitefield,4,15,1,0,0.507,medium
Koramangala,4,15,1,0,0.371,medium
Electronic City,4,15,1,0,0.826,high
Indiranagar,4,15,1,0,0.576,medium
MG Road,4,16,1,0,0.837,high
Whitefield,4,16,1,0,0.589,medium
Koramangala,4,16,1,0,0.421,medium
Electronic City,4,16,1,0,0.732,high
Indiranagar,4,16,1,0,0.653,high
MG Road,4,17,1,1,0.926,high
Whitefield,4,17,1,1,0.821,high
Koramangala,4,17,1,1,0.674,high
Electronic City,4,17,1,1,1.0,high
Indiranagar,4,17,1,1,0.969,high
MG Road,4,18,1,1,1.0,high
Whitefield,4,18,1,1,0.968,high
Koramangala,4,18,1,1,0.597,medium
Electronic City,4,18,1,1,1.0,high
Indiranagar,4,18,1,1,0.915,high
MG Road,4,19,1,1,0.977,high
Whitefield,4,19,1,1,0.875,high
Koramangala,4,19,1,1,0.646,medium
Electronic City,4,19,1,1,1.0,high
Indiranagar,4,19,1,1,0.832,high
MG Road,4,20,1,1,1.0,high
Whitefield,4,20,1,1,0.96,high
Koramangala,4,20,1,1,0.642,medium
Electronic City,4,20,1,1,1.0,high
Indiranagar,4,20,1,1,0.832,high
MG Road,4,21,1,0,0.933,high
Whitefield,4,21,1,0,0.546,medium
Koramangala,4,21,1,0,0.351,medium
Electronic City,4,21,1,0,0.872,high
Indiranagar,4,21,1,0,0.564,medium
MG Road,4,22,1,0,0.928,high
Whitefield,4,22,1,0,0.671,high
Koramangala,4,22,1,0,0.388,medium
Electronic City,4,22,1,0,0.605,medium
Indiranagar,4,22,1,0,0.598,medium
MG Road,4,23,1,0,0.808,high
Whitefield,4,23,1,0,0.693,high
Koramangala,4,23,1,0,0.527,medium
Electronic City,4,23,1,0,0.695,high
Indiranagar,4,23,1,0,0.664,high
MG Road,5,0,0,0,0.311,low
Whitefield,5,0,0,0,0.136,low
Koramangala,5,0,0,0,0.0,low
Electronic City,5,0,0,0,0.045,low
Indiranagar,5,0,0,0,0.038,low
MG Road,5,1,0,0,0.158,low
Whitefield,5,1,0,0,0.034,low
Koramangala,5,1,0,0,0.0,low
Electronic City,5,1,0,0,0.224,low
Indiranagar,5,1,0,0,0.142,low
MG Road,5,2,0,0,0.277,low
Whitefield,5,2,0,0,0.0,low
Koramangala,5,2,0,0,0.0,low
Electronic City,5,2,0,0,0.212,low
Indiranagar,5,2,0,0,0.033,low
MG Road,5,3,0,0,0.172,low
Whitefield,5,3,0,0,0.0,low
Koramangala,5,3,0,0,0.0,low
Electronic City,5,3,0,0,0.184,low
Indiranagar,5,3,0,0,0.103,low
MG Road,5,4,0,0,0.265,low
Whitefield,5,4,0,0,0.179,low
Koramangala,5,4,0,0,0.0,low
Electronic City,5,4,0,0,0.27,low
Indiranagar,5,4,0,0,0.054,low
MG Road,5,5,0,0,0.606,medium
Whitefield,5,5,0,0,0.315,low
Koramangala,5,5,0,0,0.236,low
Electronic City,5,5,0,0,0.524,medium
Indiranagar,5,5,0,0,0.296,low
MG Road,5,6,0,0,0.549,medium
Whitefield,5,6,0,0,0.331,low
Koramangala,5,6,0,0,0.189,low
Electronic City,5,6,0,0,0.406,medium
Indiranagar,5,6,0,0,0.348,low
MG Road,5,7,0,0,0.582,medium
Whitefield,5,7,0,0,0.353,medium
Koramangala,5,7,0,0,0.258,low
Electronic City,5,7,0,0,0.562,medium
Indiranagar,5,7,0,0,0.349,low
MG Road,5,8,0,1,0.567,medium
Whitefield,5,8,0,1,0.374,medium
Koramangala,5,8,0,1,0.182,low
Electronic City,5,8,0,1,0.354,medium
Indiranagar,5,8,0,1,0.326,low
MG Road,5,9,0,1,0.431,medium
Whitefield,5,9,0,1,0.452,medium
Koramangala,5,9,0,1,0.145,low
Electronic City,5,9,0,1,0.485,medium
Indiranagar,5,9,0,1,0.422,medium
MG Road,5,10,0,1,0.584,medium
Whitefield,5,10,0,1,0.26,low
Koramangala,5,10,0,1,0.144,low
Electronic City,5,10,0,1,0.473,medium
Indiranagar,5,10,0,1,0.21,low
MG Road,5,11,0,0,0.495,medium
Whitefield,5,11,0,0,0.335,low
Koramangala,5,11,0,0,0.141,low
Electronic City,5,11,0,0,0.381,medium
Indiranagar,5,11,0,0,0.442,medium
MG Road,5,12,0,0,0.542,medium
Whitefield,5,12,0,0,0.353,medium
Koramangala,5,12,0,0,0.182,low
Electronic City,5,12,0,0,0.437,medium
Indiranagar,5,12,0,0,0.387,medium
MG Road,5,13,0,0,0.521,medium
Whitefield,5,13,0,0,0.278,low
Koramangala,5,13,0,0,0.196,low
Electronic City,5,13,0,0,0.619,medium
Indiranagar,5,13,0,0,0.408,medium
MG Road,5,14,0,0,0.624,medium
Whitefield,5,14,0,0,0.308,low
Koramangala,5,14,0,0,0.022,low
Electronic City,5,14,0,0,0.619,medium
Indiranagar,5,14,0,0,0.514,medium
MG Road,5,15,0,0,0.673,high
Whitefield,5,15,0,0,0.323,low
Koramangala,5,15,0,0,0.058,low
Electronic City,5,15,0,0,0.415,medium
Indiranagar,5,15,0,0,0.215,low
MG Road,5,16,0,0,0.541,medium
Whitefield,5,16,0,0,0.478,medium
Koramangala,5,16,0,0,0.139,low
Electronic City,5,16,0,0,0.524,medium
Indiranagar,5,16,0,0,0.46,medium
MG Road,5,17,0,1,0.518,medium
Whitefield,5,17,0,1,0.513,medium
Koramangala,5,17,0,1,0.309,low
Electronic City,5,17,0,1,0.49,medium
Indiranagar,5,17,0,1,0.304,low
MG Road,5,18,0,1,0.606,medium
Whitefield,5,18,0,1,0.322,low
Koramangala,5,18,0,1,0.057,low
Electronic City,5,18,0,1,0.602,medium
Indiranagar,5,18,0,1,0.447,medium
MG Road,5,19,0,1,0.562,medium
Whitefield,5,19,0,1,0.249,low
Koramangala,5,19,0,1,0.052,low
Electronic City,5,19,0,1,0.509,medium
Indiranagar,5,19,0,1,0.31,low
MG Road,5,20,0,1,0.523,medium
Whitefield,5,20,0,1,0.432,medium
Koramangala,5,20,0,1,0.209,low
Electronic City,5,20,0,1,0.61,medium
Indiranagar,5,20,0,1,0.271,low
MG Road,5,21,0,0,0.523,medium
Whitefield,5,21,0,0,0.411,medium
Koramangala,5,21,0,0,0.186,low
Electronic City,5,21,0,0,0.623,medium
Indiranagar,5,21,0,0,0.384,medium
MG Road,5,22,0,0,0.698,high
Whitefield,5,22,0,0,0.393,medium
Koramangala,5,22,0,0,0.235,low
Electronic City,5,22,0,0,0.474,medium
Indiranagar,5,22,0,0,0.351,medium
MG Road,5,23,0,0,0.623,medium
Whitefield,5,23,0,0,0.479,medium
Koramangala,5,23,0,0,0.208,low
Electronic City,5,23,0,0,0.493,medium
Indiranagar,5,23,0,0,0.46,medium
MG Road,6,0,0,0,0.075,low
Whitefield,6,0,0,0,0.0,low
Koramangala,6,0,0,0,0.0,low
Electronic City,6,0,0,0,0.201,low
Indiranagar,6,0,0,0,0.098,low
MG Road,6,1,0,0,0.255,low
Whitefield,6,1,0,0,0.096,low
Koramangala,6,1,0,0,0.0,low
Electronic City,6,1,0,0,0.246,low
Indiranagar,6,1,0,0,0.13,low
MG Road,6,2,0,0,0.348,low
Whitefield,6,2,0,0,0.211,low
Koramangala,6,2,0,0,0.0,low
Electronic City,6,2,0,0,0.222,low
Indiranagar,6,2,0,0,0.0,low
MG Road,6,3,0,0,0.207,low
Whitefield,6,3,0,0,0.035,low
Koramangala,6,3,0,0,0.0,low
Electronic City,6,3,0,0,0.151,low
Indiranagar,6,3,0,0,0.114,low
MG Road,6,4,0,0,0.25,low
Whitefield,6,4,0,0,0.036,low
Koramangala,6,4,0,0,0.0,low
Electronic City,6,4,0,0,0.169,low
Indiranagar,6,4,0,0,0.016,low
MG Road,6,5,0,0,0.414,medium
Whitefield,6,5,0,0,0.33,low
Koramangala,6,5,0,0,0.112,low
Electronic City,6,5,0,0,0.459,medium
Indiranagar,6,5,0,0,0.383,medium
MG Road,6,6,0,0,0.603,medium
Whitefield,6,6,0,0,0.369,medium
Koramangala,6,6,0,0,0.23,low
Electronic City,6,6,0,0,0.546,medium
Indiranagar,6,6,0,0,0.326,low
MG Road,6,7,0,0,0.513,medium
Whitefield,6,7,0,0,0.375,medium
Koramangala,6,7,0,0,0.196,low
Electronic City,6,7,0,0,0.612,medium
Indiranagar,6,7,0,0,0.445,medium
MG Road,6,8,0,1,0.507,medium
Whitefield,6,8,0,1,0.342,low
Koramangala,6,8,0,1,0.204,low
Electronic City,6,8,0,1,0.585,medium
Indiranagar,6,8,0,1,0.425,medium
MG Road,6,9,0,1,0.545,medium
Whitefield,6,9,0,1,0.25,low
Koramangala,6,9,0,1,0.07,low
Electronic City,6,9,0,1,0.522,medium
Indiranagar,6,9,0,1,0.377,medium
MG Road,6,10,0,1,0.462,medium
Whitefield,6,10,0,1,0.354,medium
Koramangala,6,10,0,1,0.2,low
Electronic City,6,10,0,1,0.408,medium
Indiranagar,6,10,0,1,0.438,medium
MG Road,6,11,0,0,0.52,medium
Whitefield,6,11,0,0,0.451,medium
Koramangala,6,11,0,0,0.107,low
Electronic City,6,11,0,0,0.418,medium
Indiranagar,6,11,0,0,0.313,low
MG Road,6,12,0,0,0.542,medium
Whitefield,6,12,0,0,0.319,low
Koramangala,6,12,0,0,0.133,low
Electronic City,6,12,0,0,0.527,medium
Indiranagar,6,12,0,0,0.336,low
MG Road,6,13,0,0,0.545,medium
Whitefield,6,13,0,0,0.213,low
Koramangala,6,13,0,0,0.181,low
Electronic City,6,13,0,0,0.493,medium
Indiranagar,6,13,0,0,0.479,medium
MG Road,6,14,0,0,0.475,medium
Whitefield,6,14,0,0,0.205,low
Koramangala,6,14,0,0,0.199,low
Electronic City,6,14,0,0,0.528,medium
Indiranagar,6,14,0,0,0.269,low
MG Road,6,15,0,0,0.428,medium
Whitefield,6,15,0,0,0.473,medium
Koramangala,6,15,0,0,0.263,low
Electronic City,6,15,0,0,0.301,low
Indiranagar,6,15,0,0,0.313,low
MG Road,6,16,0,0,0.683,high
Whitefield,6,16,0,0,0.312,low
Koramangala,6,16,0,0,0.111,low
Electronic City,6,16,0,0,0.477,medium
Indiranagar,6,16,0,0,0.26,low
MG Road,6,17,0,1,0.414,medium
Whitefield,6,17,0,1,0.434,medium
Koramangala,6,17,0,1,0.003,low
Electronic City,6,17,0,1,0.52,medium
Indiranagar,6,17,0,1,0.421,medium
MG Road,6,18,0,1,0.434,medium
Whitefield,6,18,0,1,0.276,low
Koramangala,6,18,0,1,0.247,low
Electronic City,6,18,0,1,0.543,medium
Indiranagar,6,18,0,1,0.301,low
MG Road,6,19,0,1,0.646,medium
Whitefield,6,19,0,1,0.447,medium
Koramangala,6,19,0,1,0.172,low
Electronic City,6,19,0,1,0.428,medium
Indiranagar,6,19,0,1,0.317,low
MG Road,6,20,0,1,0.573,medium
Whitefield,6,20,0,1,0.335,low
Koramangala,6,20,0,1,0.225,low
Electronic City,6,20,0,1,0.378,medium
Indiranagar,6,20,0,1,0.23,low
MG Road,6,21,0,0,0.564,medium
Whitefield,6,21,0,0,0.311,low
Koramangala,6,21,0,0,0.1,low
Electronic City,6,21,0,0,0.359,medium
Indiranagar,6,21,0,0,0.352,medium
MG Road,6,22,0,0,0.546,medium
Whitefield,6,22,0,0,0.402,medium
Koramangala,6,22,0,0,0.156,low
Electronic City,6,22,0,0,0.489,medium
Indiranagar,6,22,0,0,0.444,medium
MG Road,6,23,0,0,0.445,medium
Whitefield,6,23,0,0,0.393,medium
Koramangala,6,23,0,0,0.016,low
Electronic City,6,23,0,0,0.433,medium
Indiranagar,6,23,0,0,0.253,low
MG Road,0,0,1,0,0.563,medium
Whitefield,0,0,1,0,0.295,low
Koramangala,0,0,1,0,0.099,low
Electronic City,0,0,1,0,0.361,medium
Indiranagar,0,0,1,0,0.276,low
MG Road,0,1,1,0,0.439,medium
Whitefield,0,1,1,0,0.331,low
Koramangala,0,1,1,0,0.021,low
Electronic City,0,1,1,0,0.556,medium
Indiranagar,0,1,1,0,0.166,low
MG Road,0,2,1,0,0.435,medium
Whitefield,0,2,1,0,0.434,medium
Koramangala,0,2,1,0,0.065,low
Electronic City,0,2,1,0,0.345,low
Indiranagar,0,2,1,0,0.318,low
MG Road,0,3,1,0,0.462,medium
Whitefield,0,3,1,0,0.233,low
Koramangala,0,3,1,0,0.012,low
Electronic City,0,3,1,0,0.671,high
Indiranagar,0,3,1,0,0.28,low
MG Road,0,4,1,0,0.346,low
Whitefield,0,4,1,0,0.419,medium
Koramangala,0,4,1,0,0.149,low
Electronic City,0,4,1,0,0.389,medium
Indiranagar,0,4,1,0,0.225,low
MG Road,0,5,1,0,0.854,high
Whitefield,0,5,1,0,0.58,medium
Koramangala,0,5,1,0,0.246,low
Electronic City,0,5,1,0,0.893,high
Indiranagar,0,5,1,0,0.565,medium
MG Road,0,6,1,0,0.92,high
Whitefield,0,6,1,0,0.702,high
Koramangala,0,6,1,0,0.32,low
Electronic City,0,6,1,0,0.833,high
Indiranagar,0,6,1,0,0.548,medium
MG Road,0,7,1,0,0.651,high
Whitefield,0,7,1,0,0.566,medium
Koramangala,0,7,1,0,0.432,medium
Electronic City,0,7,1,0,0.713,high
Indiranagar,0,7,1,0,0.575,medium
MG Road,0,8,1,1,1.0,high
Whitefield,0,8,1,1,0.859,high
Koramangala,0,8,1,1,0.583,medium
Electronic City,0,8,1,1,1.0,high
Indiranagar,0,8,1,1,0.866,high
MG Road,0,9,1,1,0.848,high
Whitefield,0,9,1,1,0.884,high
Koramangala,0,9,1,1,0.681,high
Electronic City,0,9,1,1,1.0,high
Indiranagar,0,9,1,1,0.921,high
MG Road,0,10,1,1,0.996,high
Whitefield,0,10,1,1,0.877,high
Koramangala,0,10,1,1,0.525,medium
Electronic City,0,10,1,1,1.0,high
Indiranagar,0,10,1,1,1.0,high
MG Road,0,11,1,0,0.72,high
Whitefield,0,11,1,0,0.539,medium
Koramangala,0,11,1,0,0.343,low
Electronic City,0,11,1,0,0.76,high
Indiranagar,0,11,1,0,0.515,medium
MG Road,0,12,1,0,0.834,high
Whitefield,0,12,1,0,0.668,high
Koramangala,0,12,1,0,0.443,medium
Electronic City,0,12,1,0,0.609,medium
Indiranagar,0,12,1,0,0.68,high
MG Road,0,13,1,0,0.875,high
Whitefield,0,13,1,0,0.666,high
Koramangala,0,13,1,0,0.43,medium
Electronic City,0,13,1,0,0.768,high
Indiranagar,0,13,1,0,0.683,high
MG Road,0,14,1,0,0.954,high
Whitefield,0,14,1,0,0.524,medium
Koramangala,0,14,1,0,0.486,medium
Electronic City,0,14,1,0,0.743,high
Indiranagar,0,14,1,0,0.59,medium
MG Road,0,15,1,0,0.677,high
Whitefield,0,15,1,0,0.577,medium
Koramangala,0,15,1,0,0.32,low
Electronic City,0,15,1,0,0.713,high
Indiranagar,0,15,1,0,0.512,medium
MG Road,0,16,1,0,0.764,high
Whitefield,0,16,1,0,0.568,medium
Koramangala,0,16,1,0,0.408,medium
Electronic City,0,16,1,0,0.621,medium
Indiranagar,0,16,1,0,0.484,medium
MG Road,0,17,1,1,1.0,high
Whitefield,0,17,1,1,0.786,high
Koramangala,0,17,1,1,0.736,high
Electronic City,0,17,1,1,1.0,high
Indiranagar,0,17,1,1,0.899,high
MG Road,0,18,1,1,1.0,high
Whitefield,0,18,1,1,0.825,high
Koramangala,0,18,1,1,0.604,medium
Electronic City,0,18,1,1,1.0,high
Indiranagar,0,18,1,1,0.891,high
MG Road,0,19,1,1,1.0,high
Whitefield,0,19,1,1,0.961,high
Koramangala,0,19,1,1,0.633,medium
Electronic City,0,19,1,1,1.0,high
Indiranagar,0,19,1,1,0.852,high
MG Road,0,20,1,1,0.975,high
Whitefield,0,20,1,1,0.856,high
Koramangala,0,20,1,1,0.762,high
Electronic City,0,20,1,1,1.0,high
Indiranagar,0,20,1,1,0.852,high
MG Road,0,21,1,0,0.787,high
Whitefield,0,21,1,0,0.626,medium
Koramangala,0,21,1,0,0.46,medium
Electronic City,0,21,1,0,0.799,high
Indiranagar,0,21,1,0,0.573,medium
MG Road,0,22,1,0,0.826,high
Whitefield,0,22,1,0,0.638,medium
Koramangala,0,22,1,0,0.319,low
Electronic City,0,22,1,0,0.763,high
Indiranagar,0,22,1,0,0.427,medium
MG Road,0,23,1,0,0.839,high
Whitefield,0,23,1,0,0.653,high
Koramangala,0,23,1,0,0.46,medium
Electronic City,0,23,1,0,0.718,high
Indiranagar,0,23,1,0,0.625,medium
MG Road,1,0,1,0,0.614,medium
Whitefield,1,0,1,0,0.413,medium
Koramangala,1,0,1,0,0.098,low
Electronic City,1,0,1,0,0.461,medium
Indiranagar,1,0,1,0,0.389,medium
MG Road,1,1,1,0,0.38,medium
Whitefield,1,1,1,0,0.274,low
Koramangala,1,1,1,0,0.207,low
Electronic City,1,1,1,0,0.528,medium
Indiranagar,1,1,1,0,0.33,low
MG Road,1,2,1,0,0.38,medium
Whitefield,1,2,1,0,0.296,low
Koramangala,1,2,1,0,0.053,low
Electronic City,1,2,1,0,0.476,medium
Indiranagar,1,2,1,0,0.235,low
MG Road,1,3,1,0,0.418,medium
Whitefield,1,3,1,0,0.135,low
Koramangala,1,3,1,0,0.198,low
Electronic City,1,3,1,0,0.418,medium
Indiranagar,1,3,1,0,0.313,low
MG Road,1,4,1,0,0.5,medium
Whitefield,1,4,1,0,0.215,low
Koramangala,1,4,1,0,0.0,low
Electronic City,1,4,1,0,0.37,medium
Indiranagar,1,4,1,0,0.242,low
MG Road,1,5,1,0,0.829,high
Whitefield,1,5,1,0,0.536,medium
Koramangala,1,5,1,0,0.54,medium
Electronic City,1,5,1,0,0.832,high
Indiranagar,1,5,1,0,0.665,high
MG Road,1,6,1,0,0.79,high
Whitefield,1,6,1,0,0.721,high
Koramangala,1,6,1,0,0.383,medium
Electronic City,1,6,1,0,0.747,high
Indiranagar,1,6,1,0,0.614,medium
MG Road,1,7,1,0,0.856,high
Whitefield,1,7,1,0,0.651,high
Koramangala,1,7,1,0,0.362,medium
Electronic City,1,7,1,0,0.707,high
Indiranagar,1,7,1,0,0.651,high
MG Road,1,8,1,1,1.0,high
Whitefield,1,8,1,1,0.819,high
Koramangala,1,8,1,1,0.523,medium
Electronic City,1,8,1,1,0.983,high
Indiranagar,1,8,1,1,0.9,high
MG Road,1,9,1,1,1.0,high
Whitefield,1,9,1,1,0.754,high
Koramangala,1,9,1,1,0.616,medium
Electronic City,1,9,1,1,0.969,high
Indiranagar,1,9,1,1,0.958,high
MG Road,1,10,1,1,1.0,high
Whitefield,1,10,1,1,0.777,high
Koramangala,1,10,1,1,0.695,high
Electronic City,1,10,1,1,0.968,high
Indiranagar,1,10,1,1,0.752,high
MG Road,1,11,1,0,0.729,high
Whitefield,1,11,1,0,0.739,high
Koramangala,1,11,1,0,0.431,medium
Electronic City,1,11,1,0,0.759,high
Indiranagar,1,11,1,0,0.58,medium
MG Road,1,12,1,0,0.823,high
Whitefield,1,12,1,0,0.622,medium
Koramangala,1,12,1,0,0.423,medium
Electronic City,1,12,1,0,0.759,high
Indiranagar,1,12,1,0,0.67,high
MG Road,1,13,1,0,0.802,high
Whitefield,1,13,1,0,0.522,medium
Koramangala,1,13,1,0,0.351,medium
Electronic City,1,13,1,0,0.592,medium
Indiranagar,1,13,1,0,0.762,high
MG Road,1,14,1,0,0.869,high
Whitefield,1,14,1,0,0.534,medium
Koramangala,1,14,1,0,0.377,medium
Electronic City,1,14,1,0,0.699,high
Indiranagar,1,14,1,0,0.723,high
MG Road,1,15,1,0,0.686,high
Whitefield,1,15,1,0,0.609,medium
Koramangala,1,15,1,0,0.391,medium
Electronic City,1,15,1,0,0.816,high
Indiranagar,1,15,1,0,0.592,medium
MG Road,1,16,1,0,0.659,high
Whitefield,1,16,1,0,0.58,medium
Koramangala,1,16,1,0,0.322,low
Electronic City,1,16,1,0,0.756,high
Indiranagar,1,16,1,0,0.715,high
MG Road,1,17,1,1,0.911,high
Whitefield,1,17,1,1,0.786,high
Koramangala,1,17,1,1,0.606,medium
Electronic City,1,17,1,1,0.969,high
Indiranagar,1,17,1,1,0.909,high
MG Road,1,18,1,1,1.0,high
Whitefield,1,18,1,1,0.883,high
Koramangala,1,18,1,1,0.6,medium
Electronic City,1,18,1,1,1.0,high
Indiranagar,1,18,1,1,0.912,high
MG Road,1,19,1,1,0.991,high
Whitefield,1,19,1,1,0.913,high
Koramangala,1,19,1,1,0.654,high
Electronic City,1,19,1,1,1.0,high
Indiranagar,1,19,1,1,0.834,high
MG Road,1,20,1,1,1.0,high
Whitefield,1,20,1,1,0.847,high
Koramangala,1,20,1,1,0.642,medium
Electronic City,1,20,1,1,1.0,high
Indiranagar,1,20,1,1,0.893,high
MG Road,1,21,1,0,0.7,high
Whitefield,1,21,1,0,0.715,high
Koramangala,1,21,1,0,0.251,low
Electronic City,1,21,1,0,0.695,high
Indiranagar,1,21,1,0,0.592,medium
MG Road,1,22,1,0,0.833,high
Whitefield,1,22,1,0,0.726,high
Koramangala,1,22,1,0,0.251,low
Electronic City,1,22,1,0,0.709,high
Indiranagar,1,22,1,0,0.43,medium
MG Road,1,23,1,0,0.803,high
Whitefield,1,23,1,0,0.622,medium
Koramangala,1,23,1,0,0.527,medium
Electronic City,1,23,1,0,0.76,high
Indiranagar,1,23,1,0,0.684,high
MG Road,2,0,1,0,0.547,medium
Whitefield,2,0,1,0,0.265,low
Koramangala,2,0,1,0,0.0,low
Electronic City,2,0,1,0,0.472,medium
Indiranagar,2,0,1,0,0.181,low
MG Road,2,1,1,0,0.604,medium
Whitefield,2,1,1,0,0.287,low
Koramangala,2,1,1,0,0.196,low
Electronic City,2,1,1,0,0.412,medium
Indiranagar,2,1,1,0,0.322,low
MG Road,2,2,1,0,0.517,medium
Whitefield,2,2,1,0,0.296,low
Koramangala,2,2,1,0,0.065,low
Electronic City,2,2,1,0,0.481,medium
Indiranagar,2,2,1,0,0.226,low
MG Road,2,3,1,0,0.403,medium
Whitefield,2,3,1,0,0.399,medium
Koramangala,2,3,1,0,0.158,low
Electronic City,2,3,1,0,0.455,medium
Indiranagar,2,3,1,0,0.433,medium
MG Road,2,4,1,0,0.479,medium
Whitefield,2,4,1,0,0.406,medium
Koramangala,2,4,1,0,0.114,low
Electronic City,2,4,1,0,0.368,medium
Indiranagar,2,4,1,0,0.448,medium
MG Road,2,5,1,0,0.879,high
Whitefield,2,5,1,0,0.59,medium
Koramangala,2,5,1,0,0.458,medium
Electronic City,2,5,1,0,0.718,high
Indiranagar,2,5,1,0,0.666,high
MG Road,2,6,1,0,0.609,medium
Whitefield,2,6,1,0,0.518,medium
Koramangala,2,6,1,0,0.478,medium
Electronic City,2,6,1,0,0.73,high
Indiranagar,2,6,1,0,0.617,medium
MG Road,2,7,1,0,0.692,high
Whitefield,2,7,1,0,0.748,high
Koramangala,2,7,1,0,0.495,medium
Electronic City,2,7,1,0,0.734,high
Indiranagar,2,7,1,0,0.568,medium
MG Road,2,8,1,1,1.0,high
Whitefield,2,8,1,1,1.0,high
Koramangala,2,8,1,1,0.726,high
Electronic City,2,8,1,1,1.0,high
Indiranagar,2,8,1,1,0.776,high
MG Road,2,9,1,1,0.984,high
Whitefield,2,9,1,1,0.755,high
Koramangala,2,9,1,1,0.685,high
Electronic City,2,9,1,1,1.0,high
Indiranagar,2,9,1,1,0.838,high
MG Road,2,10,1,1,1.0,high
Whitefield,2,10,1,1,0.949,high
Koramangala,2,10,1,1,0.528,medium
Electronic City,2,10,1,1,0.952,high
Indiranagar,2,10,1,1,0.916,high
MG Road,2,11,1,0,0.763,high
Whitefield,2,11,1,0,0.536,medium
Koramangala,2,11,1,0,0.481,medium
Electronic City,2,11,1,0,0.647,medium
Indiranagar,2,11,1,0,0.576,medium
MG Road,2,12,1,0,0.826,high
Whitefield,2,12,1,0,0.554,medium
Koramangala,2,12,1,0,0.463,medium
Electronic City,2,12,1,0,0.704,high
Indiranagar,2,12,1,0,0.713,high
MG Road,2,13,1,0,0.79,high
Whitefield,2,13,1,0,0.654,high
Koramangala,2,13,1,0,0.46,medium
Electronic City,2,13,1,0,0.7,high
Indiranagar,2,13,1,0,0.436,medium
MG Road,2,14,1,0,0.829,high
Whitefield,2,14,1,0,0.606,medium
Koramangala,2,14,1,0,0.444,medium
Electronic City,2,14,1,0,0.732,high
Indiranagar,2,14,1,0,0.566,medium
MG Road,2,15,1,0,0.961,high
Whitefield,2,15,1,0,0.482,medium
Koramangala,2,15,1,0,0.459,medium
Electronic City,2,15,1,0,0.704,high
Indiranagar,2,15,1,0,0.573,medium
MG Road,2,16,1,0,0.775,high
Whitefield,2,16,1,0,0.536,medium
Koramangala,2,16,1,0,0.446,medium
Electronic City,2,16,1,0,0.861,high
Indiranagar,2,16,1,0,0.638,medium
MG Road,2,17,1,1,1.0,high
Whitefield,2,17,1,1,0.771,high
Koramangala,2,17,1,1,0.691,high
Electronic City,2,17,1,1,1.0,high
Indiranagar,2,17,1,1,0.82,high
MG Road,2,18,1,1,1.0,high
Whitefield,2,18,1,1,0.805,high
Koramangala,2,18,1,1,0.611,medium
Electronic City,2,18,1,1,0.78,high
Indiranagar,2,18,1,1,0.882,high
MG Road,2,19,1,1,0.982,high
Whitefield,2,19,1,1,0.721,high
Koramangala,2,19,1,1,0.71,high
Electronic City,2,19,1,1,0.913,high
Indiranagar,2,19,1,1,0.823,high
MG Road,2,20,1,1,1.0,high
Whitefield,2,20,1,1,0.737,high
Koramangala,2,20,1,1,0.527,medium
Electronic City,2,20,1,1,1.0,high
Indiranagar,2,20,1,1,0.942,high
MG Road,2,21,1,0,0.674,high
Whitefield,2,21,1,0,0.633,medium
Koramangala,2,21,1,0,0.446,medium
Electronic City,2,21,1,0,0.585,medium
Indiranagar,2,21,1,0,0.664,high
MG Road,2,22,1,0,0.87,high
Whitefield,2,22,1,0,0.575,medium
Koramangala,2,22,1,0,0.5,medium
Electronic City,2,22,1,0,0.841,high
Indiranagar,2,22,1,0,0.608,medium
MG Road,2,23,1,0,0.764,high
Whitefield,2,23,1,0,0.522,medium
Koramangala,2,23,1,0,0.397,medium
Electronic City,2,23,1,0,0.796,high
Indiranagar,2,23,1,0,0.574,medium
MG Road,3,0,1,0,0.324,low
Whitefield,3,0,1,0,0.401,medium
Koramangala,3,0,1,0,0.115,low
Electronic City,3,0,1,0,0.42,medium
Indiranagar,3,0,1,0,0.369,medium
MG Road,3,1,1,0,0.622,medium
Whitefield,3,1,1,0,0.076,low
Koramangala,3,1,1,0,0.135,low
Electronic City,3,1,1,0,0.336,low
Indiranagar,3,1,1,0,0.34,low
MG Road,3,2,1,0,0.51,medium
Whitefield,3,2,1,0,0.351,medium
Koramangala,3,2,1,0,0.06,low
Electronic City,3,2,1,0,0.3,low
Indiranagar,3,2,1,0,0.264,low
MG Road,3,3,1,0,0.533,medium
Whitefield,3,3,1,0,0.381,medium
Koramangala,3,3,1,0,0.006,low
Electronic City,3,3,1,0,0.532,medium
Indiranagar,3,3,1,0,0.248,low
MG Road,3,4,1,0,0.529,medium
Whitefield,3,4,1,0,0.259,low
Koramangala,3,4,1,0,0.115,low
Electronic City,3,4,1,0,0.521,medium
Indiranagar,3,4,1,0,0.202,low
MG Road,3,5,1,0,0.746,high
Whitefield,3,5,1,0,0.615,medium
Koramangala,3,5,1,0,0.592,medium
Electronic City,3,5,1,0,0.681,high
Indiranagar,3,5,1,0,0.763,high
MG Road,3,6,1,0,0.96,high
Whitefield,3,6,1,0,0.592,medium
Koramangala,3,6,1,0,0.376,medium
Electronic City,3,6,1,0,0.695,high
Indiranagar,3,6,1,0,0.595,medium
MG Road,3,7,1,0,0.687,high
Whitefield,3,7,1,0,0.594,medium
Koramangala,3,7,1,0,0.52,medium
Electronic City,3,7,1,0,0.701,high
Indiranagar,3,7,1,0,0.581,medium
MG Road,3,8,1,1,0.914,high
Whitefield,3,8,1,1,0.88,high
Koramangala,3,8,1,1,0.671,high
Electronic City,3,8,1,1,1.0,high
Indiranagar,3,8,1,1,0.833,high
MG Road,3,9,1,1,1.0,high
Whitefield,3,9,1,1,0.89,high
Koramangala,3,9,1,1,0.648,medium
Electronic City,3,9,1,1,1.0,high
Indiranagar,3,9,1,1,0.867,high
MG Road,3,10,1,1,1.0,high
Whitefield,3,10,1,1,0.904,high
Koramangala,3,10,1,1,0.665,high
Electronic City,3,10,1,1,1.0,high
Indiranagar,3,10,1,1,0.884,high
MG Road,3,11,1,0,0.904,high
Whitefield,3,11,1,0,0.649,medium
Koramangala,3,11,1,0,0.253,low
Electronic City,3,11,1,0,0.854,high
Indiranagar,3,11,1,0,0.611,medium
MG Road,3,12,1,0,0.796,high
Whitefield,3,12,1,0,0.623,medium
Koramangala,3,12,1,0,0.372,medium
Electronic City,3,12,1,0,0.768,high
Indiranagar,3,12,1,0,0.553,medium
MG Road,3,13,1,0,0.902,high
Whitefield,3,13,1,0,0.591,medium
Koramangala,3,13,1,0,0.369,medium
Electronic City,3,13,1,0,0.676,high
Indiranagar,3,13,1,0,0.622,medium
MG Road,3,14,1,0,0.815,high
Whitefield,3,14,1,0,0.631,medium
Koramangala,3,14,1,0,0.318,low
Electronic City,3,14,1,0,0.622,medium
Indiranagar,3,14,1,0,0.65,high
MG Road,3,15,1,0,0.919,high
Whitefield,3,15,1,0,0.518,medium
Koramangala,3,15,1,0,0.527,medium
Electronic City,3,15,1,0,0.773,high
Indiranagar,3,15,1,0,0.599,medium
MG Road,3,16,1,0,0.768,high
Whitefield,3,16,1,0,0.489,medium
Koramangala,3,16,1,0,0.479,medium
Electronic City,3,16,1,0,0.688,high
Indiranagar,3,16,1,0,0.538,medium
MG Road,3,17,1,1,1.0,high
Whitefield,3,17,1,1,0.699,high
Koramangala,3,17,1,1,0.528,medium
Electronic City,3,17,1,1,0.999,high
Indiranagar,3,17,1,1,0.873,high
MG Road,3,18,1,1,1.0,high
Whitefield,3,18,1,1,0.826,high
Koramangala,3,18,1,1,0.852,high
Electronic City,3,18,1,1,0.982,high
Indiranagar,3,18,1,1,0.832,high
MG Road,3,19,1,1,0.986,high
Whitefield,3,19,1,1,0.86,high
Koramangala,3,19,1,1,0.699,high
Electronic City,3,19,1,1,1.0,high
Indiranagar,3,19,1,1,0.731,high
MG Road,3,20,1,1,1.0,high
Whitefield,3,20,1,1,0.886,high
Koramangala,3,20,1,1,0.697,high
Electronic City,3,20,1,1,1.0,high
Indiranagar,3,20,1,1,0.893,high
MG Road,3,21,1,0,0.735,high
Whitefield,3,21,1,0,0.725,high
Koramangala,3,21,1,0,0.479,medium
Electronic City,3,21,1,0,0.642,medium
Indiranagar,3,21,1,0,0.514,medium
MG Road,3,22,1,0,0.716,high
Whitefield,3,22,1,0,0.654,high
Koramangala,3,22,1,0,0.297,low
Electronic City,3,22,1,0,0.724,high
Indiranagar,3,22,1,0,0.636,medium
MG Road,3,23,1,0,0.795,high
Whitefield,3,23,1,0,0.621,medium
Koramangala,3,23,1,0,0.315,low
Electronic City,3,23,1,0,0.798,high
Indiranagar,3,23,1,0,0.551,medium
MG Road,4,0,1,0,0.474,medium
Whitefield,4,0,1,0,0.319,low
Koramangala,4,0,1,0,0.108,low
Electronic City,4,0,1,0,0.452,medium
Indiranagar,4,0,1,0,0.24,low
MG Road,4,1,1,0,0.476,medium
Whitefield,4,1,1,0,0.3,low
Koramangala,4,1,1,0,0.0,low
Electronic City,4,1,1,0,0.413,medium
Indiranagar,4,1,1,0,0.331,low
MG Road,4,2,1,0,0.398,medium
Whitefield,4,2,1,0,0.393,medium
Koramangala,4,2,1,0,0.202,low
Electronic City,4,2,1,0,0.35,medium
Indiranagar,4,2,1,0,0.409,medium
MG Road,4,3,1,0,0.489,medium
Whitefield,4,3,1,0,0.333,low
Koramangala,4,3,1,0,0.06,low
Electronic City,4,3,1,0,0.524,medium
Indiranagar,4,3,1,0,0.332,low
MG Road,4,4,1,0,0.435,medium
Whitefield,4,4,1,0,0.207,low
Koramangala,4,4,1,0,0.0,low
Electronic City,4,4,1,0,0.465,medium
Indiranagar,4,4,1,0,0.346,low
MG Road,4,5,1,0,0.852,high
Whitefield,4,5,1,0,0.591,medium
Koramangala,4,5,1,0,0.307,low
Electronic City,4,5,1,0,0.695,high
Indiranagar,4,5,1,0,0.692,high
MG Road,4,6,1,0,0.761,high
Whitefield,4,6,1,0,0.611,medium
Koramangala,4,6,1,0,0.314,low
Electronic City,4,6,1,0,0.777,high
Indiranagar,4,6,1,0,0.563,medium
MG Road,4,7,1,0,0.884,high
Whitefield,4,7,1,0,0.662,high
Koramangala,4,7,1,0,0.36,medium
Electronic City,4,7,1,0,0.74,high
Indiranagar,4,7,1,0,0.556,medium
MG Road,4,8,1,1,0.936,high
Whitefield,4,8,1,1,0.781,high
Koramangala,4,8,1,1,0.666,high
Electronic City,4,8,1,1,1.0,high
Indiranagar,4,8,1,1,0.862,high
MG Road,4,9,1,1,1.0,high
Whitefield,4,9,1,1,0.925,high
Koramangala,4,9,1,1,0.655,high
Electronic City,4,9,1,1,1.0,high
Indiranagar,4,9,1,1,0.708,high
MG Road,4,10,1,1,0.736,high
Whitefield,4,10,1,1,0.873,high
Koramangala,4,10,1,1,0.536,medium
Electronic City,4,10,1,1,0.983,high
Indiranagar,4,10,1,1,0.826,high
MG Road,4,11,1,0,0.927,high
Whitefield,4,11,1,0,0.632,medium
Koramangala,4,11,1,0,0.413,medium
Electronic City,4,11,1,0,0.817,high
Indiranagar,4,11,1,0,0.629,medium
MG Road,4,12,1,0,0.763,high
Whitefield,4,12,1,0,0.686,high
Koramangala,4,12,1,0,0.311,low
Electronic City,4,12,1,0,0.776,high
Indiranagar,4,12,1,0,0.476,medium
MG Road,4,13,1,0,0.816,high
Whitefield,4,13,1,0,0.615,medium
Koramangala,4,13,1,0,0.534,medium
Electronic City,4,13,1,0,0.625,medium
Indiranagar,4,13,1,0,0.552,medium
MG Road,4,14,1,0,0.866,high
Whitefield,4,14,1,0,0.627,medium
Koramangala,4,14,1,0,0.414,medium
Electronic City,4,14,1,0,0.674,high
Indiranagar,4,14,1,0,0.553,medium
MG Road,4,15,1,0,0.9,high
Whitefield,4,15,1,0,0.596,medium
Koramangala,4,15,1,0,0.43,medium
Electronic City,4,15,1,0,0.741,high
Indiranagar,4,15,1,0,0.505,medium
MG Road,4,16,1,0,0.875,high
Whitefield,4,16,1,0,0.64,medium
Koramangala,4,16,1,0,0.584,medium
Electronic City,4,16,1,0,0.669,high
Indiranagar,4,16,1,0,0.666,high
MG Road,4,17,1,1,0.945,high
Whitefield,4,17,1,1,0.863,high
Koramangala,4,17,1,1,0.728,high
Electronic City,4,17,1,1,0.834,high
Indiranagar,4,17,1,1,0.834,high
MG Road,4,18,1,1,1.0,high
Whitefield,4,18,1,1,0.794,high
Koramangala,4,18,1,1,0.681,high
Electronic City,4,18,1,1,1.0,high
Indiranagar,4,18,1,1,0.839,high
MG Road,4,19,1,1,1.0,high
Whitefield,4,19,1,1,0.859,high
Koramangala,4,19,1,1,0.65,high
Electronic City,4,19,1,1,0.913,high
Indiranagar,4,19,1,1,0.939,high
MG Road,4,20,1,1,1.0,high
Whitefield,4,20,1,1,0.882,high
Koramangala,4,20,1,1,0.585,medium
Electronic City,4,20,1,1,0.963,high
Indiranagar,4,20,1,1,0.836,high
MG Road,4,21,1,0,0.677,high
Whitefield,4,21,1,0,0.465,medium
Koramangala,4,21,1,0,0.352,medium
Electronic City,4,21,1,0,0.792,high
Indiranagar,4,21,1,0,0.548,medium
MG Road,4,22,1,0,0.718,high
Whitefield,4,22,1,0,0.535,medium
Koramangala,4,22,1,0,0.364,medium
Electronic City,4,22,1,0,0.722,high
Indiranagar,4,22,1,0,0.773,high
MG Road,4,23,1,0,0.884,high
Whitefield,4,23,1,0,0.682,high
Koramangala,4,23,1,0,0.493,medium
Electronic City,4,23,1,0,0.67,high
Indiranagar,4,23,1,0,0.502,medium
MG Road,5,0,0,0,0.161,low
Whitefield,5,0,0,0,0.157,low
Koramangala,5,0,0,0,0.0,low
Electronic City,5,0,0,0,0.1,low
Indiranagar,5,0,0,0,0.016,low
MG Road,5,1,0,0,0.231,low
Whitefield,5,1,0,0,0.071,low
Koramangala,5,1,0,0,0.0,low
Electronic City,5,1,0,0,0.134,low
Indiranagar,5,1,0,0,0.105,low
MG Road,5,2,0,0,0.199,low
Whitefield,5,2,0,0,0.037,low
Koramangala,5,2,0,0,0.0,low
Electronic City,5,2,0,0,0.149,low
Indiranagar,5,2,0,0,0.004,low
MG Road,5,3,0,0,0.297,low
Whitefield,5,3,0,0,0.0,low
Koramangala,5,3,0,0,0.0,low
Electronic City,5,3,0,0,0.244,low
Indiranagar,5,3,0,0,0.214,low
MG Road,5,4,0,0,0.298,low
Whitefield,5,4,0,0,0.088,low
Koramangala,5,4,0,0,0.0,low
Electronic City,5,4,0,0,0.114,low
Indiranagar,5,4,0,0,0.059,low
MG Road,5,5,0,0,0.548,medium
Whitefield,5,5,0,0,0.376,medium
Koramangala,5,5,0,0,0.159,low
Electronic City,5,5,0,0,0.53,medium
Indiranagar,5,5,0,0,0.325,low
MG Road,5,6,0,0,0.555,medium
Whitefield,5,6,0,0,0.252,low
Koramangala,5,6,0,0,0.124,low
Electronic City,5,6,0,0,0.611,medium
Indiranagar,5,6,0,0,0.376,medium
MG Road,5,7,0,0,0.548,medium
Whitefield,5,7,0,0,0.502,medium
Koramangala,5,7,0,0,0.041,low
Electronic City,5,7,0,0,0.411,medium
Indiranagar,5,7,0,0,0.487,medium
MG Road,5,8,0,1,0.554,medium
Whitefield,5,8,0,1,0.331,low
Koramangala,5,8,0,1,0.054,low
Electronic City,5,8,0,1,0.536,medium
Indiranagar,5,8,0,1,0.394,medium
MG Road,5,9,0,1,0.462,medium
Whitefield,5,9,0,1,0.339,low
Koramangala,5,9,0,1,0.123,low
Electronic City,5,9,0,1,0.52,medium
Indiranagar,5,9,0,1,0.26,low
MG Road,5,10,0,1,0.65,high
Whitefield,5,10,0,1,0.423,medium
Koramangala,5,10,0,1,0.121,low
Electronic City,5,10,0,1,0.483,medium
Indiranagar,5,10,0,1,0.339,low
MG Road,5,11,0,0,0.488,medium
Whitefield,5,11,0,0,0.315,low
Koramangala,5,11,0,0,0.128,low
Electronic City,5,11,0,0,0.629,medium
Indiranagar,5,11,0,0,0.426,medium
MG Road,5,12,0,0,0.625,medium
Whitefield,5,12,0,0,0.38,medium
Koramangala,5,12,0,0,0.061,low
Electronic City,5,12,0,0,0.497,medium
Indiranagar,5,12,0,0,0.428,medium
MG Road,5,13,0,0,0.449,medium
Whitefield,5,13,0,0,0.401,medium
Koramangala,5,13,0,0,0.336,low
Electronic City,5,13,0,0,0.585,medium
Indiranagar,5,13,0,0,0.463,medium
MG Road,5,14,0,0,0.567,medium
Whitefield,5,14,0,0,0.427,medium
Koramangala,5,14,0,0,0.093,low
Electronic City,5,14,0,0,0.564,medium
Indiranagar,5,14,0,0,0.402,medium
MG Road,5,15,0,0,0.573,medium
Whitefield,5,15,0,0,0.455,medium
Koramangala,5,15,0,0,0.107,low
Electronic City,5,15,0,0,0.485,medium
Indiranagar,5,15,0,0,0.358,medium
MG Road,5,16,0,0,0.468,medium
Whitefield,5,16,0,0,0.368,medium
Koramangala,5,16,0,0,0.012,low
Electronic City,5,16,0,0,0.584,medium
Indiranagar,5,16,0,0,0.354,medium
MG Road,5,17,0,1,0.508,medium
Whitefield,5,17,0,1,0.283,low
Koramangala,5,17,0,1,0.131,low
Electronic City,5,17,0,1,0.555,medium
Indiranagar,5,17,0,1,0.394,medium
MG Road,5,18,0,1,0.494,medium
Whitefield,5,18,0,1,0.282,low
Koramangala,5,18,0,1,0.203,low
Electronic City,5,18,0,1,0.442,medium
Indiranagar,5,18,0,1,0.355,medium
MG Road,5,19,0,1,0.56,medium
Whitefield,5,19,0,1,0.375,medium
Koramangala,5,19,0,1,0.219,low
Electronic City,5,19,0,1,0.399,medium
Indiranagar,5,19,0,1,0.197,low
MG Road,5,20,0,1,0.505,medium
Whitefield,5,20,0,1,0.494,medium
Koramangala,5,20,0,1,0.312,low
Electronic City,5,20,0,1,0.646,medium
Indiranagar,5,20,0,1,0.335,low
MG Road,5,21,0,0,0.407,medium
Whitefield,5,21,0,0,0.163,low
Koramangala,5,21,0,0,0.101,low
Electronic City,5,21,0,0,0.484,medium
Indiranagar,5,21,0,0,0.454,medium
MG Road,5,22,0,0,0.619,medium
Whitefield,5,22,0,0,0.368,medium
Koramangala,5,22,0,0,0.079,low
Electronic City,5,22,0,0,0.423,medium
Indiranagar,5,22,0,0,0.37,medium
MG Road,5,23,0,0,0.606,medium
Whitefield,5,23,0,0,0.381,medium
Koramangala,5,23,0,0,0.067,low
Electronic City,5,23,0,0,0.552,medium
Indiranagar,5,23,0,0,0.384,medium
MG Road,6,0,0,0,0.164,low
Whitefield,6,0,0,0,0.0,low
Koramangala,6,0,0,0,0.0,low
Electronic City,6,0,0,0,0.181,low
Indiranagar,6,0,0,0,0.177,low
MG Road,6,1,0,0,0.29,low
Whitefield,6,1,0,0,0.011,low
Koramangala,6,1,0,0,0.0,low
Electronic City,6,1,0,0,0.205,low
Indiranagar,6,1,0,0,0.0,low
MG Road,6,2,0,0,0.177,low
Whitefield,6,2,0,0,0.106,low
Koramangala,6,2,0,0,0.0,low
Electronic City,6,2,0,0,0.248,low
Indiranagar,6,2,0,0,0.171,low
MG Road,6,3,0,0,0.207,low
Whitefield,6,3,0,0,0.184,low
Koramangala,6,3,0,0,0.0,low
Electronic City,6,3,0,0,0.119,low
Indiranagar,6,3,0,0,0.0,low
MG Road,6,4,0,0,0.214,low
Whitefield,6,4,0,0,0.01,low
Koramangala,6,4,0,0,0.0,low
Electronic City,6,4,0,0,0.22,low
Indiranagar,6,4,0,0,0.0,low
MG Road,6,5,0,0,0.519,medium
Whitefield,6,5,0,0,0.32,low
Koramangala,6,5,0,0,0.008,low
Electronic City,6,5,0,0,0.422,medium
Indiranagar,6,5,0,0,0.288,low
MG Road,6,6,0,0,0.665,high
Whitefield,6,6,0,0,0.365,medium
Koramangala,6,6,0,0,0.203,low
Electronic City,6,6,0,0,0.38,medium
Indiranagar,6,6,0,0,0.446,medium
MG Road,6,7,0,0,0.654,high
Whitefield,6,7,0,0,0.19,low
Koramangala,6,7,0,0,0.094,low
Electronic City,6,7,0,0,0.54,medium
Indiranagar,6,7,0,0,0.402,medium
MG Road,6,8,0,1,0.496,medium
Whitefield,6,8,0,1,0.326,low
Koramangala,6,8,0,1,0.102,low
Electronic City,6,8,0,1,0.509,medium
Indiranagar,6,8,0,1,0.446,medium
MG Road,6,9,0,1,0.488,medium
Whitefield,6,9,0,1,0.43,medium
Koramangala,6,9,0,1,0.087,low
Electronic City,6,9,0,1,0.432,medium
Indiranagar,6,9,0,1,0.415,medium
MG Road,6,10,0,1,0.624,medium
Whitefield,6,10,0,1,0.418,medium
Koramangala,6,10,0,1,0.045,low
Electronic City,6,10,0,1,0.463,medium
Indiranagar,6,10,0,1,0.416,medium
MG Road,6,11,0,0,0.553,medium
Whitefield,6,11,0,0,0.264,low
Koramangala,6,11,0,0,0.187,low
Electronic City,6,11,0,0,0.443,medium
Indiranagar,6,11,0,0,0.494,medium
MG Road,6,12,0,0,0.674,high
Whitefield,6,12,0,0,0.398,medium
Koramangala,6,12,0,0,0.259,low
Electronic City,6,12,0,0,0.505,medium
Indiranagar,6,12,0,0,0.411,medium
MG Road,6,13,0,0,0.668,high
Whitefield,6,13,0,0,0.37,medium
Koramangala,6,13,0,0,0.13,low
Electronic City,6,13,0,0,0.364,medium
Indiranagar,6,13,0,0,0.343,low
MG Road,6,14,0,0,0.616,medium
Whitefield,6,14,0,0,0.426,medium
Koramangala,6,14,0,0,0.19,low
Electronic City,6,14,0,0,0.457,medium
Indiranagar,6,14,0,0,0.192,low
MG Road,6,15,0,0,0.51,medium
Whitefield,6,15,0,0,0.326,low
Koramangala,6,15,0,0,0.125,low
Electronic City,6,15,0,0,0.549,medium
Indiranagar,6,15,0,0,0.509,medium
MG Road,6,16,0,0,0.56,medium
Whitefield,6,16,0,0,0.333,low
Koramangala,6,16,0,0,0.129,low
Electronic City,6,16,0,0,0.51,medium
Indiranagar,6,16,0,0,0.284,low
MG Road,6,17,0,1,0.56,medium
Whitefield,6,17,0,1,0.386,medium
Koramangala,6,17,0,1,0.167,low
Electronic City,6,17,0,1,0.537,medium
Indiranagar,6,17,0,1,0.385,medium
MG Road,6,18,0,1,0.408,medium
Whitefield,6,18,0,1,0.401,medium
Koramangala,6,18,0,1,0.096,low
Electronic City,6,18,0,1,0.412,medium
Indiranagar,6,18,0,1,0.262,low
MG Road,6,19,0,1,0.585,medium
Whitefield,6,19,0,1,0.332,low
Koramangala,6,19,0,1,0.015,low
Electronic City,6,19,0,1,0.538,medium
Indiranagar,6,19,0,1,0.235,low
MG Road,6,20,0,1,0.561,medium
Whitefield,6,20,0,1,0.369,medium
Koramangala,6,20,0,1,0.221,low
Electronic City,6,20,0,1,0.643,medium
Indiranagar,6,20,0,1,0.241,low
MG Road,6,21,0,0,0.546,medium
Whitefield,6,21,0,0,0.328,low
Koramangala,6,21,0,0,0.185,low
Electronic City,6,21,0,0,0.517,medium
Indiranagar,6,21,0,0,0.322,low
MG Road,6,22,0,0,0.515,medium
Whitefield,6,22,0,0,0.261,low
Koramangala,6,22,0,0,0.229,low
Electronic City,6,22,0,0,0.537,medium
Indiranagar,6,22,0,0,0.423,medium
MG Road,6,23,0,0,0.525,medium
Whitefield,6,23,0,0,0.297,low
Koramangala,6,23,0,0,0.064,low
Electronic City,6,23,0,0,0.529,medium
Indiranagar,6,23,0,0,0.267,low
MG Road,0,0,1,0,0.648,medium
Whitefield,0,0,1,0,0.195,low
Koramangala,0,0,1,0,0.122,low
Electronic City,0,0,1,0,0.575,medium
Indiranagar,0,0,1,0,0.348,low
MG Road,0,1,1,0,0.514,medium
Whitefield,0,1,1,0,0.223,low
Koramangala,0,1,1,0,0.0,low
Electronic City,0,1,1,0,0.512,medium
Indiranagar,0,1,1,0,0.42,medium
MG Road,0,2,1,0,0.465,medium
Whitefield,0,2,1,0,0.209,low
Koramangala,0,2,1,0,0.0,low
Electronic City,0,2,1,0,0.372,medium
Indiranagar,0,2,1,0,0.291,low
MG Road,0,3,1,0,0.628,medium
Whitefield,0,3,1,0,0.354,medium
Koramangala,0,3,1,0,0.124,low
Electronic City,0,3,1,0,0.418,medium
Indiranagar,0,3,1,0,0.253,low
MG Road,0,4,1,0,0.612,medium
Whitefield,0,4,1,0,0.316,low
Koramangala,0,4,1,0,0.0,low
Electronic City,0,4,1,0,0.396,medium
Indiranagar,0,4,1,0,0.231,low
MG Road,0,5,1,0,0.756,high
Whitefield,0,5,1,0,0.645,medium
Koramangala,0,5,1,0,0.391,medium
Electronic City,0,5,1,0,0.744,high
Indiranagar,0,5,1,0,0.705,high
MG Road,0,6,1,0,0.744,high
Whitefield,0,6,1,0,0.749,high
Koramangala,0,6,1,0,0.346,low
Electronic City,0,6,1,0,0.757,high
Indiranagar,0,6,1,0,0.578,medium
MG Road,0,7,1,0,0.81,high
Whitefield,0,7,1,0,0.636,medium
Koramangala,0,7,1,0,0.435,medium
Electronic City,0,7,1,0,0.69,high
Indiranagar,0,7,1,0,0.51,medium
MG Road,0,8,1,1,1.0,high
Whitefield,0,8,1,1,0.811,high
Koramangala,0,8,1,1,0.706,high
Electronic City,0,8,1,1,0.871,high
Indiranagar,0,8,1,1,0.828,high
MG Road,0,9,1,1,1.0,high
Whitefield,0,9,1,1,0.888,high
Koramangala,0,9,1,1,0.432,medium
Electronic City,0,9,1,1,1.0,high
Indiranagar,0,9,1,1,0.758,high
MG Road,0,10,1,1,1.0,high
Whitefield,0,10,1,1,0.767,high
Koramangala,0,10,1,1,0.582,medium
Electronic City,0,10,1,1,0.978,high
Indiranagar,0,10,1,1,0.766,high
MG Road,0,11,1,0,0.762,high
Whitefield,0,11,1,0,0.505,medium
Koramangala,0,11,1,0,0.253,low
Electronic City,0,11,1,0,0.831,high
Indiranagar,0,11,1,0,0.496,medium
MG Road,0,12,1,0,0.786,high
Whitefield,0,12,1,0,0.66,high
Koramangala,0,12,1,0,0.351,medium
Electronic City,0,12,1,0,0.684,high
Indiranagar,0,12,1,0,0.618,medium
MG Road,0,13,1,0,0.889,high
Whitefield,0,13,1,0,0.506,medium
Koramangala,0,13,1,0,0.388,medium
Electronic City,0,13,1,0,0.611,medium
Indiranagar,0,13,1,0,0.569,medium
MG Road,0,14,1,0,0.803,high
Whitefield,0,14,1,0,0.532,medium
Koramangala,0,14,1,0,0.363,medium
Electronic City,0,14,1,0,0.637,medium
Indiranagar,0,14,1,0,0.606,medium
MG Road,0,15,1,0,0.884,high
Whitefield,0,15,1,0,0.512,medium
Koramangala,0,15,1,0,0.35,medium
Electronic City,0,15,1,0,0.79,high
Indiranagar,0,15,1,0,0.697,high
MG Road,0,16,1,0,0.681,high
Whitefield,0,16,1,0,0.586,medium
Koramangala,0,16,1,0,0.423,medium
Electronic City,0,16,1,0,0.742,high
Indiranagar,0,16,1,0,0.402,medium
MG Road,0,17,1,1,1.0,high
Whitefield,0,17,1,1,0.972,high
Koramangala,0,17,1,1,0.659,high
Electronic City,0,17,1,1,0.918,high
Indiranagar,0,17,1,1,0.809,high
MG Road,0,18,1,1,1.0,high
Whitefield,0,18,1,1,0.923,high
Koramangala,0,18,1,1,0.701,high
Electronic City,0,18,1,1,1.0,high
Indiranagar,0,18,1,1,0.797,high
MG Road,0,19,1,1,1.0,high
Whitefield,0,19,1,1,0.844,high
Koramangala,0,19,1,1,0.694,high
Electronic City,0,19,1,1,1.0,high
Indiranagar,0,19,1,1,0.939,high
MG Road,0,20,1,1,0.936,high
Whitefield,0,20,1,1,0.868,high
Koramangala,0,20,1,1,0.709,high
Electronic City,0,20,1,1,1.0,high
Indiranagar,0,20,1,1,0.8,high
MG Road,0,21,1,0,1.0,high
Whitefield,0,21,1,0,0.498,medium
Koramangala,0,21,1,0,0.313,low
Electronic City,0,21,1,0,0.769,high
Indiranagar,0,21,1,0,0.769,high
MG Road,0,22,1,0,0.733,high
Whitefield,0,22,1,0,0.579,medium
Koramangala,0,22,1,0,0.486,medium
Electronic City,0,22,1,0,0.749,high
Indiranagar,0,22,1,0,0.573,medium
MG Road,0,23,1,0,0.845,high
Whitefield,0,23,1,0,0.622,medium
Koramangala,0,23,1,0,0.482,medium
Electronic City,0,23,1,0,0.853,high
Indiranagar,0,23,1,0,0.625,medium
MG Road,1,0,1,0,0.523,medium
Whitefield,1,0,1,0,0.317,low
Koramangala,1,0,1,0,0.139,low
Electronic City,1,0,1,0,0.454,medium
Indiranagar,1,0,1,0,0.3,low
MG Road,1,1,1,0,0.596,medium
Whitefield,1,1,1,0,0.421,medium
Koramangala,1,1,1,0,0.0,low
Electronic City,1,1,1,0,0.451,medium
Indiranagar,1,1,1,0,0.245,low
MG Road,1,2,1,0,0.475,medium
Whitefield,1,2,1,0,0.332,low
Koramangala,1,2,1,0,0.154,low
Electronic City,1,2,1,0,0.441,medium
Indiranagar,1,2,1,0,0.147,low
MG Road,1,3,1,0,0.423,medium
Whitefield,1,3,1,0,0.372,medium
Koramangala,1,3,1,0,0.0,low
Electronic City,1,3,1,0,0.545,medium
Indiranagar,1,3,1,0,0.342,low
MG Road,1,4,1,0,0.605,medium
Whitefield,1,4,1,0,0.284,low
Koramangala,1,4,1,0,0.0,low
Electronic City,1,4,1,0,0.484,medium
Indiranagar,1,4,1,0,0.402,medium
MG Road,1,5,1,0,0.874,high
Whitefield,1,5,1,0,0.547,medium
Koramangala,1,5,1,0,0.407,medium
Electronic City,1,5,1,0,0.707,high
Indiranagar,1,5,1,0,0.534,medium
MG Road,1,6,1,0,0.876,high
Whitefield,1,6,1,0,0.504,medium
Koramangala,1,6,1,0,0.328,low
Electronic City,1,6,1,0,0.662,high
Indiranagar,1,6,1,0,0.481,medium
MG Road,1,7,1,0,0.812,high
Whitefield,1,7,1,0,0.693,high
Koramangala,1,7,1,0,0.385,medium
Electronic City,1,7,1,0,0.63,medium
Indiranagar,1,7,1,0,0.667,high
MG Road,1,8,1,1,1.0,high
Whitefield,1,8,1,1,0.798,high
Koramangala,1,8,1,1,0.612,medium
Electronic City,1,8,1,1,1.0,high
Indiranagar,1,8,1,1,0.98,high
MG Road,1,9,1,1,1.0,high
Whitefield,1,9,1,1,0.743,high
Koramangala,1,9,1,1,0.701,high
Electronic City,1,9,1,1,1.0,high
Indiranagar,1,9,1,1,0.85,high
MG Road,1,10,1,1,1.0,high
Whitefield,1,10,1,1,0.93,high
Koramangala,1,10,1,1,0.692,high
Electronic City,1,10,1,1,0.939,high
Indiranagar,1,10,1,1,0.854,high
MG Road,1,11,1,0,0.692,high
Whitefield,1,11,1,0,0.655,high
Koramangala,1,11,1,0,0.379,medium
Electronic City,1,11,1,0,0.715,high
Indiranagar,1,11,1,0,0.597,medium
MG Road,1,12,1,0,0.803,high
Whitefield,1,12,1,0,0.672,high
Koramangala,1,12,1,0,0.447,medium
Electronic City,1,12,1,0,0.737,high
Indiranagar,1,12,1,0,0.661,high
MG Road,1,13,1,0,0.832,high
Whitefield,1,13,1,0,0.566,medium
Koramangala,1,13,1,0,0.39,medium
Electronic City,1,13,1,0,0.738,high
Indiranagar,1,13,1,0,0.64,medium
MG Road,1,14,1,0,0.771,high
Whitefield,1,14,1,0,0.569,medium
Koramangala,1,14,1,0,0.558,medium
Electronic City,1,14,1,0,0.825,high
Indiranagar,1,14,1,0,0.539,medium
MG Road,1,15,1,0,0.846,high
Whitefield,1,15,1,0,0.609,medium
Koramangala,1,15,1,0,0.431,medium
Electronic City,1,15,1,0,0.761,high
Indiranagar,1,15,1,0,0.695,high
MG Road,1,16,1,0,0.828,high
Whitefield,1,16,1,0,0.595,medium
Koramangala,1,16,1,0,0.483,medium
Electronic City,1,16,1,0,0.769,high
Indiranagar,1,16,1,0,0.61,medium
MG Road,1,17,1,1,1.0,high
Whitefield,1,17,1,1,0.843,high
Koramangala,1,17,1,1,0.651,high
Electronic City,1,17,1,1,0.953,high
Indiranagar,1,17,1,1,0.79,high
MG Road,1,18,1,1,0.97,high
Whitefield,1,18,1,1,0.739,high
Koramangala,1,18,1,1,0.58,medium
Electronic City,1,18,1,1,0.986,high
Indiranagar,1,18,1,1,0.858,high
MG Road,1,19,1,1,1.0,high
Whitefield,1,19,1,1,0.662,high
Koramangala,1,19,1,1,0.776,high
Electronic City,1,19,1,1,1.0,high
Indiranagar,1,19,1,1,0.886,high
MG Road,1,20,1,1,1.0,high
Whitefield,1,20,1,1,0.772,high
Koramangala,1,20,1,1,0.801,high
Electronic City,1,20,1,1,0.923,high
Indiranagar,1,20,1,1,0.869,high
MG Road,1,21,1,0,0.698,high
Whitefield,1,21,1,0,0.601,medium
Koramangala,1,21,1,0,0.431,medium
Electronic City,1,21,1,0,0.738,high
Indiranagar,1,21,1,0,0.657,high
MG Road,1,22,1,0,0.808,high
Whitefield,1,22,1,0,0.558,medium
Koramangala,1,22,1,0,0.355,medium
Electronic City,1,22,1,0,0.815,high
Indiranagar,1,22,1,0,0.548,medium
MG Road,1,23,1,0,0.873,high
Whitefield,1,23,1,0,0.698,high
Koramangala,1,23,1,0,0.267,low
Electronic City,1,23,1,0,0.841,high
Indiranagar,1,23,1,0,0.765,high
MG Road,2,0,1,0,0.52,medium
Whitefield,2,0,1,0,0.348,low
Koramangala,2,0,1,0,0.183,low
Electronic City,2,0,1,0,0.428,medium
Indiranagar,2,0,1,0,0.315,low
MG Road,2,1,1,0,0.395,medium
Whitefield,2,1,1,0,0.311,low
Koramangala,2,1,1,0,0.14,low
Electronic City,2,1,1,0,0.491,medium
Indiranagar,2,1,1,0,0.385,medium
MG Road,2,2,1,0,0.438,medium
Whitefield,2,2,1,0,0.257,low
Koramangala,2,2,1,0,0.252,low
Electronic City,2,2,1,0,0.438,medium
Indiranagar,2,2,1,0,0.316,low
MG Road,2,3,1,0,0.495,medium
Whitefield,2,3,1,0,0.234,low
Koramangala,2,3,1,0,0.23,low
Electronic City,2,3,1,0,0.408,medium
Indiranagar,2,3,1,0,0.21,low
MG Road,2,4,1,0,0.464,medium
Whitefield,2,4,1,0,0.14,low
Koramangala,2,4,1,0,0.048,low
Electronic City,2,4,1,0,0.373,medium
Indiranagar,2,4,1,0,0.349,low
MG Road,2,5,1,0,0.746,high
Whitefield,2,5,1,0,0.671,high
Koramangala,2,5,1,0,0.512,medium
Electronic City,2,5,1,0,0.812,high
Indiranagar,2,5,1,0,0.583,medium
MG Road,2,6,1,0,0.811,high
Whitefield,2,6,1,0,0.478,medium
Koramangala,2,6,1,0,0.389,medium
Electronic City,2,6,1,0,0.681,high
Indiranagar,2,6,1,0,0.656,high
MG Road,2,7,1,0,1.0,high
Whitefield,2,7,1,0,0.64,medium
Koramangala,2,7,1,0,0.241,low
Electronic City,2,7,1,0,0.721,high
Indiranagar,2,7,1,0,0.61,medium
MG Road,2,8,1,1,1.0,high
Whitefield,2,8,1,1,0.792,high
Koramangala,2,8,1,1,0.67,high
Electronic City,2,8,1,1,0.901,high
Indiranagar,2,8,1,1,0.774,high
MG Road,2,9,1,1,1.0,high
Whitefield,2,9,1,1,0.769,high
Koramangala,2,9,1,1,0.693,high
Electronic City,2,9,1,1,0.89,high
Indiranagar,2,9,1,1,0.991,high
MG Road,2,10,1,1,0.988,high
Whitefield,2,10,1,1,0.832,high
Koramangala,2,10,1,1,0.676,high
Electronic City,2,10,1,1,0.955,high
Indiranagar,2,10,1,1,0.861,high
MG Road,2,11,1,0,0.846,high
Whitefield,2,11,1,0,0.677,high
Koramangala,2,11,1,0,0.463,medium
Electronic City,2,11,1,0,0.736,high
Indiranagar,2,11,1,0,0.588,medium
MG Road,2,12,1,0,0.988,high
Whitefield,2,12,1,0,0.676,high
Koramangala,2,12,1,0,0.326,low
Electronic City,2,12,1,0,0.758,high
Indiranagar,2,12,1,0,0.573,medium
MG Road,2,13,1,0,0.789,high
Whitefield,2,13,1,0,0.502,medium
Koramangala,2,13,1,0,0.367,medium
Electronic City,2,13,1,0,0.895,high
Indiranagar,2,13,1,0,0.646,medium
MG Road,2,14,1,0,0.601,medium
Whitefield,2,14,1,0,0.697,high
Koramangala,2,14,1,0,0.487,medium
Electronic City,2,14,1,0,0.721,high
Indiranagar,2,14,1,0,0.657,high
MG Road,2,15,1,0,0.731,high
Whitefield,2,15,1,0,0.562,medium
Koramangala,2,15,1,0,0.52,medium
Electronic City,2,15,1,0,0.728,high
Indiranagar,2,15,1,0,0.45,medium
MG Road,2,16,1,0,0.795,high
Whitefield,2,16,1,0,0.594,medium
Koramangala,2,16,1,0,0.496,medium
Electronic City,2,16,1,0,0.751,high
Indiranagar,2,16,1,0,0.566,medium
MG Road,2,17,1,1,1.0,high
Whitefield,2,17,1,1,0.86,high
Koramangala,2,17,1,1,0.59,medium
Electronic City,2,17,1,1,1.0,high
Indiranagar,2,17,1,1,0.865,high
MG Road,2,18,1,1,1.0,high
Whitefield,2,18,1,1,0.864,high
Koramangala,2,18,1,1,0.564,medium
Electronic City,2,18,1,1,0.958,high
Indiranagar,2,18,1,1,0.85,high
MG Road,2,19,1,1,1.0,high
Whitefield,2,19,1,1,0.952,high
Koramangala,2,19,1,1,0.667,high
Electronic City,2,19,1,1,1.0,high
Indiranagar,2,19,1,1,0.851,high
MG Road,2,20,1,1,1.0,high
Whitefield,2,20,1,1,0.882,high
Koramangala,2,20,1,1,0.651,high
Electronic City,2,20,1,1,0.999,high
Indiranagar,2,20,1,1,0.774,high
MG Road,2,21,1,0,0.841,high
Whitefield,2,21,1,0,0.597,medium
Koramangala,2,21,1,0,0.36,medium
Electronic City,2,21,1,0,0.839,high
Indiranagar,2,21,1,0,0.5,medium
MG Road,2,22,1,0,0.766,high
Whitefield,2,22,1,0,0.682,high
Koramangala,2,22,1,0,0.425,medium
Electronic City,2,22,1,0,0.746,high
Indiranagar,2,22,1,0,0.62,medium
MG Road,2,23,1,0,0.814,high
Whitefield,2,23,1,0,0.479,medium
Koramangala,2,23,1,0,0.372,medium
Electronic City,2,23,1,0,0.879,high
Indiranagar,2,23,1,0,0.547,medium
MG Road,3,0,1,0,0.475,medium
Whitefield,3,0,1,0,0.257,low
Koramangala,3,0,1,0,0.093,low
Electronic City,3,0,1,0,0.403,medium
Indiranagar,3,0,1,0,0.339,low
MG Road,3,1,1,0,0.516,medium
Whitefield,3,1,1,0,0.362,medium
Koramangala,3,1,1,0,0.016,low
Electronic City,3,1,1,0,0.423,medium
Indiranagar,3,1,1,0,0.282,low
MG Road,3,2,1,0,0.536,medium
Whitefield,3,2,1,0,0.237,low
Koramangala,3,2,1,0,0.173,low
Electronic City,3,2,1,0,0.545,medium
Indiranagar,3,2,1,0,0.221,low
MG Road,3,3,1,0,0.461,medium
Whitefield,3,3,1,0,0.257,low
Koramangala,3,3,1,0,0.311,low
Electronic City,3,3,1,0,0.416,medium
Indiranagar,3,3,1,0,0.434,medium
MG Road,3,4,1,0,0.399,medium
Whitefield,3,4,1,0,0.221,low
Koramangala,3,4,1,0,0.045,low
Electronic City,3,4,1,0,0.382,medium
Indiranagar,3,4,1,0,0.279,low
MG Road,3,5,1,0,0.743,high
Whitefield,3,5,1,0,0.534,medium
Koramangala,3,5,1,0,0.493,medium
Electronic City,3,5,1,0,0.848,high
Indiranagar,3,5,1,0,0.676,high
MG Road,3,6,1,0,0.842,high
Whitefield,3,6,1,0,0.607,medium
Koramangala,3,6,1,0,0.36,medium
Electronic City,3,6,1,0,0.674,high
Indiranagar,3,6,1,0,0.629,medium
MG Road,3,7,1,0,0.706,high
Whitefield,3,7,1,0,0.52,medium
Koramangala,3,7,1,0,0.492,medium
Electronic City,3,7,1,0,0.902,high
Indiranagar,3,7,1,0,0.631,medium
MG Road,3,8,1,1,1.0,high
Whitefield,3,8,1,1,0.83,high
Koramangala,3,8,1,1,0.543,medium
Electronic City,3,8,1,1,1.0,high
Indiranagar,3,8,1,1,0.896,high
MG Road,3,9,1,1,1.0,high
Whitefield,3,9,1,1,0.831,high
Koramangala,3,9,1,1,0.727,high
Electronic City,3,9,1,1,0.921,high
Indiranagar,3,9,1,1,0.788,high
MG Road,3,10,1,1,0.969,high
Whitefield,3,10,1,1,0.857,high
Koramangala,3,10,1,1,0.563,medium
Electronic City,3,10,1,1,0.945,high
Indiranagar,3,10,1,1,0.794,high
MG Road,3,11,1,0,0.779,high
Whitefield,3,11,1,0,0.481,medium
Koramangala,3,11,1,0,0.407,medium
Electronic City,3,11,1,0,0.85,high
Indiranagar,3,11,1,0,0.611,medium
MG Road,3,12,1,0,0.923,high
Whitefield,3,12,1,0,0.707,high
Koramangala,3,12,1,0,0.462,medium
Electronic City,3,12,1,0,0.756,high
Indiranagar,3,12,1,0,0.602,medium
MG Road,3,13,1,0,0.861,high
Whitefield,3,13,1,0,0.569,medium
Koramangala,3,13,1,0,0.249,low
Electronic City,3,13,1,0,0.789,high
Indiranagar,3,13,1,0,0.51,medium
MG Road,3,14,1,0,0.723,high
Whitefield,3,14,1,0,0.6,medium
Koramangala,3,14,1,0,0.392,medium
Electronic City,3,14,1,0,0.637,medium
Indiranagar,3,14,1,0,0.613,medium
MG Road,3,15,1,0,0.877,high
Whitefield,3,15,1,0,0.51,medium
Koramangala,3,15,1,0,0.502,medium
Electronic City,3,15,1,0,0.625,medium
Indiranagar,3,15,1,0,0.769,high
MG Road,3,16,1,0,0.767,high
Whitefield,3,16,1,0,0.612,medium
Koramangala,3,16,1,0,0.249,low
Electronic City,3,16,1,0,0.745,high
Indiranagar,3,16,1,0,0.618,medium
MG Road,3,17,1,1,1.0,high
Whitefield,3,17,1,1,0.805,high
Koramangala,3,17,1,1,0.574,medium
Electronic City,3,17,1,1,1.0,high
Indiranagar,3,17,1,1,0.852,high
MG Road,3,18,1,1,1.0,high
Whitefield,3,18,1,1,0.808,high
Koramangala,3,18,1,1,0.615,medium
Electronic City,3,18,1,1,1.0,high
Indiranagar,3,18,1,1,0.72,high
MG Road,3,19,1,1,0.953,high
Whitefield,3,19,1,1,0.938,high
Koramangala,3,19,1,1,0.556,medium
Electronic City,3,19,1,1,0.854,high
Indiranagar,3,19,1,1,0.999,high
MG Road,3,20,1,1,0.938,high
Whitefield,3,20,1,1,0.865,high
Koramangala,3,20,1,1,0.656,high
Electronic City,3,20,1,1,0.775,high
Indiranagar,3,20,1,1,0.829,high
MG Road,3,21,1,0,0.836,high
Whitefield,3,21,1,0,0.628,medium
Koramangala,3,21,1,0,0.472,medium
Electronic City,3,21,1,0,0.719,high
Indiranagar,3,21,1,0,0.657,high
MG Road,3,22,1,0,0.745,high
Whitefield,3,22,1,0,0.487,medium
Koramangala,3,22,1,0,0.296,low
Electronic City,3,22,1,0,0.633,medium
Indiranagar,3,22,1,0,0.681,high
MG Road,3,23,1,0,0.679,high
Whitefield,3,23,1,0,0.622,medium
Koramangala,3,23,1,0,0.379,medium
Electronic City,3,23,1,0,0.742,high
Indiranagar,3,23,1,0,0.709,high
MG Road,4,0,1,0,0.465,medium
Whitefield,4,0,1,0,0.349,low
Koramangala,4,0,1,0,0.103,low
Electronic City,4,0,1,0,0.438,medium
Indiranagar,4,0,1,0,0.484,medium
MG Road,4,1,1,0,0.385,medium
Whitefield,4,1,1,0,0.403,medium
Koramangala,4,1,1,0,0.153,low
Electronic City,4,1,1,0,0.412,medium
Indiranagar,4,1,1,0,0.43,medium
MG Road,4,2,1,0,0.352,medium
Whitefield,4,2,1,0,0.258,low
Koramangala,4,2,1,0,0.003,low
Electronic City,4,2,1,0,0.483,medium
Indiranagar,4,2,1,0,0.211,low
MG Road,4,3,1,0,0.535,medium
Whitefield,4,3,1,0,0.285,low
Koramangala,4,3,1,0,0.062,low
Electronic City,4,3,1,0,0.481,medium
Indiranagar,4,3,1,0,0.279,low
MG Road,4,4,1,0,0.413,medium
Whitefield,4,4,1,0,0.524,medium
Koramangala,4,4,1,0,0.061,low
Electronic City,4,4,1,0,0.273,low
Indiranagar,4,4,1,0,0.233,low
MG Road,4,5,1,0,0.699,high
Whitefield,4,5,1,0,0.666,high
Koramangala,4,5,1,0,0.426,medium
Electronic City,4,5,1,0,0.782,high
Indiranagar,4,5,1,0,0.57,medium
MG Road,4,6,1,0,0.778,high
Whitefield,4,6,1,0,0.57,medium
Koramangala,4,6,1,0,0.394,medium
Electronic City,4,6,1,0,0.817,high
Indiranagar,4,6,1,0,0.627,medium
MG Road,4,7,1,0,0.84,high
Whitefield,4,7,1,0,0.64,medium
Koramangala,4,7,1,0,0.471,medium
Electronic City,4,7,1,0,0.773,high
Indiranagar,4,7,1,0,0.629,medium
MG Road,4,8,1,1,1.0,high
Whitefield,4,8,1,1,0.797,high
Koramangala,4,8,1,1,0.582,medium
Electronic City,4,8,1,1,0.905,high
Indiranagar,4,8,1,1,0.865,high
MG Road,4,9,1,1,0.902,high
Whitefield,4,9,1,1,0.887,high
Koramangala,4,9,1,1,0.641,medium
Electronic City,4,9,1,1,1.0,high
Indiranagar,4,9,1,1,0.796,high
MG Road,4,10,1,1,1.0,high
Whitefield,4,10,1,1,0.94,high
Koramangala,4,10,1,1,0.761,high
Electronic City,4,10,1,1,0.946,high
Indiranagar,4,10,1,1,0.865,high
MG Road,4,11,1,0,0.824,high
Whitefield,4,11,1,0,0.63,medium
Koramangala,4,11,1,0,0.379,medium
Electronic City,4,11,1,0,0.853,high
Indiranagar,4,11,1,0,0.449,medium
MG Road,4,12,1,0,0.766,high
Whitefield,4,12,1,0,0.636,medium
Koramangala,4,12,1,0,0.437,medium
Electronic City,4,12,1,0,0.858,high
Indiranagar,4,12,1,0,0.696,high
MG Road,4,13,1,0,0.777,high
Whitefield,4,13,1,0,0.704,high
Koramangala,4,13,1,0,0.343,low
Electronic City,4,13,1,0,0.824,high
Indiranagar,4,13,1,0,0.745,high
MG Road,4,14,1,0,0.897,high
Whitefield,4,14,1,0,0.608,medium
Koramangala,4,14,1,0,0.373,medium
Electronic City,4,14,1,0,0.628,medium
Indiranagar,4,14,1,0,0.625,medium
MG Road,4,15,1,0,0.711,high
Whitefield,4,15,1,0,0.537,medium
Koramangala,4,15,1,0,0.305,low
Electronic City,4,15,1,0,0.713,high
Indiranagar,4,15,1,0,0.598,medium
MG Road,4,16,1,0,0.822,high
Whitefield,4,16,1,0,0.552,medium
Koramangala,4,16,1,0,0.486,medium
Electronic City,4,16,1,0,0.733,high
Indiranagar,4,16,1,0,0.537,medium
MG Road,4,17,1,1,1.0,high
Whitefield,4,17,1,1,1.0,high
Koramangala,4,17,1,1,0.677,high
Electronic City,4,17,1,1,0.971,high
Indiranagar,4,17,1,1,0.728,high
MG Road,4,18,1,1,1.0,high
Whitefield,4,18,1,1,0.869,high
Koramangala,4,18,1,1,0.619,medium
Electronic City,4,18,1,1,0.867,high
Indiranagar,4,18,1,1,0.782,high
MG Road,4,19,1,1,1.0,high
Whitefield,4,19,1,1,0.965,high
Koramangala,4,19,1,1,0.579,medium
Electronic City,4,19,1,1,1.0,high
Indiranagar,4,19,1,1,0.756,high
MG Road,4,20,1,1,1.0,high
Whitefield,4,20,1,1,0.87,high
Koramangala,4,20,1,1,0.726,high
Electronic City,4,20,1,1,0.863,high
Indiranagar,4,20,1,1,0.904,high
MG Road,4,21,1,0,0.799,high
Whitefield,4,21,1,0,0.668,high
Koramangala,4,21,1,0,0.473,medium
Electronic City,4,21,1,0,0.755,high
Indiranagar,4,21,1,0,0.552,medium
MG Road,4,22,1,0,0.862,high
Whitefield,4,22,1,0,0.595,medium
Koramangala,4,22,1,0,0.33,low
Electronic City,4,22,1,0,0.676,high
Indiranagar,4,22,1,0,0.482,medium
MG Road,4,23,1,0,0.759,high
Whitefield,4,23,1,0,0.688,high
Koramangala,4,23,1,0,0.414,medium
Electronic City,4,23,1,0,0.708,high
Indiranagar,4,23,1,0,0.664,high
MG Road,5,0,0,0,0.183,low
Whitefield,5,0,0,0,0.058,low
Koramangala,5,0,0,0,0.0,low
Electronic City,5,0,0,0,0.262,low
Indiranagar,5,0,0,0,0.0,low
MG Road,5,1,0,0,0.182,low
Whitefield,5,1,0,0,0.0,low
Koramangala,5,1,0,0,0.0,low
Electronic City,5,1,0,0,0.297,low
Indiranagar,5,1,0,0,0.01,low
MG Road,5,2,0,0,0.209,low
Whitefield,5,2,0,0,0.12,low
Koramangala,5,2,0,0,0.0,low
Electronic City,5,2,0,0,0.193,low
Indiranagar,5,2,0,0,0.105,low
MG Road,5,3,0,0,0.164,low
Whitefield,5,3,0,0,0.16,low
Koramangala,5,3,0,0,0.022,low
Electronic City,5,3,0,0,0.242,low
Indiranagar,5,3,0,0,0.0,low
MG Road,5,4,0,0,0.205,low
Whitefield,5,4,0,0,0.099,low
Koramangala,5,4,0,0,0.0,low
Electronic City,5,4,0,0,0.302,low
Indiranagar,5,4,0,0,0.097,low
MG Road,5,5,0,0,0.493,medium
Whitefield,5,5,0,0,0.353,medium
Koramangala,5,5,0,0,0.078,low
Electronic City,5,5,0,0,0.485,medium
Indiranagar,5,5,0,0,0.306,low
MG Road,5,6,0,0,0.644,medium
Whitefield,5,6,0,0,0.519,medium
Koramangala,5,6,0,0,0.036,low
Electronic City,5,6,0,0,0.346,low
Indiranagar,5,6,0,0,0.33,low
MG Road,5,7,0,0,0.429,medium
Whitefield,5,7,0,0,0.354,medium
Koramangala,5,7,0,0,0.21,low
Electronic City,5,7,0,0,0.62,medium
Indiranagar,5,7,0,0,0.366,medium
MG Road,5,8,0,1,0.535,medium
Whitefield,5,8,0,1,0.192,low
Koramangala,5,8,0,1,0.152,low
Electronic City,5,8,0,1,0.506,medium
Indiranagar,5,8,0,1,0.401,medium
MG Road,5,9,0,1,0.493,medium
Whitefield,5,9,0,1,0.315,low
Koramangala,5,9,0,1,0.032,low
Electronic City,5,9,0,1,0.317,low
Indiranagar,5,9,0,1,0.261,low
MG Road,5,10,0,1,0.424,medium
Whitefield,5,10,0,1,0.377,medium
Koramangala,5,10,0,1,0.109,low
Electronic City,5,10,0,1,0.457,medium
Indiranagar,5,10,0,1,0.271,low
MG Road,5,11,0,0,0.291,low
Whitefield,5,11,0,0,0.471,medium
Koramangala,5,11,0,0,0.07,low
Electronic City,5,11,0,0,0.467,medium
Indiranagar,5,11,0,0,0.234,low
MG Road,5,12,0,0,0.628,medium
Whitefield,5,12,0,0,0.361,medium
Koramangala,5,12,0,0,0.084,low
Electronic City,5,12,0,0,0.469,medium
Indiranagar,5,12,0,0,0.484,medium
MG Road,5,13,0,0,0.544,medium
Whitefield,5,13,0,0,0.335,low
Koramangala,5,13,0,0,0.075,low
Electronic City,5,13,0,0,0.348,low
Indiranagar,5,13,0,0,0.337,low
MG Road,5,14,0,0,0.576,medium
Whitefield,5,14,0,0,0.438,medium
Koramangala,5,14,0,0,0.0,low
Electronic City,5,14,0,0,0.41,medium
Indiranagar,5,14,0,0,0.304,low
MG Road,5,15,0,0,0.55,medium
Whitefield,5,15,0,0,0.338,low
Koramangala,5,15,0,0,0.14,low
Electronic City,5,15,0,0,0.533,medium
Indiranagar,5,15,0,0,0.278,low
MG Road,5,16,0,0,0.625,medium
Whitefield,5,16,0,0,0.385,medium
Koramangala,5,16,0,0,0.124,low
Electronic City,5,16,0,0,0.628,medium
Indiranagar,5,16,0,0,0.475,medium
MG Road,5,17,0,1,0.625,medium
Whitefield,5,17,0,1,0.109,low
Koramangala,5,17,0,1,0.276,low
Electronic City,5,17,0,1,0.564,medium
Indiranagar,5,17,0,1,0.511,medium
MG Road,5,18,0,1,0.649,medium
Whitefield,5,18,0,1,0.476,medium
Koramangala,5,18,0,1,0.22,low
Electronic City,5,18,0,1,0.608,medium
Indiranagar,5,18,0,1,0.51,medium
MG Road,5,19,0,1,0.567,medium
Whitefield,5,19,0,1,0.224,low
Koramangala,5,19,0,1,0.125,low
Electronic City,5,19,0,1,0.531,medium
Indiranagar,5,19,0,1,0.356,medium
MG Road,5,20,0,1,0.45,medium
Whitefield,5,20,0,1,0.22,low
Koramangala,5,20,0,1,0.091,low
Electronic City,5,20,0,1,0.565,medium
Indiranagar,5,20,0,1,0.476,medium
MG Road,5,21,0,0,0.623,medium
Whitefield,5,21,0,0,0.435,medium
Koramangala,5,21,0,0,0.144,low
Electronic City,5,21,0,0,0.361,medium
Indiranagar,5,21,0,0,0.314,low
MG Road,5,22,0,0,0.529,medium
Whitefield,5,22,0,0,0.31,low
Koramangala,5,22,0,0,0.154,low
Electronic City,5,22,0,0,0.535,medium
Indiranagar,5,22,0,0,0.418,medium
MG Road,5,23,0,0,0.528,medium
Whitefield,5,23,0,0,0.198,low
Koramangala,5,23,0,0,0.111,low
Electronic City,5,23,0,0,0.503,medium
Indiranagar,5,23,0,0,0.448,medium
MG Road,6,0,0,0,0.205,low
Whitefield,6,0,0,0,0.091,low
Koramangala,6,0,0,0,0.0,low
Electronic City,6,0,0,0,0.204,low
Indiranagar,6,0,0,0,0.124,low
MG Road,6,1,0,0,0.197,low
Whitefield,6,1,0,0,0.004,low
Koramangala,6,1,0,0,0.0,low
Electronic City,6,1,0,0,0.149,low
Indiranagar,6,1,0,0,0.091,low
MG Road,6,2,0,0,0.193,low
Whitefield,6,2,0,0,0.068,low
Koramangala,6,2,0,0,0.0,low
Electronic City,6,2,0,0,0.217,low
Indiranagar,6,2,0,0,0.013,low
MG Road,6,3,0,0,0.223,low
Whitefield,6,3,0,0,0.058,low
Koramangala,6,3,0,0,0.0,low
Electronic City,6,3,0,0,0.2,low
Indiranagar,6,3,0,0,0.186,low
MG Road,6,4,0,0,0.171,low
Whitefield,6,4,0,0,0.045,low
Koramangala,6,4,0,0,0.0,low
Electronic City,6,4,0,0,0.23,low
Indiranagar,6,4,0,0,0.0,low
MG Road,6,5,0,0,0.528,medium
Whitefield,6,5,0,0,0.32,low
Koramangala,6,5,0,0,0.172,low
Electronic City,6,5,0,0,0.456,medium
Indiranagar,6,5,0,0,0.302,low
MG Road,6,6,0,0,0.665,high
Whitefield,6,6,0,0,0.373,medium
Koramangala,6,6,0,0,0.105,low
Electronic City,6,6,0,0,0.48,medium
Indiranagar,6,6,0,0,0.482,medium
MG Road,6,7,0,0,0.531,medium
Whitefield,6,7,0,0,0.295,low
Koramangala,6,7,0,0,0.095,low
Electronic City,6,7,0,0,0.456,medium
Indiranagar,6,7,0,0,0.302,low
MG Road,6,8,0,1,0.448,medium
Whitefield,6,8,0,1,0.26,low
Koramangala,6,8,0,1,0.084,low
Electronic City,6,8,0,1,0.547,medium
Indiranagar,6,8,0,1,0.32,low
MG Road,6,9,0,1,0.533,medium
Whitefield,6,9,0,1,0.452,medium
Koramangala,6,9,0,1,0.254,low
Electronic City,6,9,0,1,0.477,medium
Indiranagar,6,9,0,1,0.3,low
MG Road,6,10,0,1,0.481,medium
Whitefield,6,10,0,1,0.405,medium
Koramangala,6,10,0,1,0.134,low
Electronic City,6,10,0,1,0.469,medium
Indiranagar,6,10,0,1,0.285,low
MG Road,6,11,0,0,0.488,medium
Whitefield,6,11,0,0,0.376,medium
Koramangala,6,11,0,0,0.045,low
Electronic City,6,11,0,0,0.58,medium
Indiranagar,6,11,0,0,0.307,low
MG Road,6,12,0,0,0.538,medium
Whitefield,6,12,0,0,0.243,low
Koramangala,6,12,0,0,0.149,low
Electronic City,6,12,0,0,0.474,medium
Indiranagar,6,12,0,0,0.346,low
MG Road,6,13,0,0,0.668,high
Whitefield,6,13,0,0,0.364,medium
Koramangala,6,13,0,0,0.086,low
Electronic City,6,13,0,0,0.443,medium
Indiranagar,6,13,0,0,0.398,medium
MG Road,6,14,0,0,0.654,high
Whitefield,6,14,0,0,0.373,medium
Koramangala,6,14,0,0,0.205,low
Electronic City,6,14,0,0,0.549,medium
Indiranagar,6,14,0,0,0.464,medium
MG Road,6,15,0,0,0.394,medium
Whitefield,6,15,0,0,0.403,medium
Koramangala,6,15,0,0,0.229,low
Electronic City,6,15,0,0,0.393,medium
Indiranagar,6,15,0,0,0.279,low
MG Road,6,16,0,0,0.482,medium
Whitefield,6,16,0,0,0.292,low
Koramangala,6,16,0,0,0.111,low
Electronic City,6,16,0,0,0.519,medium
Indiranagar,6,16,0,0,0.419,medium
MG Road,6,17,0,1,0.637,medium
Whitefield,6,17,0,1,0.283,low
Koramangala,6,17,0,1,0.082,low
Electronic City,6,17,0,1,0.605,medium
Indiranagar,6,17,0,1,0.402,medium
MG Road,6,18,0,1,0.557,medium
Whitefield,6,18,0,1,0.388,medium
Koramangala,6,18,0,1,0.148,low
Electronic City,6,18,0,1,0.542,medium
Indiranagar,6,18,0,1,0.323,low
MG Road,6,19,0,1,0.572,medium
Whitefield,6,19,0,1,0.229,low
Koramangala,6,19,0,1,0.095,low
Electronic City,6,19,0,1,0.446,medium
Indiranagar,6,19,0,1,0.32,low
MG Road,6,20,0,1,0.476,medium
Whitefield,6,20,0,1,0.307,low
Koramangala,6,20,0,1,0.029,low
Electronic City,6,20,0,1,0.544,medium
Indiranagar,6,20,0,1,0.343,low
MG Road,6,21,0,0,0.414,medium
Whitefield,6,21,0,0,0.283,low
Koramangala,6,21,0,0,0.177,low
Electronic City,6,21,0,0,0.457,medium
Indiranagar,6,21,0,0,0.294,low
MG Road,6,22,0,0,0.544,medium
Whitefield,6,22,0,0,0.377,medium
Koramangala,6,22,0,0,0.035,low
Electronic City,6,22,0,0,0.544,medium
Indiranagar,6,22,0,0,0.286,low
MG Road,6,23,0,0,0.549,medium
Whitefield,6,23,0,0,0.347,low
Koramangala,6,23,0,0,0.108,low
Electronic City,6,23,0,0,0.418,medium
Indiranagar,6,23,0,0,0.327,low
MG Road,0,0,1,0,0.63,medium
Whitefield,0,0,1,0,0.191,low
Koramangala,0,0,1,0,0.235,low
Electronic City,0,0,1,0,0.429,medium
Indiranagar,0,0,1,0,0.303,low
MG Road,0,1,1,0,0.413,medium
Whitefield,0,1,1,0,0.238,low
Koramangala,0,1,1,0,0.06,low
Electronic City,0,1,1,0,0.366,medium
Indiranagar,0,1,1,0,0.283,low
MG Road,0,2,1,0,0.467,medium
Whitefield,0,2,1,0,0.448,medium
Koramangala,0,2,1,0,0.007,low
Electronic City,0,2,1,0,0.458,medium
Indiranagar,0,2,1,0,0.32,low
MG Road,0,3,1,0,0.414,medium
Whitefield,0,3,1,0,0.355,medium
Koramangala,0,3,1,0,0.068,low
Electronic City,0,3,1,0,0.251,low
Indiranagar,0,3,1,0,0.353,medium
MG Road,0,4,1,0,0.411,medium
Whitefield,0,4,1,0,0.216,low
Koramangala,0,4,1,0,0.155,low
Electronic City,0,4,1,0,0.422,medium
Indiranagar,0,4,1,0,0.373,medium
MG Road,0,5,1,0,0.897,high
Whitefield,0,5,1,0,0.548,medium
Koramangala,0,5,1,0,0.463,medium
Electronic City,0,5,1,0,0.69,high
Indiranagar,0,5,1,0,0.779,high
MG Road,0,6,1,0,0.745,high
Whitefield,0,6,1,0,0.682,high
Koramangala,0,6,1,0,0.468,medium
Electronic City,0,6,1,0,0.775,high
Indiranagar,0,6,1,0,0.546,medium
MG Road,0,7,1,0,0.788,high
Whitefield,0,7,1,0,0.428,medium
Koramangala,0,7,1,0,0.418,medium
Electronic City,0,7,1,0,0.778,high
Indiranagar,0,7,1,0,0.611,medium
MG Road,0,8,1,1,0.812,high
Whitefield,0,8,1,1,0.749,high
Koramangala,0,8,1,1,0.59,medium
Electronic City,0,8,1,1,1.0,high
Indiranagar,0,8,1,1,0.873,high
MG Road,0,9,1,1,1.0,high
Whitefield,0,9,1,1,0.901,high
Koramangala,0,9,1,1,0.568,medium
Electronic City,0,9,1,1,1.0,high
Indiranagar,0,9,1,1,0.888,high
MG Road,0,10,1,1,1.0,high
Whitefield,0,10,1,1,0.835,high
Koramangala,0,10,1,1,0.796,high
Electronic City,0,10,1,1,1.0,high
Indiranagar,0,10,1,1,0.773,high
MG Road,0,11,1,0,0.82,high
Whitefield,0,11,1,0,0.66,high
Koramangala,0,11,1,0,0.353,medium
Electronic City,0,11,1,0,0.837,high
Indiranagar,0,11,1,0,0.631,medium
MG Road,0,12,1,0,0.613,medium
Whitefield,0,12,1,0,0.624,medium
Koramangala,0,12,1,0,0.368,medium
Electronic City,0,12,1,0,0.793,high
Indiranagar,0,12,1,0,0.676,high
MG Road,0,13,1,0,0.816,high
Whitefield,0,13,1,0,0.733,high
Koramangala,0,13,1,0,0.386,medium
Electronic City,0,13,1,0,0.8,high
Indiranagar,0,13,1,0,0.664,high
MG Road,0,14,1,0,0.792,high
Whitefield,0,14,1,0,0.662,high
Koramangala,0,14,1,0,0.352,medium
Electronic City,0,14,1,0,0.716,high
Indiranagar,0,14,1,0,0.495,medium
MG Road,0,15,1,0,0.819,high
Whitefield,0,15,1,0,0.626,medium
Koramangala,0,15,1,0,0.494,medium
Electronic City,0,15,1,0,0.813,high
Indiranagar,0,15,1,0,0.577,medium
MG Road,0,16,1,0,0.706,high
Whitefield,0,16,1,0,0.635,medium
Koramangala,0,16,1,0,0.489,medium
Electronic City,0,16,1,0,0.81,high
Indiranagar,0,16,1,0,0.687,high
MG Road,0,17,1,1,1.0,high
Whitefield,0,17,1,1,0.813,high
Koramangala,0,17,1,1,0.591,medium
Electronic City,0,17,1,1,0.996,high
Indiranagar,0,17,1,1,0.844,high
MG Road,0,18,1,1,1.0,high
Whitefield,0,18,1,1,0.84,high
Koramangala,0,18,1,1,0.639,medium
Electronic City,0,18,1,1,0.938,high
Indiranagar,0,18,1,1,0.925,high
MG Road,0,19,1,1,1.0,high
Whitefield,0,19,1,1,0.836,high
Koramangala,0,19,1,1,0.59,medium
Electronic City,0,19,1,1,0.893,high
Indiranagar,0,19,1,1,0.955,high
MG Road,0,20,1,1,1.0,high
Whitefield,0,20,1,1,0.72,high
Koramangala,0,20,1,1,0.711,high
Electronic City,0,20,1,1,1.0,high
Indiranagar,0,20,1,1,0.86,high
MG Road,0,21,1,0,0.928,high
Whitefield,0,21,1,0,0.617,medium
Koramangala,0,21,1,0,0.287,low
Electronic City,0,21,1,0,0.779,high
Indiranagar,0,21,1,0,0.62,medium
MG Road,0,22,1,0,0.752,high
Whitefield,0,22,1,0,0.646,medium
Koramangala,0,22,1,0,0.267,low
Electronic City,0,22,1,0,0.829,high
Indiranagar,0,22,1,0,0.53,medium
MG Road,0,23,1,0,0.721,high
Whitefield,0,23,1,0,0.591,medium
Koramangala,0,23,1,0,0.435,medium
Electronic City,0,23,1,0,0.763,high
Indiranagar,0,23,1,0,0.541,medium
MG Road,1,0,1,0,0.46,medium
Whitefield,1,0,1,0,0.209,low
Koramangala,1,0,1,0,0.082,low
Electronic City,1,0,1,0,0.536,medium
Indiranagar,1,0,1,0,0.3,low
MG Road,1,1,1,0,0.569,medium
Whitefield,1,1,1,0,0.416,medium
Koramangala,1,1,1,0,0.053,low
Electronic City,1,1,1,0,0.435,medium
Indiranagar,1,1,1,0,0.474,medium
MG Road,1,2,1,0,0.616,medium
Whitefield,1,2,1,0,0.166,low
Koramangala,1,2,1,0,0.131,low
Electronic City,1,2,1,0,0.45,medium
Indiranagar,1,2,1,0,0.366,medium
MG Road,1,3,1,0,0.44,medium
Whitefield,1,3,1,0,0.233,low
Koramangala,1,3,1,0,0.046,low
Electronic City,1,3,1,0,0.404,medium
Indiranagar,1,3,1,0,0.365,medium
MG Road,1,4,1,0,0.406,medium
Whitefield,1,4,1,0,0.25,low
Koramangala,1,4,1,0,0.0,low
Electronic City,1,4,1,0,0.531,medium
Indiranagar,1,4,1,0,0.402,medium
MG Road,1,5,1,0,0.774,high
Whitefield,1,5,1,0,0.576,medium
Koramangala,1,5,1,0,0.436,medium
Electronic City,1,5,1,0,0.868,high
Indiranagar,1,5,1,0,0.633,medium
MG Road,1,6,1,0,0.744,high
Whitefield,1,6,1,0,0.47,medium
Koramangala,1,6,1,0,0.311,low
Electronic City,1,6,1,0,0.756,high
Indiranagar,1,6,1,0,0.548,medium
MG Road,1,7,1,0,0.816,high
Whitefield,1,7,1,0,0.556,medium
Koramangala,1,7,1,0,0.315,low
Electronic City,1,7,1,0,0.656,high
Indiranagar,1,7,1,0,0.725,high
MG Road,1,8,1,1,1.0,high
Whitefield,1,8,1,1,0.988,high
Koramangala,1,8,1,1,0.693,high
Electronic City,1,8,1,1,0.966,high
Indiranagar,1,8,1,1,0.956,high
MG Road,1,9,1,1,1.0,high
Whitefield,1,9,1,1,0.868,high
Koramangala,1,9,1,1,0.647,medium
Electronic City,1,9,1,1,0.764,high
Indiranagar,1,9,1,1,0.978,high
MG Road,1,10,1,1,1.0,high
Whitefield,1,10,1,1,0.876,high
Koramangala,1,10,1,1,0.645,medium
Electronic City,1,10,1,1,1.0,high
Indiranagar,1,10,1,1,0.802,high
MG Road,1,11,1,0,0.849,high
Whitefield,1,11,1,0,0.495,medium
Koramangala,1,11,1,0,0.415,medium
Electronic City,1,11,1,0,0.795,high
Indiranagar,1,11,1,0,0.584,medium
MG Road,1,12,1,0,0.83,high
Whitefield,1,12,1,0,0.521,medium
Koramangala,1,12,1,0,0.323,low
Electronic City,1,12,1,0,0.769,high
Indiranagar,1,12,1,0,0.654,high
MG Road,1,13,1,0,0.65,high
Whitefield,1,13,1,0,0.642,medium
Koramangala,1,13,1,0,0.357,medium
Electronic City,1,13,1,0,0.735,high
Indiranagar,1,13,1,0,0.493,medium
MG Road,1,14,1,0,0.732,high
Whitefield,1,14,1,0,0.677,high
Koramangala,1,14,1,0,0.403,medium
Electronic City,1,14,1,0,0.719,high
Indiranagar,1,14,1,0,0.591,medium
MG Road,1,15,1,0,0.839,high
Whitefield,1,15,1,0,0.635,medium
Koramangala,1,15,1,0,0.394,medium
Electronic City,1,15,1,0,0.837,high
Indiranagar,1,15,1,0,0.678,high
MG Road,1,16,1,0,0.833,high
Whitefield,1,16,1,0,0.604,medium
Koramangala,1,16,1,0,0.453,medium
Electronic City,1,16,1,0,0.775,high
Indiranagar,1,16,1,0,0.685,high
MG Road,1,17,1,1,1.0,high
Whitefield,1,17,1,1,0.769,high
Koramangala,1,17,1,1,0.563,medium
Electronic City,1,17,1,1,0.944,high
Indiranagar,1,17,1,1,0.928,high
MG Road,1,18,1,1,0.924,high
Whitefield,1,18,1,1,0.882,high
Koramangala,1,18,1,1,0.679,high
Electronic City,1,18,1,1,1.0,high
Indiranagar,1,18,1,1,0.864,high
MG Road,1,19,1,1,0.943,high
Whitefield,1,19,1,1,0.773,high
Koramangala,1,19,1,1,0.555,medium
Electronic City,1,19,1,1,0.957,high
Indiranagar,1,19,1,1,0.835,high
MG Road,1,20,1,1,0.957,high
Whitefield,1,20,1,1,0.968,high
Koramangala,1,20,1,1,0.544,medium
Electronic City,1,20,1,1,1.0,high
Indiranagar,1,20,1,1,0.945,high
MG Road,1,21,1,0,0.872,high
Whitefield,1,21,1,0,0.544,medium
Koramangala,1,21,1,0,0.427,medium
Electronic City,1,21,1,0,0.648,medium
Indiranagar,1,21,1,0,0.673,high
MG Road,1,22,1,0,0.794,high
Whitefield,1,22,1,0,0.567,medium
Koramangala,1,22,1,0,0.302,low
Electronic City,1,22,1,0,0.552,medium
Indiranagar,1,22,1,0,0.517,medium
MG Road,1,23,1,0,0.889,high
Whitefield,1,23,1,0,0.568,medium
Koramangala,1,23,1,0,0.386,medium
Electronic City,1,23,1,0,0.802,high
Indiranagar,1,23,1,0,0.744,high
MG Road,2,0,1,0,0.606,medium
Whitefield,2,0,1,0,0.222,low
Koramangala,2,0,1,0,0.0,low
Electronic City,2,0,1,0,0.639,medium
Indiranagar,2,0,1,0,0.482,medium
MG Road,2,1,1,0,0.515,medium
Whitefield,2,1,1,0,0.198,low
Koramangala,2,1,1,0,0.177,low
Electronic City,2,1,1,0,0.441,medium
Indiranagar,2,1,1,0,0.291,low
MG Road,2,2,1,0,0.572,medium
Whitefield,2,2,1,0,0.327,low
Koramangala,2,2,1,0,0.005,low
Electronic City,2,2,1,0,0.424,medium
Indiranagar,2,2,1,0,0.353,medium
MG Road,2,3,1,0,0.541,medium
Whitefield,2,3,1,0,0.321,low
Koramangala,2,3,1,0,0.175,low
Electronic City,2,3,1,0,0.421,medium
Indiranagar,2,3,1,0,0.314,low
MG Road,2,4,1,0,0.23,low
Whitefield,2,4,1,0,0.264,low
Koramangala,2,4,1,0,0.161,low
Electronic City,2,4,1,0,0.419,medium
Indiranagar,2,4,1,0,0.263,low
MG Road,2,5,1,0,0.717,high
Whitefield,2,5,1,0,0.68,high
Koramangala,2,5,1,0,0.444,medium
Electronic City,2,5,1,0,0.816,high
Indiranagar,2,5,1,0,0.462,medium
MG Road,2,6,1,0,0.787,high
Whitefield,2,6,1,0,0.578,medium
Koramangala,2,6,1,0,0.378,medium
Electronic City,2,6,1,0,0.701,high
Indiranagar,2,6,1,0,0.572,medium
MG Road,2,7,1,0,0.868,high
Whitefield,2,7,1,0,0.447,medium
Koramangala,2,7,1,0,0.542,medium
Electronic City,2,7,1,0,0.789,high
Indiranagar,2,7,1,0,0.597,medium
MG Road,2,8,1,1,1.0,high
Whitefield,2,8,1,1,0.734,high
Koramangala,2,8,1,1,0.597,medium
Electronic City,2,8,1,1,0.99,high
Indiranagar,2,8,1,1,0.959,high
MG Road,2,9,1,1,1.0,high
Whitefield,2,9,1,1,0.886,high
Koramangala,2,9,1,1,0.603,medium
Electronic City,2,9,1,1,1.0,high
Indiranagar,2,9,1,1,0.984,high
MG Road,2,10,1,1,1.0,high
Whitefield,2,10,1,1,0.843,high
Koramangala,2,10,1,1,0.704,high
Electronic City,2,10,1,1,1.0,high
Indiranagar,2,10,1,1,0.891,high
MG Road,2,11,1,0,0.889,high
Whitefield,2,11,1,0,0.688,high
Koramangala,2,11,1,0,0.39,medium
Electronic City,2,11,1,0,0.801,high
Indiranagar,2,11,1,0,0.569,medium
MG Road,2,12,1,0,0.726,high
Whitefield,2,12,1,0,0.578,medium
Koramangala,2,12,1,0,0.394,medium
Electronic City,2,12,1,0,0.617,medium
Indiranagar,2,12,1,0,0.669,high
MG Road,2,13,1,0,0.579,medium
Whitefield,2,13,1,0,0.817,high
Koramangala,2,13,1,0,0.52,medium
Electronic City,2,13,1,0,0.729,high
Indiranagar,2,13,1,0,0.601,medium
MG Road,2,14,1,0,0.824,high
Whitefield,2,14,1,0,0.553,medium
Koramangala,2,14,1,0,0.415,medium
Electronic City,2,14,1,0,0.738,high
Indiranagar,2,14,1,0,0.592,medium
MG Road,2,15,1,0,0.815,high
Whitefield,2,15,1,0,0.495,medium
Koramangala,2,15,1,0,0.403,medium
Electronic City,2,15,1,0,0.763,high
Indiranagar,2,15,1,0,0.61,medium
MG Road,2,16,1,0,0.783,high
Whitefield,2,16,1,0,0.691,high
Koramangala,2,16,1,0,0.372,medium
Electronic City,2,16,1,0,0.768,high
Indiranagar,2,16,1,0,0.704,high
MG Road,2,17,1,1,1.0,high
Whitefield,2,17,1,1,0.867,high
Koramangala,2,17,1,1,0.642,medium
Electronic City,2,17,1,1,1.0,high
Indiranagar,2,17,1,1,0.829,high
MG Road,2,18,1,1,1.0,high
Whitefield,2,18,1,1,0.842,high
Koramangala,2,18,1,1,0.581,medium
Electronic City,2,18,1,1,1.0,high
Indiranagar,2,18,1,1,0.826,high
MG Road,2,19,1,1,1.0,high
Whitefield,2,19,1,1,0.632,medium
Koramangala,2,19,1,1,0.65,high
Electronic City,2,19,1,1,0.963,high
Indiranagar,2,19,1,1,0.765,high
MG Road,2,20,1,1,1.0,high
Whitefield,2,20,1,1,0.804,high
Koramangala,2,20,1,1,0.646,medium
Electronic City,2,20,1,1,0.891,high
Indiranagar,2,20,1,1,0.875,high
MG Road,2,21,1,0,0.909,high
Whitefield,2,21,1,0,0.622,medium
Koramangala,2,21,1,0,0.465,medium
Electronic City,2,21,1,0,0.838,high
Indiranagar,2,21,1,0,0.699,high
MG Road,2,22,1,0,0.95,high
Whitefield,2,22,1,0,0.56,medium
Koramangala,2,22,1,0,0.343,low
Electronic City,2,22,1,0,0.813,high
Indiranagar,2,22,1,0,0.657,high
MG Road,2,23,1,0,0.862,high
Whitefield,2,23,1,0,0.751,high
Koramangala,2,23,1,0,0.401,medium
Electronic City,2,23,1,0,0.784,high
Indiranagar,2,23,1,0,0.522,medium
MG Road,3,0,1,0,0.671,high
Whitefield,3,0,1,0,0.273,low
Koramangala,3,0,1,0,0.075,low
Electronic City,3,0,1,0,0.422,medium
Indiranagar,3,0,1,0,0.248,low
MG Road,3,1,1,0,0.442,medium
Whitefield,3,1,1,0,0.258,low
Koramangala,3,1,1,0,0.0,low
Electronic City,3,1,1,0,0.387,medium
Indiranagar,3,1,1,0,0.456,medium
MG Road,3,2,1,0,0.559,medium
Whitefield,3,2,1,0,0.374,medium
Koramangala,3,2,1,0,0.194,low
Electronic City,3,2,1,0,0.597,medium
Indiranagar,3,2,1,0,0.158,low
MG Road,3,3,1,0,0.402,medium
Whitefield,3,3,1,0,0.236,low
Koramangala,3,3,1,0,0.062,low
Electronic City,3,3,1,0,0.426,medium
Indiranagar,3,3,1,0,0.264,low
MG Road,3,4,1,0,0.518,medium
Whitefield,3,4,1,0,0.303,low
Koramangala,3,4,1,0,0.042,low
Electronic City,3,4,1,0,0.276,low
Indiranagar,3,4,1,0,0.221,low
MG Road,3,5,1,0,0.756,high
Whitefield,3,5,1,0,0.58,medium
Koramangala,3,5,1,0,0.31,low
Electronic City,3,5,1,0,0.711,high
Indiranagar,3,5,1,0,0.51,medium
MG Road,3,6,1,0,0.79,high
Whitefield,3,6,1,0,0.514,medium
Koramangala,3,6,1,0,0.332,low
Electronic City,3,6,1,0,0.645,medium
Indiranagar,3,6,1,0,0.588,medium
MG Road,3,7,1,0,0.731,high
Whitefield,3,7,1,0,0.673,high
Koramangala,3,7,1,0,0.432,medium
Electronic City,3,7,1,0,0.744,high
Indiranagar,3,7,1,0,0.536,medium
MG Road,3,8,1,1,1.0,high
Whitefield,3,8,1,1,0.905,high
Koramangala,3,8,1,1,0.661,high
Electronic City,3,8,1,1,1.0,high
Indiranagar,3,8,1,1,0.887,high
MG Road,3,9,1,1,1.0,high
Whitefield,3,9,1,1,0.861,high
Koramangala,3,9,1,1,0.704,high
Electronic City,3,9,1,1,0.936,high
Indiranagar,3,9,1,1,0.813,high
MG Road,3,10,1,1,1.0,high
Whitefield,3,10,1,1,0.877,high
Koramangala,3,10,1,1,0.691,high
Electronic City,3,10,1,1,1.0,high
Indiranagar,3,10,1,1,0.736,high
MG Road,3,11,1,0,0.722,high
Whitefield,3,11,1,0,0.618,medium
Koramangala,3,11,1,0,0.342,low
Electronic City,3,11,1,0,1.0,high
Indiranagar,3,11,1,0,0.641,medium
MG Road,3,12,1,0,0.794,high
Whitefield,3,12,1,0,0.559,medium
Koramangala,3,12,1,0,0.362,medium
Electronic City,3,12,1,0,0.752,high
Indiranagar,3,12,1,0,0.609,medium
MG Road,3,13,1,0,0.763,high
Whitefield,3,13,1,0,0.578,medium
Koramangala,3,13,1,0,0.508,medium
Electronic City,3,13,1,0,0.861,high
Indiranagar,3,13,1,0,0.62,medium
MG Road,3,14,1,0,0.693,high
Whitefield,3,14,1,0,0.643,medium
Koramangala,3,14,1,0,0.524,medium
Electronic City,3,14,1,0,0.86,high
Indiranagar,3,14,1,0,0.659,high
MG Road,3,15,1,0,0.914,high
Whitefield,3,15,1,0,0.604,medium
Koramangala,3,15,1,0,0.45,medium
Electronic City,3,15,1,0,0.696,high
Indiranagar,3,15,1,0,0.623,medium
MG Road,3,16,1,0,0.906,high
Whitefield,3,16,1,0,0.553,medium
Koramangala,3,16,1,0,0.331,low
Electronic City,3,16,1,0,0.758,high
Indiranagar,3,16,1,0,0.582,medium
MG Road,3,17,1,1,1.0,high
Whitefield,3,17,1,1,0.814,high
Koramangala,3,17,1,1,0.787,high
Electronic City,3,17,1,1,0.897,high
Indiranagar,3,17,1,1,0.95,high
MG Road,3,18,1,1,0.989,high
Whitefield,3,18,1,1,0.706,high
Koramangala,3,18,1,1,0.669,high
Electronic City,3,18,1,1,0.98,high
Indiranagar,3,18,1,1,0.761,high
MG Road,3,19,1,1,0.915,high
Whitefield,3,19,1,1,0.849,high
Koramangala,3,19,1,1,0.728,high
Electronic City,3,19,1,1,1.0,high
Indiranagar,3,19,1,1,0.855,high
MG Road,3,20,1,1,1.0,high
Whitefield,3,20,1,1,0.848,high
Koramangala,3,20,1,1,0.536,medium
Electronic City,3,20,1,1,0.886,high
Indiranagar,3,20,1,1,0.834,high
MG Road,3,21,1,0,0.787,high
Whitefield,3,21,1,0,0.668,high
Koramangala,3,21,1,0,0.461,medium
Electronic City,3,21,1,0,0.798,high
Indiranagar,3,21,1,0,0.578,medium
MG Road,3,22,1,0,0.69,high
Whitefield,3,22,1,0,0.633,medium
Koramangala,3,22,1,0,0.442,medium
Electronic City,3,22,1,0,0.559,medium
Indiranagar,3,22,1,0,0.533,medium
MG Road,3,23,1,0,0.745,high
Whitefield,3,23,1,0,0.609,medium
Koramangala,3,23,1,0,0.336,low
Electronic City,3,23,1,0,0.747,high
Indiranagar,3,23,1,0,0.583,medium
MG Road,4,0,1,0,0.487,medium
Whitefield,4,0,1,0,0.243,low
Koramangala,4,0,1,0,0.049,low
Electronic City,4,0,1,0,0.364,medium
Indiranagar,4,0,1,0,0.33,low
MG Road,4,1,1,0,0.546,medium
Whitefield,4,1,1,0,0.238,low
Koramangala,4,1,1,0,0.222,low
Electronic City,4,1,1,0,0.425,medium
Indiranagar,4,1,1,0,0.422,medium
MG Road,4,2,1,0,0.449,medium
Whitefield,4,2,1,0,0.138,low
Koramangala,4,2,1,0,0.132,low
Electronic City,4,2,1,0,0.47,medium
Indiranagar,4,2,1,0,0.303,low
MG Road,4,3,1,0,0.449,medium
Whitefield,4,3,1,0,0.297,low
Koramangala,4,3,1,0,0.059,low
Electronic City,4,3,1,0,0.426,medium
Indiranagar,4,3,1,0,0.367,medium
MG Road,4,4,1,0,0.515,medium
Whitefield,4,4,1,0,0.349,low
Koramangala,4,4,1,0,0.081,low
Electronic City,4,4,1,0,0.423,medium
Indiranagar,4,4,1,0,0.208,low
MG Road,4,5,1,0,0.77,high
Whitefield,4,5,1,0,0.334,low
Koramangala,4,5,1,0,0.353,medium
Electronic City,4,5,1,0,0.743,high
Indiranagar,4,5,1,0,0.645,medium
MG Road,4,6,1,0,0.779,high
Whitefield,4,6,1,0,0.628,medium
Koramangala,4,6,1,0,0.226,low
Electronic City,4,6,1,0,0.745,high
Indiranagar,4,6,1,0,0.466,medium
MG Road,4,7,1,0,0.703,high
Whitefield,4,7,1,0,0.585,medium
Koramangala,4,7,1,0,0.502,medium
Electronic City,4,7,1,0,0.78,high
Indiranagar,4,7,1,0,0.601,medium
MG Road,4,8,1,1,1.0,high
Whitefield,4,8,1,1,0.793,high
Koramangala,4,8,1,1,0.606,medium
Electronic City,4,8,1,1,1.0,high
Indiranagar,4,8,1,1,0.739,high
MG Road,4,9,1,1,1.0,high
Whitefield,4,9,1,1,0.819,high
Koramangala,4,9,1,1,0.716,high
Electronic City,4,9,1,1,1.0,high
Indiranagar,4,9,1,1,0.716,high
MG Road,4,10,1,1,1.0,high
Whitefield,4,10,1,1,0.782,high
Koramangala,4,10,1,1,0.505,medium
Electronic City,4,10,1,1,0.917,high
Indiranagar,4,10,1,1,1.0,high
MG Road,4,11,1,0,0.849,high
Whitefield,4,11,1,0,0.753,high
Koramangala,4,11,1,0,0.466,medium
Electronic City,4,11,1,0,0.691,high
Indiranagar,4,11,1,0,0.569,medium
MG Road,4,12,1,0,0.847,high
Whitefield,4,12,1,0,0.635,medium
Koramangala,4,12,1,0,0.354,medium
Electronic City,4,12,1,0,0.629,medium
Indiranagar,4,12,1,0,0.863,high
MG Road,4,13,1,0,0.789,high
Whitefield,4,13,1,0,0.574,medium
Koramangala,4,13,1,0,0.409,medium
Electronic City,4,13,1,0,0.731,high
Indiranagar,4,13,1,0,0.61,medium
MG Road,4,14,1,0,0.903,high
Whitefield,4,14,1,0,0.59,medium
Koramangala,4,14,1,0,0.307,low
Electronic City,4,14,1,0,0.737,high
Indiranagar,4,14,1,0,0.563,medium
MG Road,4,15,1,0,0.914,high
Whitefield,4,15,1,0,0.694,high
Koramangala,4,15,1,0,0.409,medium
Electronic City,4,15,1,0,0.648,medium
Indiranagar,4,15,1,0,0.502,medium
MG Road,4,16,1,0,0.801,high
Whitefield,4,16,1,0,0.627,medium
Koramangala,4,16,1,0,0.37,medium
Electronic City,4,16,1,0,0.712,high
Indiranagar,4,16,1,0,0.553,medium
MG Road,4,17,1,1,1.0,high
Whitefield,4,17,1,1,0.659,high
Koramangala,4,17,1,1,0.562,medium
Electronic City,4,17,1,1,0.95,high
Indiranagar,4,17,1,1,0.947,high
MG Road,4,18,1,1,0.985,high
Whitefield,4,18,1,1,0.864,high
Koramangala,4,18,1,1,0.668,high
Electronic City,4,18,1,1,1.0,high
Indiranagar,4,18,1,1,0.951,high
MG Road,4,19,1,1,1.0,high
Whitefield,4,19,1,1,0.812,high
Koramangala,4,19,1,1,0.597,medium
Electronic City,4,19,1,1,0.981,high
Indiranagar,4,19,1,1,0.815,high
MG Road,4,20,1,1,1.0,high
Whitefield,4,20,1,1,0.884,high
Koramangala,4,20,1,1,0.697,high
Electronic City,4,20,1,1,1.0,high
Indiranagar,4,20,1,1,0.999,high
MG Road,4,21,1,0,0.81,high
Whitefield,4,21,1,0,0.688,high
Koramangala,4,21,1,0,0.372,medium
Electronic City,4,21,1,0,0.845,high
Indiranagar,4,21,1,0,0.685,high
MG Road,4,22,1,0,0.881,high
Whitefield,4,22,1,0,0.608,medium
Koramangala,4,22,1,0,0.347,low
Electronic City,4,22,1,0,0.638,medium
Indiranagar,4,22,1,0,0.597,medium
MG Road,4,23,1,0,0.923,high
Whitefield,4,23,1,0,0.575,medium
Koramangala,4,23,1,0,0.463,medium
Electronic City,4,23,1,0,0.818,high
Indiranagar,4,23,1,0,0.577,medium
MG Road,5,0,0,0,0.355,medium
Whitefield,5,0,0,0,0.0,low
Koramangala,5,0,0,0,0.0,low
Electronic City,5,0,0,0,0.127,low
Indiranagar,5,0,0,0,0.0,low
MG Road,5,1,0,0,0.277,low
Whitefield,5,1,0,0,0.073,low
Koramangala,5,1,0,0,0.0,low
Electronic City,5,1,0,0,0.248,low
Indiranagar,5,1,0,0,0.0,low
MG Road,5,2,0,0,0.153,low
Whitefield,5,2,0,0,0.082,low
Koramangala,5,2,0,0,0.0,low
Electronic City,5,2,0,0,0.074,low
Indiranagar,5,2,0,0,0.128,low
MG Road,5,3,0,0,0.362,medium
Whitefield,5,3,0,0,0.175,low
Koramangala,5,3,0,0,0.0,low
Electronic City,5,3,0,0,0.25,low
Indiranagar,5,3,0,0,0.16,low
MG Road,5,4,0,0,0.199,low
Whitefield,5,4,0,0,0.139,low
Koramangala,5,4,0,0,0.0,low
Electronic City,5,4,0,0,0.273,low
Indiranagar,5,4,0,0,0.065,low
MG Road,5,5,0,0,0.654,high
Whitefield,5,5,0,0,0.368,medium
Koramangala,5,5,0,0,0.031,low
Electronic City,5,5,0,0,0.616,medium
Indiranagar,5,5,0,0,0.274,low
MG Road,5,6,0,0,0.65,high
Whitefield,5,6,0,0,0.343,low
Koramangala,5,6,0,0,0.244,low
Electronic City,5,6,0,0,0.591,medium
Indiranagar,5,6,0,0,0.384,medium
MG Road,5,7,0,0,0.591,medium
Whitefield,5,7,0,0,0.384,medium
Koramangala,5,7,0,0,0.0,low
Electronic City,5,7,0,0,0.509,medium
Indiranagar,5,7,0,0,0.261,low
MG Road,5,8,0,1,0.564,medium
Whitefield,5,8,0,1,0.259,low
Koramangala,5,8,0,1,0.055,low
Electronic City,5,8,0,1,0.628,medium
Indiranagar,5,8,0,1,0.436,medium
MG Road,5,9,0,1,0.55,medium
Whitefield,5,9,0,1,0.365,medium
Koramangala,5,9,0,1,0.13,low
Electronic City,5,9,0,1,0.546,medium
Indiranagar,5,9,0,1,0.296,low
MG Road,5,10,0,1,0.629,medium
Whitefield,5,10,0,1,0.33,low
Koramangala,5,10,0,1,0.116,low
Electronic City,5,10,0,1,0.502,medium
Indiranagar,5,10,0,1,0.303,low
MG Road,5,11,0,0,0.576,medium
Whitefield,5,11,0,0,0.307,low
Koramangala,5,11,0,0,0.187,low
Electronic City,5,11,0,0,0.597,medium
Indiranagar,5,11,0,0,0.292,low
MG Road,5,12,0,0,0.54,medium
Whitefield,5,12,0,0,0.387,medium
Koramangala,5,12,0,0,0.115,low
Electronic City,5,12,0,0,0.537,medium
Indiranagar,5,12,0,0,0.394,medium
MG Road,5,13,0,0,0.637,medium
Whitefield,5,13,0,0,0.302,low
Koramangala,5,13,0,0,0.075,low
Electronic City,5,13,0,0,0.475,medium
Indiranagar,5,13,0,0,0.273,low
MG Road,5,14,0,0,0.595,medium
Whitefield,5,14,0,0,0.257,low
Koramangala,5,14,0,0,0.337,low
Electronic City,5,14,0,0,0.604,medium
Indiranagar,5,14,0,0,0.351,medium
MG Road,5,15,0,0,0.619,medium
Whitefield,5,15,0,0,0.219,low
Koramangala,5,15,0,0,0.352,medium
Electronic City,5,15,0,0,0.453,medium
Indiranagar,5,15,0,0,0.34,low
MG Road,5,16,0,0,0.402,medium
Whitefield,5,16,0,0,0.389,medium
Koramangala,5,16,0,0,0.061,low
Electronic City,5,16,0,0,0.508,medium
Indiranagar,5,16,0,0,0.306,low
MG Road,5,17,0,1,0.464,medium
Whitefield,5,17,0,1,0.286,low
Koramangala,5,17,0,1,0.168,low
Electronic City,5,17,0,1,0.397,medium
Indiranagar,5,17,0,1,0.29,low
MG Road,5,18,0,1,0.603,medium
Whitefield,5,18,0,1,0.558,medium
Koramangala,5,18,0,1,0.188,low
Electronic City,5,18,0,1,0.427,medium
Indiranagar,5,18,0,1,0.321,low
MG Road,5,19,0,1,0.553,medium
Whitefield,5,19,0,1,0.322,low
Koramangala,5,19,0,1,0.222,low
Electronic City,5,19,0,1,0.517,medium
Indiranagar,5,19,0,1,0.423,medium
MG Road,5,20,0,1,0.525,medium
Whitefield,5,20,0,1,0.456,medium
Koramangala,5,20,0,1,0.137,low
Electronic City,5,20,0,1,0.422,medium
Indiranagar,5,20,0,1,0.524,medium
MG Road,5,21,0,0,0.404,medium
Whitefield,5,21,0,0,0.291,low
Koramangala,5,21,0,0,0.1,low
Electronic City,5,21,0,0,0.701,high
Indiranagar,5,21,0,0,0.495,medium
MG Road,5,22,0,0,0.67,high
Whitefield,5,22,0,0,0.324,low
Koramangala,5,22,0,0,0.344,low
Electronic City,5,22,0,0,0.529,medium
Indiranagar,5,22,0,0,0.428,medium
MG Road,5,23,0,0,0.564,medium
Whitefield,5,23,0,0,0.346,low
Koramangala,5,23,0,0,0.13,low
Electronic City,5,23,0,0,0.483,medium
Indiranagar,5,23,0,0,0.399,medium
MG Road,6,0,0,0,0.279,low
Whitefield,6,0,0,0,0.047,low
Koramangala,6,0,0,0,0.0,low
Electronic City,6,0,0,0,0.0,low
Indiranagar,6,0,0,0,0.091,low
MG Road,6,1,0,0,0.307,low
Whitefield,6,1,0,0,0.142,low
Koramangala,6,1,0,0,0.0,low
Electronic City,6,1,0,0,0.217,low
Indiranagar,6,1,0,0,0.129,low
MG Road,6,2,0,0,0.369,medium
Whitefield,6,2,0,0,0.026,low
Koramangala,6,2,0,0,0.0,low
Electronic City,6,2,0,0,0.334,low
Indiranagar,6,2,0,0,0.0,low
MG Road,6,3,0,0,0.195,low
Whitefield,6,3,0,0,0.167,low
Koramangala,6,3,0,0,0.0,low
Electronic City,6,3,0,0,0.242,low
Indiranagar,6,3,0,0,0.014,low
MG Road,6,4,0,0,0.179,low
Whitefield,6,4,0,0,0.003,low
Koramangala,6,4,0,0,0.0,low
Electronic City,6,4,0,0,0.15,low
Indiranagar,6,4,0,0,0.058,low
MG Road,6,5,0,0,0.49,medium
Whitefield,6,5,0,0,0.417,medium
Koramangala,6,5,0,0,0.107,low
Electronic City,6,5,0,0,0.492,medium
Indiranagar,6,5,0,0,0.215,low
MG Road,6,6,0,0,0.421,medium
Whitefield,6,6,0,0,0.351,medium
Koramangala,6,6,0,0,0.044,low
Electronic City,6,6,0,0,0.668,high
Indiranagar,6,6,0,0,0.185,low
MG Road,6,7,0,0,0.486,medium
Whitefield,6,7,0,0,0.351,medium
Koramangala,6,7,0,0,0.121,low
Electronic City,6,7,0,0,0.412,medium
Indiranagar,6,7,0,0,0.273,low
MG Road,6,8,0,1,0.471,medium
Whitefield,6,8,0,1,0.327,low
Koramangala,6,8,0,1,0.306,low
Electronic City,6,8,0,1,0.506,medium
Indiranagar,6,8,0,1,0.445,medium
MG Road,6,9,0,1,0.591,medium
Whitefield,6,9,0,1,0.439,medium
Koramangala,6,9,0,1,0.0,low
Electronic City,6,9,0,1,0.476,medium
Indiranagar,6,9,0,1,0.455,medium
MG Road,6,10,0,1,0.504,medium
Whitefield,6,10,0,1,0.491,medium
Koramangala,6,10,0,1,0.269,low
Electronic City,6,10,0,1,0.462,medium
Indiranagar,6,10,0,1,0.31,low
MG Road,6,11,0,0,0.469,medium
Whitefield,6,11,0,0,0.3,low
Koramangala,6,11,0,0,0.051,low
Electronic City,6,11,0,0,0.534,medium
Indiranagar,6,11,0,0,0.234,low
MG Road,6,12,0,0,0.598,medium
Whitefield,6,12,0,0,0.4,medium
Koramangala,6,12,0,0,0.017,low
Electronic City,6,12,0,0,0.624,medium
Indiranagar,6,12,0,0,0.391,medium
MG Road,6,13,0,0,0.61,medium
Whitefield,6,13,0,0,0.289,low
Koramangala,6,13,0,0,0.2,low
Electronic City,6,13,0,0,0.59,medium
Indiranagar,6,13,0,0,0.342,low
MG Road,6,14,0,0,0.71,high
Whitefield,6,14,0,0,0.354,medium
Koramangala,6,14,0,0,0.241,low
Electronic City,6,14,0,0,0.523,medium
Indiranagar,6,14,0,0,0.397,medium
MG Road,6,15,0,0,0.416,medium
Whitefield,6,15,0,0,0.38,medium
Koramangala,6,15,0,0,0.091,low
Electronic City,6,15,0,0,0.432,medium
Indiranagar,6,15,0,0,0.49,medium
MG Road,6,16,0,0,0.533,medium
Whitefield,6,16,0,0,0.27,low
Koramangala,6,16,0,0,0.121,low
Electronic City,6,16,0,0,0.396,medium
Indiranagar,6,16,0,0,0.465,medium
MG Road,6,17,0,1,0.494,medium
Whitefield,6,17,0,1,0.392,medium
Koramangala,6,17,0,1,0.258,low
Electronic City,6,17,0,1,0.46,medium
Indiranagar,6,17,0,1,0.393,medium
MG Road,6,18,0,1,0.468,medium
Whitefield,6,18,0,1,0.546,medium
Koramangala,6,18,0,1,0.225,low
Electronic City,6,18,0,1,0.485,medium
Indiranagar,6,18,0,1,0.288,low
MG Road,6,19,0,1,0.541,medium
Whitefield,6,19,0,1,0.323,low
Koramangala,6,19,0,1,0.306,low
Electronic City,6,19,0,1,0.402,medium
Indiranagar,6,19,0,1,0.361,medium
MG Road,6,20,0,1,0.549,medium
Whitefield,6,20,0,1,0.341,low
Koramangala,6,20,0,1,0.141,low
Electronic City,6,20,0,1,0.491,medium
Indiranagar,6,20,0,1,0.42,medium
MG Road,6,21,0,0,0.599,medium
Whitefield,6,21,0,0,0.384,medium
Koramangala,6,21,0,0,0.0,low
Electronic City,6,21,0,0,0.524,medium
Indiranagar,6,21,0,0,0.218,low
MG Road,6,22,0,0,0.602,medium
Whitefield,6,22,0,0,0.468,medium
Koramangala,6,22,0,0,0.076,low
Electronic City,6,22,0,0,0.479,medium
Indiranagar,6,22,0,0,0.302,low
MG Road,6,23,0,0,0.649,medium
Whitefield,6,23,0,0,0.358,medium
Koramangala,6,23,0,0,0.288,low
Electronic City,6,23,0,0,0.533,medium
Indiranagar,6,23,0,0,0.369,medium
MG Road,0,0,1,0,0.505,medium
Whitefield,0,0,1,0,0.365,medium
Koramangala,0,0,1,0,0.0,low
Electronic City,0,0,1,0,0.457,medium
Indiranagar,0,0,1,0,0.294,low
MG Road,0,1,1,0,0.558,medium
Whitefield,0,1,1,0,0.285,low
Koramangala,0,1,1,0,0.017,low
Electronic City,0,1,1,0,0.451,medium
Indiranagar,0,1,1,0,0.213,low
MG Road,0,2,1,0,0.346,low
Whitefield,0,2,1,0,0.358,medium
Koramangala,0,2,1,0,0.146,low
Electronic City,0,2,1,0,0.487,medium
Indiranagar,0,2,1,0,0.404,medium
MG Road,0,3,1,0,0.447,medium
Whitefield,0,3,1,0,0.186,low
Koramangala,0,3,1,0,0.094,low
Electronic City,0,3,1,0,0.422,medium
Indiranagar,0,3,1,0,0.233,low
MG Road,0,4,1,0,0.494,medium
Whitefield,0,4,1,0,0.251,low
Koramangala,0,4,1,0,0.0,low
Electronic City,0,4,1,0,0.415,medium
Indiranagar,0,4,1,0,0.209,low
MG Road,0,5,1,0,0.819,high
Whitefield,0,5,1,0,0.548,medium
Koramangala,0,5,1,0,0.489,medium
Electronic City,0,5,1,0,0.878,high
Indiranagar,0,5,1,0,0.654,high
MG Road,0,6,1,0,0.676,high
Whitefield,0,6,1,0,0.72,high
Koramangala,0,6,1,0,0.526,medium
Electronic City,0,6,1,0,0.752,high
Indiranagar,0,6,1,0,0.706,high
MG Road,0,7,1,0,0.756,high
Whitefield,0,7,1,0,0.451,medium
Koramangala,0,7,1,0,0.339,low
Electronic City,0,7,1,0,0.888,high
Indiranagar,0,7,1,0,0.481,medium
MG Road,0,8,1,1,1.0,high
Whitefield,0,8,1,1,0.853,high
Koramangala,0,8,1,1,0.609,medium
Electronic City,0,8,1,1,0.965,high
Indiranagar,0,8,1,1,0.856,high
MG Road,0,9,1,1,1.0,high
Whitefield,0,9,1,1,0.736,high
Koramangala,0,9,1,1,0.667,high
Electronic City,0,9,1,1,1.0,high
Indiranagar,0,9,1,1,0.92,high
MG Road,0,10,1,1,0.985,high
Whitefield,0,10,1,1,0.75,high
Koramangala,0,10,1,1,0.627,medium
Electronic City,0,10,1,1,1.0,high
Indiranagar,0,10,1,1,0.902,high
MG Road,0,11,1,0,0.856,high
Whitefield,0,11,1,0,0.671,high
Koramangala,0,11,1,0,0.434,medium
Electronic City,0,11,1,0,0.76,high
Indiranagar,0,11,1,0,0.653,high
MG Road,0,12,1,0,0.756,high
Whitefield,0,12,1,0,0.487,medium
Koramangala,0,12,1,0,0.458,medium
Electronic City,0,12,1,0,0.849,high
Indiranagar,0,12,1,0,0.511,medium
MG Road,0,13,1,0,0.866,high
Whitefield,0,13,1,0,0.734,high
Koramangala,0,13,1,0,0.4,medium
Electronic City,0,13,1,0,0.685,high
Indiranagar,0,13,1,0,0.61,medium
MG Road,0,14,1,0,0.756,high
Whitefield,0,14,1,0,0.551,medium
Koramangala,0,14,1,0,0.435,medium
Electronic City,0,14,1,0,0.622,medium
Indiranagar,0,14,1,0,0.484,medium
MG Road,0,15,1,0,0.802,high
Whitefield,0,15,1,0,0.598,medium
Koramangala,0,15,1,0,0.427,medium
Electronic City,0,15,1,0,0.9,high
Indiranagar,0,15,1,0,0.608,medium
MG Road,0,16,1,0,0.848,high
Whitefield,0,16,1,0,0.522,medium
Koramangala,0,16,1,0,0.461,medium
Electronic City,0,16,1,0,0.708,high
Indiranagar,0,16,1,0,0.606,medium
MG Road,0,17,1,1,1.0,high
Whitefield,0,17,1,1,0.933,high
Koramangala,0,17,1,1,0.545,medium
Electronic City,0,17,1,1,0.817,high
Indiranagar,0,17,1,1,0.833,high
MG Road,0,18,1,1,1.0,high
Whitefield,0,18,1,1,0.862,high
Koramangala,0,18,1,1,0.749,high
Electronic City,0,18,1,1,1.0,high
Indiranagar,0,18,1,1,0.805,high
MG Road,0,19,1,1,0.864,high
Whitefield,0,19,1,1,0.831,high
Koramangala,0,19,1,1,0.732,high
Electronic City,0,19,1,1,0.969,high
Indiranagar,0,19,1,1,0.852,high
MG Road,0,20,1,1,1.0,high
Whitefield,0,20,1,1,0.769,high
Koramangala,0,20,1,1,0.7,high
Electronic City,0,20,1,1,1.0,high
Indiranagar,0,20,1,1,0.836,high
MG Road,0,21,1,0,0.71,high
Whitefield,0,21,1,0,0.595,medium
Koramangala,0,21,1,0,0.222,low
Electronic City,0,21,1,0,0.777,high
Indiranagar,0,21,1,0,0.636,medium
MG Road,0,22,1,0,0.934,high
Whitefield,0,22,1,0,0.584,medium
Koramangala,0,22,1,0,0.433,medium
Electronic City,0,22,1,0,0.681,high
Indiranagar,0,22,1,0,0.571,medium
MG Road,0,23,1,0,0.678,high
Whitefield,0,23,1,0,0.584,medium
Koramangala,0,23,1,0,0.376,medium
Electronic City,0,23,1,0,0.774,high
Indiranagar,0,23,1,0,0.55,medium
MG Road,1,0,1,0,0.507,medium
Whitefield,1,0,1,0,0.273,low
Koramangala,1,0,1,0,0.073,low
Electronic City,1,0,1,0,0.456,medium
Indiranagar,1,0,1,0,0.303,low
MG Road,1,1,1,0,0.561,medium
Whitefield,1,1,1,0,0.29,low
Koramangala,1,1,1,0,0.072,low
Electronic City,1,1,1,0,0.436,medium
Indiranagar,1,1,1,0,0.243,low
MG Road,1,2,1,0,0.471,medium
Whitefield,1,2,1,0,0.462,medium
Koramangala,1,2,1,0,0.027,low
Electronic City,1,2,1,0,0.428,medium
Indiranagar,1,2,1,0,0.269,low
MG Road,1,3,1,0,0.48,medium
Whitefield,1,3,1,0,0.274,low
Koramangala,1,3,1,0,0.122,low
Electronic City,1,3,1,0,0.313,low
Indiranagar,1,3,1,0,0.383,medium
MG Road,1,4,1,0,0.551,medium
Whitefield,1,4,1,0,0.201,low
Koramangala,1,4,1,0,0.0,low
Electronic City,1,4,1,0,0.372,medium
Indiranagar,1,4,1,0,0.281,low
MG Road,1,5,1,0,1.0,high
Whitefield,1,5,1,0,0.643,medium
Koramangala,1,5,1,0,0.255,low
Electronic City,1,5,1,0,0.695,high
Indiranagar,1,5,1,0,0.596,medium
MG Road,1,6,1,0,0.82,high
Whitefield,1,6,1,0,0.495,medium
Koramangala,1,6,1,0,0.389,medium
Electronic City,1,6,1,0,0.693,high
Indiranagar,1,6,1,0,0.512,medium
MG Road,1,7,1,0,0.821,high
Whitefield,1,7,1,0,0.662,high
Koramangala,1,7,1,0,0.467,medium
Electronic City,1,7,1,0,0.796,high
Indiranagar,1,7,1,0,0.56,medium
MG Road,1,8,1,1,1.0,high
Whitefield,1,8,1,1,0.875,high
Koramangala,1,8,1,1,0.661,high
Electronic City,1,8,1,1,0.951,high
Indiranagar,1,8,1,1,0.81,high
MG Road,1,9,1,1,1.0,high
Whitefield,1,9,1,1,1.0,high
Koramangala,1,9,1,1,0.674,high
Electronic City,1,9,1,1,0.951,high
Indiranagar,1,9,1,1,0.783,high
MG Road,1,10,1,1,1.0,high
Whitefield,1,10,1,1,1.0,high
Koramangala,1,10,1,1,0.618,medium
Electronic City,1,10,1,1,1.0,high
Indiranagar,1,10,1,1,0.82,high
MG Road,1,11,1,0,0.821,high
Whitefield,1,11,1,0,0.663,high
Koramangala,1,11,1,0,0.354,medium
Electronic City,1,11,1,0,0.699,high
Indiranagar,1,11,1,0,0.733,high
MG Road,1,12,1,0,0.879,high
Whitefield,1,12,1,0,0.663,high
Koramangala,1,12,1,0,0.463,medium
Electronic City,1,12,1,0,0.787,high
Indiranagar,1,12,1,0,0.761,high
MG Road,1,13,1,0,0.804,high
Whitefield,1,13,1,0,0.646,medium
Koramangala,1,13,1,0,0.284,low
Electronic City,1,13,1,0,0.684,high
Indiranagar,1,13,1,0,0.504,medium
MG Road,1,14,1,0,0.902,high
Whitefield,1,14,1,0,0.396,medium
Koramangala,1,14,1,0,0.368,medium
Electronic City,1,14,1,0,0.511,medium
Indiranagar,1,14,1,0,0.533,medium
MG Road,1,15,1,0,0.761,high
Whitefield,1,15,1,0,0.711,high
Koramangala,1,15,1,0,0.432,medium
Electronic City,1,15,1,0,0.683,high
Indiranagar,1,15,1,0,0.685,high
MG Road,1,16,1,0,0.801,high
Whitefield,1,16,1,0,0.603,medium
Koramangala,1,16,1,0,0.304,low
Electronic City,1,16,1,0,0.671,high
Indiranagar,1,16,1,0,0.534,medium
MG Road,1,17,1,1,1.0,high
Whitefield,1,17,1,1,0.856,high
Koramangala,1,17,1,1,0.774,high
Electronic City,1,17,1,1,1.0,high
Indiranagar,1,17,1,1,0.633,medium
MG Road,1,18,1,1,1.0,high
Whitefield,1,18,1,1,0.734,high
Koramangala,1,18,1,1,0.573,medium
Electronic City,1,18,1,1,0.935,high
Indiranagar,1,18,1,1,0.797,high
MG Road,1,19,1,1,0.94,high
Whitefield,1,19,1,1,0.866,high
Koramangala,1,19,1,1,0.537,medium
Electronic City,1,19,1,1,1.0,high
Indiranagar,1,19,1,1,1.0,high
MG Road,1,20,1,1,0.944,high
Whitefield,1,20,1,1,0.827,high
Koramangala,1,20,1,1,0.448,medium
Electronic City,1,20,1,1,0.976,high
Indiranagar,1,20,1,1,0.901,high
MG Road,1,21,1,0,0.858,high
Whitefield,1,21,1,0,0.606,medium
Koramangala,1,21,1,0,0.471,medium
Electronic City,1,21,1,0,0.954,high
Indiranagar,1,21,1,0,0.737,high
MG Road,1,22,1,0,0.758,high
Whitefield,1,22,1,0,0.484,medium
Koramangala,1,22,1,0,0.368,medium
Electronic City,1,22,1,0,0.674,high
Indiranagar,1,22,1,0,0.636,medium
MG Road,1,23,1,0,0.706,high
Whitefield,1,23,1,0,0.594,medium
Koramangala,1,23,1,0,0.467,medium
Electronic City,1,23,1,0,0.742,high
Indiranagar,1,23,1,0,0.524,medium
MG Road,2,0,1,0,0.594,medium
Whitefield,2,0,1,0,0.15,low
Koramangala,2,0,1,0,0.074,low
Electronic City,2,0,1,0,0.447,medium
Indiranagar,2,0,1,0,0.301,low
MG Road,2,1,1,0,0.514,medium
Whitefield,2,1,1,0,0.349,low
Koramangala,2,1,1,0,0.097,low
Electronic City,2,1,1,0,0.421,medium
Indiranagar,2,1,1,0,0.267,low
MG Road,2,2,1,0,0.451,medium
Whitefield,2,2,1,0,0.363,medium
Koramangala,2,2,1,0,0.048,low
Electronic City,2,2,1,0,0.518,medium
Indiranagar,2,2,1,0,0.302,low
MG Road,2,3,1,0,0.458,medium
Whitefield,2,3,1,0,0.349,low
Koramangala,2,3,1,0,0.042,low
Electronic City,2,3,1,0,0.501,medium
Indiranagar,2,3,1,0,0.317,low
MG Road,2,4,1,0,0.452,medium
Whitefield,2,4,1,0,0.342,low
Koramangala,2,4,1,0,0.144,low
Electronic City,2,4,1,0,0.543,medium
Indiranagar,2,4,1,0,0.377,medium
MG Road,2,5,1,0,0.839,high
Whitefield,2,5,1,0,0.51,medium
Koramangala,2,5,1,0,0.596,medium
Electronic City,2,5,1,0,0.638,medium
Indiranagar,2,5,1,0,0.676,high
MG Road,2,6,1,0,0.835,high
Whitefield,2,6,1,0,0.506,medium
Koramangala,2,6,1,0,0.39,medium
Electronic City,2,6,1,0,0.744,high
Indiranagar,2,6,1,0,0.704,high
MG Road,2,7,1,0,0.743,high
Whitefield,2,7,1,0,0.579,medium
Koramangala,2,7,1,0,0.213,low
Electronic City,2,7,1,0,0.889,high
Indiranagar,2,7,1,0,0.514,medium
MG Road,2,8,1,1,1.0,high
Whitefield,2,8,1,1,0.842,high
Koramangala,2,8,1,1,0.642,medium
Electronic City,2,8,1,1,1.0,high
Indiranagar,2,8,1,1,0.984,high
MG Road,2,9,1,1,1.0,high
Whitefield,2,9,1,1,0.902,high
Koramangala,2,9,1,1,0.676,high
Electronic City,2,9,1,1,1.0,high
Indiranagar,2,9,1,1,0.813,high
MG Road,2,10,1,1,1.0,high
Whitefield,2,10,1,1,0.939,high
Koramangala,2,10,1,1,0.737,high
Electronic City,2,10,1,1,0.947,high
Indiranagar,2,10,1,1,0.837,high
MG Road,2,11,1,0,0.819,high
Whitefield,2,11,1,0,0.49,medium
Koramangala,2,11,1,0,0.528,medium
Electronic City,2,11,1,0,0.749,high
Indiranagar,2,11,1,0,0.623,medium
MG Road,2,12,1,0,0.754,high
Whitefield,2,12,1,0,0.494,medium
Koramangala,2,12,1,0,0.352,medium
Electronic City,2,12,1,0,0.768,high
Indiranagar,2,12,1,0,0.654,high
MG Road,2,13,1,0,0.813,high
Whitefield,2,13,1,0,0.628,medium
Koramangala,2,13,1,0,0.373,medium
Electronic City,2,13,1,0,0.79,high
Indiranagar,2,13,1,0,0.719,high
MG Road,2,14,1,0,0.856,high
Whitefield,2,14,1,0,0.665,high
Koramangala,2,14,1,0,0.424,medium
Electronic City,2,14,1,0,0.63,medium
Indiranagar,2,14,1,0,0.516,medium
MG Road,2,15,1,0,0.836,high
Whitefield,2,15,1,0,0.599,medium
Koramangala,2,15,1,0,0.435,medium
Electronic City,2,15,1,0,0.884,high
Indiranagar,2,15,1,0,0.658,high
MG Road,2,16,1,0,0.901,high
Whitefield,2,16,1,0,0.608,medium
Koramangala,2,16,1,0,0.335,low
Electronic City,2,16,1,0,0.745,high
Indiranagar,2,16,1,0,0.536,medium
MG Road,2,17,1,1,1.0,high
Whitefield,2,17,1,1,0.913,high
Koramangala,2,17,1,1,0.692,high
Electronic City,2,17,1,1,1.0,high
Indiranagar,2,17,1,1,0.688,high
MG Road,2,18,1,1,1.0,high
Whitefield,2,18,1,1,0.745,high
Koramangala,2,18,1,1,0.649,medium
Electronic City,2,18,1,1,0.975,high
Indiranagar,2,18,1,1,0.903,high
MG Road,2,19,1,1,1.0,high
Whitefield,2,19,1,1,0.958,high
Koramangala,2,19,1,1,0.602,medium
Electronic City,2,19,1,1,1.0,high
Indiranagar,2,19,1,1,0.863,high
MG Road,2,20,1,1,0.919,high
Whitefield,2,20,1,1,0.777,high
Koramangala,2,20,1,1,0.638,medium
Electronic City,2,20,1,1,1.0,high
Indiranagar,2,20,1,1,0.887,high
MG Road,2,21,1,0,0.707,high
Whitefield,2,21,1,0,0.589,medium
Koramangala,2,21,1,0,0.561,medium
Electronic City,2,21,1,0,0.759,high
Indiranagar,2,21,1,0,0.574,medium
MG Road,2,22,1,0,0.839,high
Whitefield,2,22,1,0,0.661,high
Koramangala,2,22,1,0,0.364,medium
Electronic City,2,22,1,0,0.79,high
Indiranagar,2,22,1,0,0.574,medium
MG Road,2,23,1,0,0.858,high
Whitefield,2,23,1,0,0.614,medium
Koramangala,2,23,1,0,0.439,medium
Electronic City,2,23,1,0,0.689,high
Indiranagar,2,23,1,0,0.534,medium
MG Road,3,0,1,0,0.576,medium
Whitefield,3,0,1,0,0.294,low
Koramangala,3,0,1,0,0.123,low
Electronic City,3,0,1,0,0.425,medium
Indiranagar,3,0,1,0,0.372,medium
MG Road,3,1,1,0,0.451,medium
Whitefield,3,1,1,0,0.289,low
Koramangala,3,1,1,0,0.163,low
Electronic City,3,1,1,0,0.544,medium
Indiranagar,3,1,1,0,0.258,low
MG Road,3,2,1,0,0.657,high
Whitefield,3,2,1,0,0.325,low
Koramangala,3,2,1,0,0.017,low
Electronic City,3,2,1,0,0.48,medium
Indiranagar,3,2,1,0,0.269,low
MG Road,3,3,1,0,0.535,medium
Whitefield,3,3,1,0,0.297,low
Koramangala,3,3,1,0,0.106,low
Electronic City,3,3,1,0,0.377,medium
Indiranagar,3,3,1,0,0.379,medium
MG Road,3,4,1,0,0.408,medium
Whitefield,3,4,1,0,0.211,low
Koramangala,3,4,1,0,0.129,low
Electronic City,3,4,1,0,0.578,medium
Indiranagar,3,4,1,0,0.272,low
MG Road,3,5,1,0,0.856,high
Whitefield,3,5,1,0,0.686,high
Koramangala,3,5,1,0,0.465,medium
Electronic City,3,5,1,0,0.725,high
Indiranagar,3,5,1,0,0.513,medium
MG Road,3,6,1,0,0.623,medium
Whitefield,3,6,1,0,0.579,medium
Koramangala,3,6,1,0,0.494,medium
Electronic City,3,6,1,0,0.66,high
Indiranagar,3,6,1,0,0.656,high
MG Road,3,7,1,0,0.724,high
Whitefield,3,7,1,0,0.608,medium
Koramangala,3,7,1,0,0.457,medium
Electronic City,3,7,1,0,0.697,high
Indiranagar,3,7,1,0,0.614,medium
MG Road,3,8,1,1,1.0,high
Whitefield,3,8,1,1,0.906,high
Koramangala,3,8,1,1,0.669,high
Electronic City,3,8,1,1,1.0,high
Indiranagar,3,8,1,1,0.975,high
MG Road,3,9,1,1,1.0,high
Whitefield,3,9,1,1,0.795,high
Koramangala,3,9,1,1,0.643,medium
Electronic City,3,9,1,1,0.994,high
Indiranagar,3,9,1,1,0.856,high
MG Road,3,10,1,1,1.0,high
Whitefield,3,10,1,1,0.88,high
Koramangala,3,10,1,1,0.487,medium
Electronic City,3,10,1,1,0.957,high
Indiranagar,3,10,1,1,0.695,high
MG Road,3,11,1,0,0.774,high
Whitefield,3,11,1,0,0.441,medium
Koramangala,3,11,1,0,0.33,low
Electronic City,3,11,1,0,0.628,medium
Indiranagar,3,11,1,0,0.631,medium
MG Road,3,12,1,0,0.8,high
Whitefield,3,12,1,0,0.624,medium
Koramangala,3,12,1,0,0.392,medium
Electronic City,3,12,1,0,0.638,medium
Indiranagar,3,12,1,0,0.641,medium
MG Road,3,13,1,0,0.954,high
Whitefield,3,13,1,0,0.633,medium
Koramangala,3,13,1,0,0.366,medium
Electronic City,3,13,1,0,0.636,medium
Indiranagar,3,13,1,0,0.527,medium
MG Road,3,14,1,0,0.836,high
Whitefield,3,14,1,0,0.686,high
Koramangala,3,14,1,0,0.421,medium
Electronic City,3,14,1,0,0.814,high
Indiranagar,3,14,1,0,0.657,high
MG Road,3,15,1,0,0.841,high
Whitefield,3,15,1,0,0.547,medium
Koramangala,3,15,1,0,0.414,medium
Electronic City,3,15,1,0,0.682,high
Indiranagar,3,15,1,0,0.601,medium
MG Road,3,16,1,0,0.826,high
Whitefield,3,16,1,0,0.734,high
Koramangala,3,16,1,0,0.295,low
Electronic City,3,16,1,0,0.789,high
Indiranagar,3,16,1,0,0.718,high
MG Road,3,17,1,1,1.0,high
Whitefield,3,17,1,1,0.917,high
Koramangala,3,17,1,1,0.697,high
Electronic City,3,17,1,1,1.0,high
Indiranagar,3,17,1,1,0.763,high
MG Road,3,18,1,1,0.939,high
Whitefield,3,18,1,1,0.849,high
Koramangala,3,18,1,1,0.477,medium
Electronic City,3,18,1,1,1.0,high
Indiranagar,3,18,1,1,0.948,high
MG Road,3,19,1,1,1.0,high
Whitefield,3,19,1,1,0.82,high
Koramangala,3,19,1,1,0.644,medium
Electronic City,3,19,1,1,1.0,high
Indiranagar,3,19,1,1,0.86,high
MG Road,3,20,1,1,1.0,high
Whitefield,3,20,1,1,0.836,high
Koramangala,3,20,1,1,0.725,high
Electronic City,3,20,1,1,1.0,high
Indiranagar,3,20,1,1,0.801,high
MG Road,3,21,1,0,0.907,high
Whitefield,3,21,1,0,0.491,medium
Koramangala,3,21,1,0,0.393,medium
Electronic City,3,21,1,0,0.827,high
Indiranagar,3,21,1,0,0.542,medium
MG Road,3,22,1,0,0.825,high
Whitefield,3,22,1,0,0.643,medium
Koramangala,3,22,1,0,0.331,low
Electronic City,3,22,1,0,0.744,high
Indiranagar,3,22,1,0,0.587,medium
MG Road,3,23,1,0,0.756,high
Whitefield,3,23,1,0,0.784,high
Koramangala,3,23,1,0,0.339,low
Electronic City,3,23,1,0,0.83,high
Indiranagar,3,23,1,0,0.569,medium
MG Road,4,0,1,0,0.413,medium
Whitefield,4,0,1,0,0.308,low
Koramangala,4,0,1,0,0.152,low
Electronic City,4,0,1,0,0.524,medium
Indiranagar,4,0,1,0,0.425,medium
MG Road,4,1,1,0,0.736,high
Whitefield,4,1,1,0,0.32,low
Koramangala,4,1,1,0,0.047,low
Electronic City,4,1,1,0,0.486,medium
Indiranagar,4,1,1,0,0.279,low
MG Road,4,2,1,0,0.574,medium
Whitefield,4,2,1,0,0.196,low
Koramangala,4,2,1,0,0.289,low
Electronic City,4,2,1,0,0.518,medium
Indiranagar,4,2,1,0,0.165,low
MG Road,4,3,1,0,0.443,medium
Whitefield,4,3,1,0,0.365,medium
Koramangala,4,3,1,0,0.194,low
Electronic City,4,3,1,0,0.348,low
Indiranagar,4,3,1,0,0.357,medium
MG Road,4,4,1,0,0.344,low
Whitefield,4,4,1,0,0.293,low
Koramangala,4,4,1,0,0.189,low
Electronic City,4,4,1,0,0.406,medium
Indiranagar,4,4,1,0,0.179,low
MG Road,4,5,1,0,0.812,high
Whitefield,4,5,1,0,0.552,medium
Koramangala,4,5,1,0,0.45,medium
Electronic City,4,5,1,0,0.679,high
Indiranagar,4,5,1,0,0.538,medium
MG Road,4,6,1,0,0.638,medium
Whitefield,4,6,1,0,0.614,medium
Koramangala,4,6,1,0,0.387,medium
Electronic City,4,6,1,0,0.655,high
Indiranagar,4,6,1,0,0.616,medium
MG Road,4,7,1,0,0.882,high
Whitefield,4,7,1,0,0.583,medium
Koramangala,4,7,1,0,0.421,medium
Electronic City,4,7,1,0,0.772,high
Indiranagar,4,7,1,0,0.504,medium
MG Road,4,8,1,1,1.0,high
Whitefield,4,8,1,1,0.812,high
Koramangala,4,8,1,1,0.702,high
Electronic City,4,8,1,1,1.0,high
Indiranagar,4,8,1,1,0.839,high
MG Road,4,9,1,1,1.0,high
Whitefield,4,9,1,1,0.87,high
Koramangala,4,9,1,1,0.537,medium
Electronic City,4,9,1,1,0.973,high
Indiranagar,4,9,1,1,0.801,high
MG Road,4,10,1,1,1.0,high
Whitefield,4,10,1,1,0.746,high
Koramangala,4,10,1,1,0.74,high
Electronic City,4,10,1,1,1.0,high
Indiranagar,4,10,1,1,0.928,high
MG Road,4,11,1,0,0.902,high
Whitefield,4,11,1,0,0.572,medium
Koramangala,4,11,1,0,0.349,low
Electronic City,4,11,1,0,0.688,high
Indiranagar,4,11,1,0,0.652,high
MG Road,4,12,1,0,0.818,high
Whitefield,4,12,1,0,0.594,medium
Koramangala,4,12,1,0,0.504,medium
Electronic City,4,12,1,0,0.782,high
Indiranagar,4,12,1,0,0.533,medium
MG Road,4,13,1,0,0.746,high
Whitefield,4,13,1,0,0.655,high
Koramangala,4,13,1,0,0.483,medium
Electronic City,4,13,1,0,0.794,high
Indiranagar,4,13,1,0,0.752,high
MG Road,4,14,1,0,0.931,high
Whitefield,4,14,1,0,0.635,medium
Koramangala,4,14,1,0,0.333,low
Electronic City,4,14,1,0,0.645,medium
Indiranagar,4,14,1,0,0.569,medium
MG Road,4,15,1,0,0.86,high
Whitefield,4,15,1,0,0.746,high
Koramangala,4,15,1,0,0.433,medium
Electronic City,4,15,1,0,0.843,high
Indiranagar,4,15,1,0,0.58,medium
MG Road,4,16,1,0,0.85,high
Whitefield,4,16,1,0,0.666,high
Koramangala,4,16,1,0,0.242,low
Electronic City,4,16,1,0,0.717,high
Indiranagar,4,16,1,0,0.676,high
MG Road,4,17,1,1,1.0,high
Whitefield,4,17,1,1,0.754,high
Koramangala,4,17,1,1,0.456,medium
Electronic City,4,17,1,1,0.971,high
Indiranagar,4,17,1,1,0.844,high
MG Road,4,18,1,1,0.979,high
Whitefield,4,18,1,1,0.861,high
Koramangala,4,18,1,1,0.691,high
Electronic City,4,18,1,1,1.0,high
Indiranagar,4,18,1,1,0.662,high
MG Road,4,19,1,1,0.945,high
Whitefield,4,19,1,1,0.826,high
Koramangala,4,19,1,1,0.696,high
Electronic City,4,19,1,1,1.0,high
Indiranagar,4,19,1,1,0.888,high
MG Road,4,20,1,1,1.0,high
Whitefield,4,20,1,1,0.824,high
Koramangala,4,20,1,1,0.592,medium
Electronic City,4,20,1,1,1.0,high
Indiranagar,4,20,1,1,0.776,high
MG Road,4,21,1,0,0.868,high
Whitefield,4,21,1,0,0.617,medium
Koramangala,4,21,1,0,0.396,medium
Electronic City,4,21,1,0,0.697,high
Indiranagar,4,21,1,0,0.492,medium
MG Road,4,22,1,0,0.748,high
Whitefield,4,22,1,0,0.574,medium
Koramangala,4,22,1,0,0.21,low
Electronic City,4,22,1,0,0.734,high
Indiranagar,4,22,1,0,0.674,high
MG Road,4,23,1,0,0.845,high
Whitefield,4,23,1,0,0.56,medium
Koramangala,4,23,1,0,0.404,medium
Electronic City,4,23,1,0,0.706,high
Indiranagar,4,23,1,0,0.612,medium
MG Road,5,0,0,0,0.373,medium
Whitefield,5,0,0,0,0.127,low
Koramangala,5,0,0,0,0.0,low
Electronic City,5,0,0,0,0.161,low
Indiranagar,5,0,0,0,0.11,low
MG Road,5,1,0,0,0.115,low
Whitefield,5,1,0,0,0.03,low
Koramangala,5,1,0,0,0.0,low
Electronic City,5,1,0,0,0.259,low
Indiranagar,5,1,0,0,0.104,low
MG Road,5,2,0,0,0.274,low
Whitefield,5,2,0,0,0.034,low
Koramangala,5,2,0,0,0.0,low
Electronic City,5,2,0,0,0.124,low
Indiranagar,5,2,0,0,0.0,low
MG Road,5,3,0,0,0.255,low
Whitefield,5,3,0,0,0.064,low
Koramangala,5,3,0,0,0.0,low
Electronic City,5,3,0,0,0.236,low
Indiranagar,5,3,0,0,0.112,low
MG Road,5,4,0,0,0.244,low
Whitefield,5,4,0,0,0.24,low
Koramangala,5,4,0,0,0.0,low
Electronic City,5,4,0,0,0.171,low
Indiranagar,5,4,0,0,0.018,low
MG Road,5,5,0,0,0.544,medium
Whitefield,5,5,0,0,0.324,low
Koramangala,5,5,0,0,0.037,low
Electronic City,5,5,0,0,0.456,medium
Indiranagar,5,5,0,0,0.342,low
MG Road,5,6,0,0,0.648,medium
Whitefield,5,6,0,0,0.526,medium
Koramangala,5,6,0,0,0.257,low
Electronic City,5,6,0,0,0.438,medium
Indiranagar,5,6,0,0,0.294,low
MG Road,5,7,0,0,0.537,medium
Whitefield,5,7,0,0,0.493,medium
Koramangala,5,7,0,0,0.137,low
Electronic City,5,7,0,0,0.394,medium
Indiranagar,5,7,0,0,0.31,low
MG Road,5,8,0,1,0.611,medium
Whitefield,5,8,0,1,0.405,medium
Koramangala,5,8,0,1,0.134,low
Electronic City,5,8,0,1,0.555,medium
Indiranagar,5,8,0,1,0.168,low
MG Road,5,9,0,1,0.558,medium
Whitefield,5,9,0,1,0.419,medium
Koramangala,5,9,0,1,0.083,low
Electronic City,5,9,0,1,0.433,medium
Indiranagar,5,9,0,1,0.201,low
MG Road,5,10,0,1,0.677,high
Whitefield,5,10,0,1,0.292,low
Koramangala,5,10,0,1,0.169,low
Electronic City,5,10,0,1,0.548,medium
Indiranagar,5,10,0,1,0.471,medium
MG Road,5,11,0,0,0.538,medium
Whitefield,5,11,0,0,0.307,low
Koramangala,5,11,0,0,0.164,low
Electronic City,5,11,0,0,0.603,medium
Indiranagar,5,11,0,0,0.336,low
MG Road,5,12,0,0,0.474,medium
Whitefield,5,12,0,0,0.227,low
Koramangala,5,12,0,0,0.052,low
Electronic City,5,12,0,0,0.569,medium
Indiranagar,5,12,0,0,0.324,low
MG Road,5,13,0,0,0.501,medium
Whitefield,5,13,0,0,0.293,low
Koramangala,5,13,0,0,0.157,low
Electronic City,5,13,0,0,0.481,medium
Indiranagar,5,13,0,0,0.328,low
MG Road,5,14,0,0,0.658,high
Whitefield,5,14,0,0,0.473,medium
Koramangala,5,14,0,0,0.021,low
Electronic City,5,14,0,0,0.526,medium
Indiranagar,5,14,0,0,0.288,low
MG Road,5,15,0,0,0.53,medium
Whitefield,5,15,0,0,0.375,medium
Koramangala,5,15,0,0,0.133,low
Electronic City,5,15,0,0,0.518,medium
Indiranagar,5,15,0,0,0.404,medium
MG Road,5,16,0,0,0.574,medium
Whitefield,5,16,0,0,0.298,low
Koramangala,5,16,0,0,0.1,low
Electronic City,5,16,0,0,0.385,medium
Indiranagar,5,16,0,0,0.282,low
MG Road,5,17,0,1,0.707,high
Whitefield,5,17,0,1,0.287,low
Koramangala,5,17,0,1,0.055,low
Electronic City,5,17,0,1,0.526,medium
Indiranagar,5,17,0,1,0.341,low
MG Road,5,18,0,1,0.534,medium
Whitefield,5,18,0,1,0.463,medium
Koramangala,5,18,0,1,0.194,low
Electronic City,5,18,0,1,0.458,medium
Indiranagar,5,18,0,1,0.316,low
MG Road,5,19,0,1,0.51,medium
Whitefield,5,19,0,1,0.42,medium
Koramangala,5,19,0,1,0.125,low
Electronic City,5,19,0,1,0.357,medium
Indiranagar,5,19,0,1,0.346,low
MG Road,5,20,0,1,0.427,medium
Whitefield,5,20,0,1,0.525,medium
Koramangala,5,20,0,1,0.073,low
Electronic City,5,20,0,1,0.487,medium
Indiranagar,5,20,0,1,0.371,medium
MG Road,5,21,0,0,0.527,medium
Whitefield,5,21,0,0,0.327,low
Koramangala,5,21,0,0,0.184,low
Electronic City,5,21,0,0,0.622,medium
Indiranagar,5,21,0,0,0.411,medium
MG Road,5,22,0,0,0.668,high
Whitefield,5,22,0,0,0.266,low
Koramangala,5,22,0,0,0.175,low
Electronic City,5,22,0,0,0.512,medium
Indiranagar,5,22,0,0,0.378,medium
MG Road,5,23,0,0,0.66,high
Whitefield,5,23,0,0,0.332,low
Koramangala,5,23,0,0,0.118,low
Electronic City,5,23,0,0,0.543,medium
Indiranagar,5,23,0,0,0.208,low
MG Road,6,0,0,0,0.231,low
Whitefield,6,0,0,0,0.039,low
Koramangala,6,0,0,0,0.0,low
Electronic City,6,0,0,0,0.285,low
Indiranagar,6,0,0,0,0.0,low
MG Road,6,1,0,0,0.239,low
Whitefield,6,1,0,0,0.073,low
Koramangala,6,1,0,0,0.0,low
Electronic City,6,1,0,0,0.199,low
Indiranagar,6,1,0,0,0.125,low
MG Road,6,2,0,0,0.306,low
Whitefield,6,2,0,0,0.06,low
Koramangala,6,2,0,0,0.0,low
Electronic City,6,2,0,0,0.085,low
Indiranagar,6,2,0,0,0.059,low
MG Road,6,3,0,0,0.207,low
Whitefield,6,3,0,0,0.124,low
Koramangala,6,3,0,0,0.0,low
Electronic City,6,3,0,0,0.185,low
Indiranagar,6,3,0,0,0.0,low
MG Road,6,4,0,0,0.291,low
Whitefield,6,4,0,0,0.0,low
Koramangala,6,4,0,0,0.0,low
Electronic City,6,4,0,0,0.122,low
Indiranagar,6,4,0,0,0.039,low
MG Road,6,5,0,0,0.644,medium
Whitefield,6,5,0,0,0.35,low
Koramangala,6,5,0,0,0.115,low
Electronic City,6,5,0,0,0.378,medium
Indiranagar,6,5,0,0,0.394,medium
MG Road,6,6,0,0,0.488,medium
Whitefield,6,6,0,0,0.359,medium
Koramangala,6,6,0,0,0.122,low
Electronic City,6,6,0,0,0.567,medium
Indiranagar,6,6,0,0,0.337,low
MG Road,6,7,0,0,0.545,medium
Whitefield,6,7,0,0,0.389,medium
Koramangala,6,7,0,0,0.319,low
Electronic City,6,7,0,0,0.571,medium
Indiranagar,6,7,0,0,0.343,low
MG Road,6,8,0,1,0.55,medium
Whitefield,6,8,0,1,0.308,low
Koramangala,6,8,0,1,0.074,low
Electronic City,6,8,0,1,0.456,medium
Indiranagar,6,8,0,1,0.288,low
MG Road,6,9,0,1,0.602,medium
Whitefield,6,9,0,1,0.264,low
Koramangala,6,9,0,1,0.257,low
Electronic City,6,9,0,1,0.56,medium
Indiranagar,6,9,0,1,0.352,medium
MG Road,6,10,0,1,0.55,medium
Whitefield,6,10,0,1,0.305,low
Koramangala,6,10,0,1,0.172,low
Electronic City,6,10,0,1,0.587,medium
Indiranagar,6,10,0,1,0.294,low
MG Road,6,11,0,0,0.427,medium
Whitefield,6,11,0,0,0.406,medium
Koramangala,6,11,0,0,0.176,low
Electronic City,6,11,0,0,0.41,medium
Indiranagar,6,11,0,0,0.291,low
MG Road,6,12,0,0,0.481,medium
Whitefield,6,12,0,0,0.292,low
Koramangala,6,12,0,0,0.124,low
Electronic City,6,12,0,0,0.479,medium
Indiranagar,6,12,0,0,0.298,low
MG Road,6,13,0,0,0.489,medium
Whitefield,6,13,0,0,0.332,low
Koramangala,6,13,0,0,0.163,low
Electronic City,6,13,0,0,0.475,medium
Indiranagar,6,13,0,0,0.443,medium
MG Road,6,14,0,0,0.591,medium
Whitefield,6,14,0,0,0.223,low
Koramangala,6,14,0,0,0.192,low
Electronic City,6,14,0,0,0.548,medium
Indiranagar,6,14,0,0,0.315,low
MG Road,6,15,0,0,0.43,medium
Whitefield,6,15,0,0,0.351,medium
Koramangala,6,15,0,0,0.149,low
Electronic City,6,15,0,0,0.41,medium
Indiranagar,6,15,0,0,0.234,low
MG Road,6,16,0,0,0.543,medium
Whitefield,6,16,0,0,0.331,low
Koramangala,6,16,0,0,0.117,low
Electronic City,6,16,0,0,0.493,medium
Indiranagar,6,16,0,0,0.262,low
MG Road,6,17,0,1,0.515,medium
Whitefield,6,17,0,1,0.393,medium
Koramangala,6,17,0,1,0.122,low
Electronic City,6,17,0,1,0.366,medium
Indiranagar,6,17,0,1,0.312,low
MG Road,6,18,0,1,0.464,medium
Whitefield,6,18,0,1,0.371,medium
Koramangala,6,18,0,1,0.176,low
Electronic City,6,18,0,1,0.367,medium
Indiranagar,6,18,0,1,0.411,medium
MG Road,6,19,0,1,0.461,medium
Whitefield,6,19,0,1,0.475,medium
Koramangala,6,19,0,1,0.146,low
Electronic City,6,19,0,1,0.4,medium
Indiranagar,6,19,0,1,0.259,low
MG Road,6,20,0,1,0.578,medium
Whitefield,6,20,0,1,0.319,low
Koramangala,6,20,0,1,0.142,low
Electronic City,6,20,0,1,0.629,medium
Indiranagar,6,20,0,1,0.294,low
MG Road,6,21,0,0,0.555,medium
Whitefield,6,21,0,0,0.464,medium
Koramangala,6,21,0,0,0.172,low
Electronic City,6,21,0,0,0.371,medium
Indiranagar,6,21,0,0,0.39,medium
MG Road,6,22,0,0,0.457,medium
Whitefield,6,22,0,0,0.463,medium
Koramangala,6,22,0,0,0.084,low
Electronic City,6,22,0,0,0.738,high
Indiranagar,6,22,0,0,0.467,medium
MG Road,6,23,0,0,0.486,medium
Whitefield,6,23,0,0,0.352,medium
Koramangala,6,23,0,0,0.21,low
Electronic City,6,23,0,0,0.563,medium
Indiranagar,6,23,0,0,0.385,medium
MG Road,0,0,1,0,0.6,medium
Whitefield,0,0,1,0,0.29,low
Koramangala,0,0,1,0,0.071,low
Electronic City,0,0,1,0,0.422,medium
Indiranagar,0,0,1,0,0.369,medium
MG Road,0,1,1,0,0.529,medium
Whitefield,0,1,1,0,0.323,low
Koramangala,0,1,1,0,0.164,low
Electronic City,0,1,1,0,0.286,low
Indiranagar,0,1,1,0,0.325,low
MG Road,0,2,1,0,0.517,medium
Whitefield,0,2,1,0,0.434,medium
Koramangala,0,2,1,0,0.0,low
Electronic City,0,2,1,0,0.575,medium
Indiranagar,0,2,1,0,0.306,low
MG Road,0,3,1,0,0.539,medium
Whitefield,0,3,1,0,0.434,medium
Koramangala,0,3,1,0,0.145,low
Electronic City,0,3,1,0,0.482,medium
Indiranagar,0,3,1,0,0.319,low
MG Road,0,4,1,0,0.461,medium
Whitefield,0,4,1,0,0.298,low
Koramangala,0,4,1,0,0.043,low
Electronic City,0,4,1,0,0.446,medium
Indiranagar,0,4,1,0,0.113,low
MG Road,0,5,1,0,0.834,high
Whitefield,0,5,1,0,0.59,medium
Koramangala,0,5,1,0,0.373,medium
Electronic City,0,5,1,0,0.768,high
Indiranagar,0,5,1,0,0.485,medium
MG Road,0,6,1,0,0.954,high
Whitefield,0,6,1,0,0.592,medium
Koramangala,0,6,1,0,0.388,medium
Electronic City,0,6,1,0,0.673,high
Indiranagar,0,6,1,0,0.602,medium
MG Road,0,7,1,0,0.911,high
Whitefield,0,7,1,0,0.683,high
Koramangala,0,7,1,0,0.468,medium
Electronic City,0,7,1,0,0.794,high
Indiranagar,0,7,1,0,0.571,medium
MG Road,0,8,1,1,0.934,high
Whitefield,0,8,1,1,0.834,high
Koramangala,0,8,1,1,0.631,medium
Electronic City,0,8,1,1,1.0,high
Indiranagar,0,8,1,1,0.875,high
MG Road,0,9,1,1,1.0,high
Whitefield,0,9,1,1,0.946,high
Koramangala,0,9,1,1,0.613,medium
Electronic City,0,9,1,1,0.856,high
Indiranagar,0,9,1,1,0.961,high
MG Road,0,10,1,1,1.0,high
Whitefield,0,10,1,1,0.741,high
Koramangala,0,10,1,1,0.771,high
Electronic City,0,10,1,1,1.0,high
Indiranagar,0,10,1,1,0.863,high
MG Road,0,11,1,0,0.929,high
Whitefield,0,11,1,0,0.708,high
Koramangala,0,11,1,0,0.452,medium
Electronic City,0,11,1,0,0.788,high
Indiranagar,0,11,1,0,0.649,medium
MG Road,0,12,1,0,0.768,high
Whitefield,0,12,1,0,0.596,medium
Koramangala,0,12,1,0,0.328,low
Electronic City,0,12,1,0,0.723,high
Indiranagar,0,12,1,0,0.571,medium
MG Road,0,13,1,0,0.749,high
Whitefield,0,13,1,0,0.611,medium
Koramangala,0,13,1,0,0.374,medium
Electronic City,0,13,1,0,0.79,high
Indiranagar,0,13,1,0,0.47,medium
MG Road,0,14,1,0,0.791,high
Whitefield,0,14,1,0,0.611,medium
Koramangala,0,14,1,0,0.375,medium
Electronic City,0,14,1,0,0.736,high
Indiranagar,0,14,1,0,0.473,medium
MG Road,0,15,1,0,0.829,high
Whitefield,0,15,1,0,0.652,high
Koramangala,0,15,1,0,0.439,medium
Electronic City,0,15,1,0,0.833,high
Indiranagar,0,15,1,0,0.616,medium
MG Road,0,16,1,0,0.838,high
Whitefield,0,16,1,0,0.612,medium
Koramangala,0,16,1,0,0.455,medium
Electronic City,0,16,1,0,0.624,medium
Indiranagar,0,16,1,0,0.529,medium
MG Road,0,17,1,1,1.0,high
Whitefield,0,17,1,1,0.653,high
Koramangala,0,17,1,1,0.639,medium
Electronic City,0,17,1,1,1.0,high
Indiranagar,0,17,1,1,0.843,high
MG Road,0,18,1,1,1.0,high
Whitefield,0,18,1,1,0.86,high
Koramangala,0,18,1,1,0.622,medium
Electronic City,0,18,1,1,1.0,high
Indiranagar,0,18,1,1,0.795,high
MG Road,0,19,1,1,1.0,high
Whitefield,0,19,1,1,0.964,high
Koramangala,0,19,1,1,0.639,medium
Electronic City,0,19,1,1,0.889,high
Indiranagar,0,19,1,1,0.808,high
MG Road,0,20,1,1,1.0,high
Whitefield,0,20,1,1,0.89,high
Koramangala,0,20,1,1,0.569,medium
Electronic City,0,20,1,1,0.938,high
Indiranagar,0,20,1,1,0.891,high
MG Road,0,21,1,0,0.875,high
Whitefield,0,21,1,0,0.55,medium
Koramangala,0,21,1,0,0.293,low
Electronic City,0,21,1,0,1.0,high
Indiranagar,0,21,1,0,0.663,high
MG Road,0,22,1,0,0.779,high
Whitefield,0,22,1,0,0.67,high
Koramangala,0,22,1,0,0.39,medium
Electronic City,0,22,1,0,0.819,high
Indiranagar,0,22,1,0,0.613,medium
MG Road,0,23,1,0,0.807,high
Whitefield,0,23,1,0,0.591,medium
Koramangala,0,23,1,0,0.284,low
Electronic City,0,23,1,0,0.905,high
Indiranagar,0,23,1,0,0.525,medium
MG Road,1,0,1,0,0.391,medium
Whitefield,1,0,1,0,0.283,low
Koramangala,1,0,1,0,0.023,low
Electronic City,1,0,1,0,0.446,medium
Indiranagar,1,0,1,0,0.355,medium
MG Road,1,1,1,0,0.58,medium
Whitefield,1,1,1,0,0.365,medium
Koramangala,1,1,1,0,0.076,low
Electronic City,1,1,1,0,0.454,medium
Indiranagar,1,1,1,0,0.333,low
MG Road,1,2,1,0,0.359,medium
Whitefield,1,2,1,0,0.346,low
Koramangala,1,2,1,0,0.0,low
Electronic City,1,2,1,0,0.613,medium
Indiranagar,1,2,1,0,0.268,low
MG Road,1,3,1,0,0.485,medium
Whitefield,1,3,1,0,0.238,low
Koramangala,1,3,1,0,0.05,low
Electronic City,1,3,1,0,0.632,medium
Indiranagar,1,3,1,0,0.375,medium
MG Road,1,4,1,0,0.376,medium
Whitefield,1,4,1,0,0.42,medium
Koramangala,1,4,1,0,0.195,low
Electronic City,1,4,1,0,0.428,medium
Indiranagar,1,4,1,0,0.325,low
MG Road,1,5,1,0,0.799,high
Whitefield,1,5,1,0,0.758,high
Koramangala,1,5,1,0,0.336,low
Electronic City,1,5,1,0,0.762,high
Indiranagar,1,5,1,0,0.566,medium
MG Road,1,6,1,0,0.685,high
Whitefield,1,6,1,0,0.775,high
Koramangala,1,6,1,0,0.305,low
Electronic City,1,6,1,0,0.768,high
Indiranagar,1,6,1,0,0.461,medium
MG Road,1,7,1,0,0.768,high
Whitefield,1,7,1,0,0.634,medium
Koramangala,1,7,1,0,0.334,low
Electronic City,1,7,1,0,0.797,high
Indiranagar,1,7,1,0,0.578,medium
MG Road,1,8,1,1,1.0,high
Whitefield,1,8,1,1,0.959,high
Koramangala,1,8,1,1,0.603,medium
Electronic City,1,8,1,1,1.0,high
Indiranagar,1,8,1,1,0.865,high
MG Road,1,9,1,1,1.0,high
Whitefield,1,9,1,1,0.851,high
Koramangala,1,9,1,1,0.665,high
Electronic City,1,9,1,1,0.981,high
Indiranagar,1,9,1,1,0.859,high
MG Road,1,10,1,1,1.0,high
Whitefield,1,10,1,1,0.902,high
Koramangala,1,10,1,1,0.706,high
Electronic City,1,10,1,1,1.0,high
Indiranagar,1,10,1,1,0.838,high
MG Road,1,11,1,0,0.826,high
Whitefield,1,11,1,0,0.513,medium
Koramangala,1,11,1,0,0.502,medium
Electronic City,1,11,1,0,0.527,medium
Indiranagar,1,11,1,0,0.593,medium
MG Road,1,12,1,0,0.891,high
Whitefield,1,12,1,0,0.491,medium
Koramangala,1,12,1,0,0.432,medium
Electronic City,1,12,1,0,0.696,high
Indiranagar,1,12,1,0,0.57,medium
MG Road,1,13,1,0,0.876,high
Whitefield,1,13,1,0,0.616,medium
Koramangala,1,13,1,0,0.237,low
Electronic City,1,13,1,0,0.672,high
Indiranagar,1,13,1,0,0.678,high
MG Road,1,14,1,0,0.836,high
Whitefield,1,14,1,0,0.74,high
Koramangala,1,14,1,0,0.535,medium
Electronic City,1,14,1,0,0.723,high
Indiranagar,1,14,1,0,0.8,high
MG Road,1,15,1,0,0.802,high
Whitefield,1,15,1,0,0.523,medium
Koramangala,1,15,1,0,0.349,low
Electronic City,1,15,1,0,0.569,medium
Indiranagar,1,15,1,0,0.729,high
MG Road,1,16,1,0,0.928,high
Whitefield,1,16,1,0,0.519,medium
Koramangala,1,16,1,0,0.382,medium
Electronic City,1,16,1,0,0.758,high
Indiranagar,1,16,1,0,0.523,medium
MG Road,1,17,1,1,0.91,high
Whitefield,1,17,1,1,0.833,high
Koramangala,1,17,1,1,0.624,medium
Electronic City,1,17,1,1,0.969,high
Indiranagar,1,17,1,1,0.868,high
MG Road,1,18,1,1,1.0,high
Whitefield,1,18,1,1,0.826,high
Koramangala,1,18,1,1,0.664,high
Electronic City,1,18,1,1,1.0,high
Indiranagar,1,18,1,1,0.894,high
MG Road,1,19,1,1,1.0,high
Whitefield,1,19,1,1,0.858,high
Koramangala,1,19,1,1,0.694,high
Electronic City,1,19,1,1,0.91,high
Indiranagar,1,19,1,1,0.951,high
MG Road,1,20,1,1,1.0,high
Whitefield,1,20,1,1,0.792,high
Koramangala,1,20,1,1,0.665,high
Electronic City,1,20,1,1,1.0,high
Indiranagar,1,20,1,1,0.806,high
MG Road,1,21,1,0,0.839,high
Whitefield,1,21,1,0,0.613,medium
Koramangala,1,21,1,0,0.283,low
Electronic City,1,21,1,0,0.787,high
Indiranagar,1,21,1,0,0.512,medium
MG Road,1,22,1,0,0.875,high
Whitefield,1,22,1,0,0.546,medium
Koramangala,1,22,1,0,0.387,medium
Electronic City,1,22,1,0,0.86,high
Indiranagar,1,22,1,0,0.64,medium
MG Road,1,23,1,0,0.714,high
Whitefield,1,23,1,0,0.519,medium
Koramangala,1,23,1,0,0.352,medium
Electronic City,1,23,1,0,0.782,high
Indiranagar,1,23,1,0,0.629,medium
MG Road,2,0,1,0,0.433,medium
Whitefield,2,0,1,0,0.207,low
Koramangala,2,0,1,0,0.123,low
Electronic City,2,0,1,0,0.435,medium
Indiranagar,2,0,1,0,0.473,medium
MG Road,2,1,1,0,0.503,medium
Whitefield,2,1,1,0,0.445,medium
Koramangala,2,1,1,0,0.006,low
Electronic City,2,1,1,0,0.324,low
Indiranagar,2,1,1,0,0.21,low
MG Road,2,2,1,0,0.595,medium
Whitefield,2,2,1,0,0.44,medium
Koramangala,2,2,1,0,0.037,low
Electronic City,2,2,1,0,0.413,medium
Indiranagar,2,2,1,0,0.206,low
MG Road,2,3,1,0,0.355,medium
Whitefield,2,3,1,0,0.357,medium
Koramangala,2,3,1,0,0.118,low
Electronic City,2,3,1,0,0.451,medium
Indiranagar,2,3,1,0,0.188,low
MG Road,2,4,1,0,0.631,medium
Whitefield,2,4,1,0,0.26,low
Koramangala,2,4,1,0,0.143,low
Electronic City,2,4,1,0,0.334,low
Indiranagar,2,4,1,0,0.285,low
MG Road,2,5,1,0,0.823,high
Whitefield,2,5,1,0,0.626,medium
Koramangala,2,5,1,0,0.412,medium
Electronic City,2,5,1,0,0.79,high
Indiranagar,2,5,1,0,0.51,medium
MG Road,2,6,1,0,0.816,high
Whitefield,2,6,1,0,0.609,medium
Koramangala,2,6,1,0,0.419,medium
Electronic City,2,6,1,0,0.756,high
Indiranagar,2,6,1,0,0.498,medium
MG Road,2,7,1,0,0.695,high
Whitefield,2,7,1,0,0.423,medium
Koramangala,2,7,1,0,0.465,medium
Electronic City,2,7,1,0,0.816,high
Indiranagar,2,7,1,0,0.667,high
MG Road,2,8,1,1,1.0,high
Whitefield,2,8,1,1,0.679,high
Koramangala,2,8,1,1,0.568,medium
Electronic City,2,8,1,1,1.0,high
Indiranagar,2,8,1,1,0.861,high
MG Road,2,9,1,1,1.0,high
Whitefield,2,9,1,1,0.88,high
Koramangala,2,9,1,1,0.651,high
Electronic City,2,9,1,1,1.0,high
Indiranagar,2,9,1,1,0.799,high
MG Road,2,10,1,1,1.0,high
Whitefield,2,10,1,1,0.816,high
Koramangala,2,10,1,1,0.544,medium
Electronic City,2,10,1,1,0.938,high
Indiranagar,2,10,1,1,0.822,high
MG Road,2,11,1,0,0.88,high
Whitefield,2,11,1,0,0.597,medium
Koramangala,2,11,1,0,0.385,medium
Electronic City,2,11,1,0,0.65,high
Indiranagar,2,11,1,0,0.663,high
MG Road,2,12,1,0,0.748,high
Whitefield,2,12,1,0,0.592,medium
Koramangala,2,12,1,0,0.518,medium
Electronic City,2,12,1,0,0.791,high
Indiranagar,2,12,1,0,0.47,medium
MG Road,2,13,1,0,0.658,high
Whitefield,2,13,1,0,0.595,medium
Koramangala,2,13,1,0,0.303,low
Electronic City,2,13,1,0,0.802,high
Indiranagar,2,13,1,0,0.603,medium
MG Road,2,14,1,0,0.813,high
Whitefield,2,14,1,0,0.543,medium
Koramangala,2,14,1,0,0.539,medium
Electronic City,2,14,1,0,0.977,high
Indiranagar,2,14,1,0,0.578,medium
MG Road,2,15,1,0,0.828,high
Whitefield,2,15,1,0,0.608,medium
Koramangala,2,15,1,0,0.379,medium
Electronic City,2,15,1,0,0.683,high
Indiranagar,2,15,1,0,0.513,medium
MG Road,2,16,1,0,0.709,high
Whitefield,2,16,1,0,0.632,medium
Koramangala,2,16,1,0,0.358,medium
Electronic City,2,16,1,0,0.544,medium
Indiranagar,2,16,1,0,0.636,medium
MG Road,2,17,1,1,1.0,high
Whitefield,2,17,1,1,0.958,high
Koramangala,2,17,1,1,0.68,high
Electronic City,2,17,1,1,0.882,high
Indiranagar,2,17,1,1,0.672,high
MG Road,2,18,1,1,0.992,high
Whitefield,2,18,1,1,0.8,high
Koramangala,2,18,1,1,0.725,high
Electronic City,2,18,1,1,0.999,high
Indiranagar,2,18,1,1,0.941,high
MG Road,2,19,1,1,0.944,high
Whitefield,2,19,1,1,0.927,high
Koramangala,2,19,1,1,0.708,high
Electronic City,2,19,1,1,0.839,high
Indiranagar,2,19,1,1,0.956,high
MG Road,2,20,1,1,1.0,high
Whitefield,2,20,1,1,0.881,high
Koramangala,2,20,1,1,0.581,medium
Electronic City,2,20,1,1,1.0,high
Indiranagar,2,20,1,1,0.755,high
MG Road,2,21,1,0,0.867,high
Whitefield,2,21,1,0,0.666,high
Koramangala,2,21,1,0,0.322,low
Electronic City,2,21,1,0,0.909,high
Indiranagar,2,21,1,0,0.619,medium
MG Road,2,22,1,0,0.852,high
Whitefield,2,22,1,0,0.478,medium
Koramangala,2,22,1,0,0.569,medium
Electronic City,2,22,1,0,0.652,high
Indiranagar,2,22,1,0,0.682,high
MG Road,2,23,1,0,0.72,high
Whitefield,2,23,1,0,0.55,medium
Koramangala,2,23,1,0,0.463,medium
Electronic City,2,23,1,0,0.832,high
Indiranagar,2,23,1,0,0.498,medium
MG Road,3,0,1,0,0.587,medium
Whitefield,3,0,1,0,0.384,medium
Koramangala,3,0,1,0,0.025,low
Electronic City,3,0,1,0,0.578,medium
Indiranagar,3,0,1,0,0.183,low
MG Road,3,1,1,0,0.45,medium
Whitefield,3,1,1,0,0.338,low
Koramangala,3,1,1,0,0.032,low
Electronic City,3,1,1,0,0.471,medium
Indiranagar,3,1,1,0,0.319,low
MG Road,3,2,1,0,0.485,medium
Whitefield,3,2,1,0,0.367,medium
Koramangala,3,2,1,0,0.082,low
Electronic City,3,2,1,0,0.469,medium
Indiranagar,3,2,1,0,0.392,medium
MG Road,3,3,1,0,0.563,medium
Whitefield,3,3,1,0,0.363,medium
Koramangala,3,3,1,0,0.008,low
Electronic City,3,3,1,0,0.492,medium
Indiranagar,3,3,1,0,0.23,low
MG Road,3,4,1,0,0.397,medium
Whitefield,3,4,1,0,0.294,low
Koramangala,3,4,1,0,0.028,low
Electronic City,3,4,1,0,0.513,medium
Indiranagar,3,4,1,0,0.365,medium
MG Road,3,5,1,0,0.648,medium
Whitefield,3,5,1,0,0.534,medium
Koramangala,3,5,1,0,0.283,low
Electronic City,3,5,1,0,0.713,high
Indiranagar,3,5,1,0,0.636,medium
MG Road,3,6,1,0,0.781,high
Whitefield,3,6,1,0,0.553,medium
Koramangala,3,6,1,0,0.504,medium
Electronic City,3,6,1,0,0.566,medium
Indiranagar,3,6,1,0,0.699,high
MG Road,3,7,1,0,0.756,high
Whitefield,3,7,1,0,0.594,medium
Koramangala,3,7,1,0,0.358,medium
Electronic City,3,7,1,0,0.873,high
Indiranagar,3,7,1,0,0.502,medium
MG Road,3,8,1,1,1.0,high
Whitefield,3,8,1,1,0.892,high
Koramangala,3,8,1,1,0.521,medium
Electronic City,3,8,1,1,0.926,high
Indiranagar,3,8,1,1,0.838,high
MG Road,3,9,1,1,0.979,high
Whitefield,3,9,1,1,0.785,high
Koramangala,3,9,1,1,0.622,medium
Electronic City,3,9,1,1,1.0,high
Indiranagar,3,9,1,1,0.823,high
MG Road,3,10,1,1,1.0,high
Whitefield,3,10,1,1,0.77,high
Koramangala,3,10,1,1,0.55,medium
Electronic City,3,10,1,1,1.0,high
Indiranagar,3,10,1,1,0.797,high
MG Road,3,11,1,0,0.695,high
Whitefield,3,11,1,0,0.461,medium
Koramangala,3,11,1,0,0.486,medium
Electronic City,3,11,1,0,0.723,high
Indiranagar,3,11,1,0,0.58,medium
MG Road,3,12,1,0,0.787,high
Whitefield,3,12,1,0,0.681,high
Koramangala,3,12,1,0,0.386,medium
Electronic City,3,12,1,0,0.938,high
Indiranagar,3,12,1,0,0.611,medium
MG Road,3,13,1,0,0.885,high
Whitefield,3,13,1,0,0.664,high
Koramangala,3,13,1,0,0.397,medium
Electronic City,3,13,1,0,0.703,high
Indiranagar,3,13,1,0,0.627,medium
MG Road,3,14,1,0,0.841,high
Whitefield,3,14,1,0,0.554,medium
Koramangala,3,14,1,0,0.413,medium
Electronic City,3,14,1,0,0.849,high
Indiranagar,3,14,1,0,0.766,high
MG Road,3,15,1,0,0.868,high
Whitefield,3,15,1,0,0.749,high
Koramangala,3,15,1,0,0.35,low
Electronic City,3,15,1,0,0.806,high
Indiranagar,3,15,1,0,0.707,high
MG Road,3,16,1,0,0.728,high
Whitefield,3,16,1,0,0.561,medium
Koramangala,3,16,1,0,0.539,medium
Electronic City,3,16,1,0,0.672,high
Indiranagar,3,16,1,0,0.493,medium
MG Road,3,17,1,1,1.0,high
Whitefield,3,17,1,1,0.946,high
Koramangala,3,17,1,1,0.685,high
Electronic City,3,17,1,1,0.996,high
Indiranagar,3,17,1,1,0.815,high
MG Road,3,18,1,1,1.0,high
Whitefield,3,18,1,1,0.976,high
Koramangala,3,18,1,1,0.669,high
Electronic City,3,18,1,1,1.0,high
Indiranagar,3,18,1,1,0.778,high
MG Road,3,19,1,1,1.0,high
Whitefield,3,19,1,1,0.82,high
Koramangala,3,19,1,1,0.563,medium
Electronic City,3,19,1,1,0.988,high
Indiranagar,3,19,1,1,0.883,high
MG Road,3,20,1,1,1.0,high
Whitefield,3,20,1,1,1.0,high
Koramangala,3,20,1,1,0.687,high
Electronic City,3,20,1,1,1.0,high
Indiranagar,3,20,1,1,0.855,high
MG Road,3,21,1,0,0.934,high
Whitefield,3,21,1,0,0.792,high
Koramangala,3,21,1,0,0.442,medium
Electronic City,3,21,1,0,0.671,high
Indiranagar,3,21,1,0,0.556,medium
MG Road,3,22,1,0,0.823,high
Whitefield,3,22,1,0,0.637,medium
Koramangala,3,22,1,0,0.456,medium
Electronic City,3,22,1,0,0.787,high
Indiranagar,3,22,1,0,0.601,medium
MG Road,3,23,1,0,0.749,high
Whitefield,3,23,1,0,0.632,medium
Koramangala,3,23,1,0,0.548,medium
Electronic City,3,23,1,0,0.832,high
Indiranagar,3,23,1,0,0.643,medium
MG Road,4,0,1,0,0.582,medium
Whitefield,4,0,1,0,0.27,low
Koramangala,4,0,1,0,0.059,low
Electronic City,4,0,1,0,0.39,medium
Indiranagar,4,0,1,0,0.29,low
MG Road,4,1,1,0,0.466,medium
Whitefield,4,1,1,0,0.397,medium
Koramangala,4,1,1,0,0.062,low
Electronic City,4,1,1,0,0.386,medium
Indiranagar,4,1,1,0,0.455,medium
MG Road,4,2,1,0,0.464,medium
Whitefield,4,2,1,0,0.312,low
Koramangala,4,2,1,0,0.136,low
Electronic City,4,2,1,0,0.359,medium
Indiranagar,4,2,1,0,0.399,medium
MG Road,4,3,1,0,0.551,medium
Whitefield,4,3,1,0,0.425,medium
Koramangala,4,3,1,0,0.046,low
Electronic City,4,3,1,0,0.458,medium
Indiranagar,4,3,1,0,0.303,low
MG Road,4,4,1,0,0.521,medium
Whitefield,4,4,1,0,0.184,low
Koramangala,4,4,1,0,0.109,low
Electronic City,4,4,1,0,0.336,low
Indiranagar,4,4,1,0,0.329,low
MG Road,4,5,1,0,0.63,medium
Whitefield,4,5,1,0,0.452,medium
Koramangala,4,5,1,0,0.465,medium
Electronic City,4,5,1,0,0.706,high
Indiranagar,4,5,1,0,0.521,medium
MG Road,4,6,1,0,0.902,high
Whitefield,4,6,1,0,0.626,medium
Koramangala,4,6,1,0,0.47,medium
Electronic City,4,6,1,0,0.737,high
Indiranagar,4,6,1,0,0.814,high
MG Road,4,7,1,0,0.752,high
Whitefield,4,7,1,0,0.74,high
Koramangala,4,7,1,0,0.395,medium
Electronic City,4,7,1,0,0.618,medium
Indiranagar,4,7,1,0,0.639,medium
MG Road,4,8,1,1,1.0,high
Whitefield,4,8,1,1,0.766,high
Koramangala,4,8,1,1,0.576,medium
Electronic City,4,8,1,1,0.998,high
Indiranagar,4,8,1,1,0.878,high
MG Road,4,9,1,1,0.852,high
Whitefield,4,9,1,1,0.934,high
Koramangala,4,9,1,1,0.61,medium
Electronic City,4,9,1,1,0.893,high
Indiranagar,4,9,1,1,0.925,high
MG Road,4,10,1,1,1.0,high
Whitefield,4,10,1,1,0.947,high
Koramangala,4,10,1,1,0.685,high
Electronic City,4,10,1,1,1.0,high
Indiranagar,4,10,1,1,0.838,high
MG Road,4,11,1,0,0.839,high
Whitefield,4,11,1,0,0.567,medium
Koramangala,4,11,1,0,0.332,low
Electronic City,4,11,1,0,0.799,high
Indiranagar,4,11,1,0,0.588,medium
MG Road,4,12,1,0,0.803,high
Whitefield,4,12,1,0,0.687,high
Koramangala,4,12,1,0,0.391,medium
Electronic City,4,12,1,0,0.751,high
Indiranagar,4,12,1,0,0.552,medium
MG Road,4,13,1,0,0.834,high
Whitefield,4,13,1,0,0.628,medium
Koramangala,4,13,1,0,0.472,medium
Electronic City,4,13,1,0,0.704,high
Indiranagar,4,13,1,0,0.563,medium
MG Road,4,14,1,0,0.863,high
Whitefield,4,14,1,0,0.62,medium
Koramangala,4,14,1,0,0.328,low
Electronic City,4,14,1,0,0.855,high
Indiranagar,4,14,1,0,0.464,medium
MG Road,4,15,1,0,0.863,high
Whitefield,4,15,1,0,0.499,medium
Koramangala,4,15,1,0,0.551,medium
Electronic City,4,15,1,0,0.626,medium
Indiranagar,4,15,1,0,0.692,high
MG Road,4,16,1,0,0.793,high
Whitefield,4,16,1,0,0.571,medium
Koramangala,4,16,1,0,0.415,medium
Electronic City,4,16,1,0,0.801,high
Indiranagar,4,16,1,0,0.528,medium
MG Road,4,17,1,1,0.985,high
Whitefield,4,17,1,1,0.902,high
Koramangala,4,17,1,1,0.513,medium
Electronic City,4,17,1,1,0.953,high
Indiranagar,4,17,1,1,1.0,high
MG Road,4,18,1,1,0.973,high
Whitefield,4,18,1,1,0.942,high
Koramangala,4,18,1,1,0.603,medium
Electronic City,4,18,1,1,1.0,high
Indiranagar,4,18,1,1,0.902,high
MG Road,4,19,1,1,1.0,high
Whitefield,4,19,1,1,0.834,high
Koramangala,4,19,1,1,0.809,high
Electronic City,4,19,1,1,0.953,high
Indiranagar,4,19,1,1,0.869,high
MG Road,4,20,1,1,1.0,high
Whitefield,4,20,1,1,0.76,high
Koramangala,4,20,1,1,0.627,medium
Electronic City,4,20,1,1,1.0,high
Indiranagar,4,20,1,1,0.815,high
MG Road,4,21,1,0,0.995,high
Whitefield,4,21,1,0,0.533,medium
Koramangala,4,21,1,0,0.494,medium
Electronic City,4,21,1,0,0.819,high
Indiranagar,4,21,1,0,0.599,medium
MG Road,4,22,1,0,0.731,high
Whitefield,4,22,1,0,0.539,medium
Koramangala,4,22,1,0,0.359,medium
Electronic City,4,22,1,0,0.607,medium
Indiranagar,4,22,1,0,0.52,medium
MG Road,4,23,1,0,0.681,high
Whitefield,4,23,1,0,0.708,high
Koramangala,4,23,1,0,0.449,medium
Electronic City,4,23,1,0,0.813,high
Indiranagar,4,23,1,0,0.647,medium
MG Road,5,0,0,0,0.263,low
Whitefield,5,0,0,0,0.167,low
Koramangala,5,0,0,0,0.0,low
Electronic City,5,0,0,0,0.209,low
Indiranagar,5,0,0,0,0.11,low
MG Road,5,1,0,0,0.144,low
Whitefield,5,1,0,0,0.298,low
Koramangala,5,1,0,0,0.0,low
Electronic City,5,1,0,0,0.211,low
Indiranagar,5,1,0,0,0.151,low
MG Road,5,2,0,0,0.323,low
Whitefield,5,2,0,0,0.053,low
Koramangala,5,2,0,0,0.0,low
Electronic City,5,2,0,0,0.08,low
Indiranagar,5,2,0,0,0.005,low
MG Road,5,3,0,0,0.291,low
Whitefield,5,3,0,0,0.086,low
Koramangala,5,3,0,0,0.0,low
Electronic City,5,3,0,0,0.19,low
Indiranagar,5,3,0,0,0.0,low
MG Road,5,4,0,0,0.335,low
Whitefield,5,4,0,0,0.165,low
Koramangala,5,4,0,0,0.0,low
Electronic City,5,4,0,0,0.187,low
Indiranagar,5,4,0,0,0.134,low
MG Road,5,5,0,0,0.824,high
Whitefield,5,5,0,0,0.359,medium
Koramangala,5,5,0,0,0.045,low
Electronic City,5,5,0,0,0.453,medium
Indiranagar,5,5,0,0,0.4,medium
MG Road,5,6,0,0,0.422,medium
Whitefield,5,6,0,0,0.364,medium
Koramangala,5,6,0,0,0.18,low
Electronic City,5,6,0,0,0.623,medium
Indiranagar,5,6,0,0,0.455,medium
MG Road,5,7,0,0,0.619,medium
Whitefield,5,7,0,0,0.177,low
Koramangala,5,7,0,0,0.224,low
Electronic City,5,7,0,0,0.556,medium
Indiranagar,5,7,0,0,0.37,medium
MG Road,5,8,0,1,0.412,medium
Whitefield,5,8,0,1,0.288,low
Koramangala,5,8,0,1,0.057,low
Electronic City,5,8,0,1,0.339,low
Indiranagar,5,8,0,1,0.35,low
MG Road,5,9,0,1,0.486,medium
Whitefield,5,9,0,1,0.56,medium
Koramangala,5,9,0,1,0.136,low
Electronic City,5,9,0,1,0.604,medium
Indiranagar,5,9,0,1,0.224,low
MG Road,5,10,0,1,0.508,medium
Whitefield,5,10,0,1,0.358,medium
Koramangala,5,10,0,1,0.077,low
Electronic City,5,10,0,1,0.466,medium
Indiranagar,5,10,0,1,0.333,low
MG Road,5,11,0,0,0.531,medium
Whitefield,5,11,0,0,0.498,medium
Koramangala,5,11,0,0,0.18,low
Electronic City,5,11,0,0,0.538,medium
Indiranagar,5,11,0,0,0.393,medium
MG Road,5,12,0,0,0.599,medium
Whitefield,5,12,0,0,0.343,low
Koramangala,5,12,0,0,0.124,low
Electronic City,5,12,0,0,0.513,medium
Indiranagar,5,12,0,0,0.443,medium
MG Road,5,13,0,0,0.64,medium
Whitefield,5,13,0,0,0.331,low
Koramangala,5,13,0,0,0.211,low
Electronic City,5,13,0,0,0.484,medium
Indiranagar,5,13,0,0,0.353,medium
MG Road,5,14,0,0,0.512,medium
Whitefield,5,14,0,0,0.335,low
Koramangala,5,14,0,0,0.257,low
Electronic City,5,14,0,0,0.507,medium
Indiranagar,5,14,0,0,0.361,medium
MG Road,5,15,0,0,0.434,medium
Whitefield,5,15,0,0,0.325,low
Koramangala,5,15,0,0,0.131,low
Electronic City,5,15,0,0,0.434,medium
Indiranagar,5,15,0,0,0.352,medium
MG Road,5,16,0,0,0.516,medium
Whitefield,5,16,0,0,0.356,medium
Koramangala,5,16,0,0,0.16,low
Electronic City,5,16,0,0,0.424,medium
Indiranagar,5,16,0,0,0.318,low
MG Road,5,17,0,1,0.556,medium
Whitefield,5,17,0,1,0.445,medium
Koramangala,5,17,0,1,0.171,low
Electronic City,5,17,0,1,0.447,medium
Indiranagar,5,17,0,1,0.382,medium
MG Road,5,18,0,1,0.687,high
Whitefield,5,18,0,1,0.423,medium
Koramangala,5,18,0,1,0.194,low
Electronic City,5,18,0,1,0.558,medium
Indiranagar,5,18,0,1,0.465,medium
MG Road,5,19,0,1,0.636,medium
Whitefield,5,19,0,1,0.395,medium
Koramangala,5,19,0,1,0.235,low
Electronic City,5,19,0,1,0.413,medium
Indiranagar,5,19,0,1,0.23,low
MG Road,5,20,0,1,0.563,medium
Whitefield,5,20,0,1,0.355,medium
Koramangala,5,20,0,1,0.106,low
Electronic City,5,20,0,1,0.566,medium
Indiranagar,5,20,0,1,0.201,low
MG Road,5,21,0,0,0.507,medium
Whitefield,5,21,0,0,0.311,low
Koramangala,5,21,0,0,0.019,low
Electronic City,5,21,0,0,0.62,medium
Indiranagar,5,21,0,0,0.241,low
MG Road,5,22,0,0,0.503,medium
Whitefield,5,22,0,0,0.423,medium
Koramangala,5,22,0,0,0.202,low
Electronic City,5,22,0,0,0.411,medium
Indiranagar,5,22,0,0,0.405,medium
MG Road,5,23,0,0,0.573,medium
Whitefield,5,23,0,0,0.537,medium
Koramangala,5,23,0,0,0.182,low
Electronic City,5,23,0,0,0.489,medium
Indiranagar,5,23,0,0,0.281,low
MG Road,6,0,0,0,0.19,low
Whitefield,6,0,0,0,0.0,low
Koramangala,6,0,0,0,0.0,low
Electronic City,6,0,0,0,0.201,low
Indiranagar,6,0,0,0,0.095,low
MG Road,6,1,0,0,0.371,medium
Whitefield,6,1,0,0,0.0,low
Koramangala,6,1,0,0,0.0,low
Electronic City,6,1,0,0,0.204,low
Indiranagar,6,1,0,0,0.085,low
MG Road,6,2,0,0,0.184,low
Whitefield,6,2,0,0,0.0,low
Koramangala,6,2,0,0,0.0,low
Electronic City,6,2,0,0,0.391,medium
Indiranagar,6,2,0,0,0.13,low
MG Road,6,3,0,0,0.351,medium
Whitefield,6,3,0,0,0.035,low
Koramangala,6,3,0,0,0.0,low
Electronic City,6,3,0,0,0.138,low
Indiranagar,6,3,0,0,0.011,low
MG Road,6,4,0,0,0.086,low
Whitefield,6,4,0,0,0.0,low
Koramangala,6,4,0,0,0.0,low
Electronic City,6,4,0,0,0.186,low
Indiranagar,6,4,0,0,0.061,low
MG Road,6,5,0,0,0.579,medium
Whitefield,6,5,0,0,0.349,low
Koramangala,6,5,0,0,0.103,low
Electronic City,6,5,0,0,0.343,low
Indiranagar,6,5,0,0,0.304,low
MG Road,6,6,0,0,0.472,medium
Whitefield,6,6,0,0,0.387,medium
Koramangala,6,6,0,0,0.223,low
Electronic City,6,6,0,0,0.575,medium
Indiranagar,6,6,0,0,0.411,medium
MG Road,6,7,0,0,0.539,medium
Whitefield,6,7,0,0,0.308,low
Koramangala,6,7,0,0,0.09,low
Electronic City,6,7,0,0,0.379,medium
Indiranagar,6,7,0,0,0.429,medium
MG Road,6,8,0,1,0.536,medium
Whitefield,6,8,0,1,0.25,low
Koramangala,6,8,0,1,0.084,low
Electronic City,6,8,0,1,0.431,medium
Indiranagar,6,8,0,1,0.353,medium
MG Road,6,9,0,1,0.635,medium
Whitefield,6,9,0,1,0.322,low
Koramangala,6,9,0,1,0.0,low
Electronic City,6,9,0,1,0.485,medium
Indiranagar,6,9,0,1,0.338,low
MG Road,6,10,0,1,0.532,medium
Whitefield,6,10,0,1,0.3,low
Koramangala,6,10,0,1,0.167,low
Electronic City,6,10,0,1,0.505,medium
Indiranagar,6,10,0,1,0.348,low
MG Road,6,11,0,0,0.583,medium
Whitefield,6,11,0,0,0.316,low
Koramangala,6,11,0,0,0.111,low
Electronic City,6,11,0,0,0.61,medium
Indiranagar,6,11,0,0,0.395,medium
MG Road,6,12,0,0,0.616,medium
Whitefield,6,12,0,0,0.448,medium
Koramangala,6,12,0,0,0.192,low
Electronic City,6,12,0,0,0.574,medium
Indiranagar,6,12,0,0,0.224,low
MG Road,6,13,0,0,0.566,medium
Whitefield,6,13,0,0,0.335,low
Koramangala,6,13,0,0,0.284,low
Electronic City,6,13,0,0,0.574,medium
Indiranagar,6,13,0,0,0.3,low
MG Road,6,14,0,0,0.58,medium
Whitefield,6,14,0,0,0.363,medium
Koramangala,6,14,0,0,0.186,low
Electronic City,6,14,0,0,0.418,medium
Indiranagar,6,14,0,0,0.379,medium
MG Road,6,15,0,0,0.532,medium
Whitefield,6,15,0,0,0.373,medium
Koramangala,6,15,0,0,0.092,low
Electronic City,6,15,0,0,0.453,medium
Indiranagar,6,15,0,0,0.444,medium
MG Road,6,16,0,0,0.466,medium
Whitefield,6,16,0,0,0.272,low
Koramangala,6,16,0,0,0.146,low
Electronic City,6,16,0,0,0.438,medium
Indiranagar,6,16,0,0,0.279,low
MG Road,6,17,0,1,0.558,medium
Whitefield,6,17,0,1,0.23,low
Koramangala,6,17,0,1,0.069,low
Electronic City,6,17,0,1,0.664,high
Indiranagar,6,17,0,1,0.387,medium
MG Road,6,18,0,1,0.49,medium
Whitefield,6,18,0,1,0.383,medium
Koramangala,6,18,0,1,0.195,low
Electronic City,6,18,0,1,0.58,medium
Indiranagar,6,18,0,1,0.34,low
MG Road,6,19,0,1,0.628,medium
Whitefield,6,19,0,1,0.187,low
Koramangala,6,19,0,1,0.065,low
Electronic City,6,19,0,1,0.513,medium
Indiranagar,6,19,0,1,0.376,medium
MG Road,6,20,0,1,0.477,medium
Whitefield,6,20,0,1,0.371,medium
Koramangala,6,20,0,1,0.1,low
Electronic City,6,20,0,1,0.478,medium
Indiranagar,6,20,0,1,0.432,medium
MG Road,6,21,0,0,0.623,medium
Whitefield,6,21,0,0,0.27,low
Koramangala,6,21,0,0,0.065,low
Electronic City,6,21,0,0,0.467,medium
Indiranagar,6,21,0,0,0.348,low
MG Road,6,22,0,0,0.497,medium
Whitefield,6,22,0,0,0.433,medium
Koramangala,6,22,0,0,0.178,low
Electronic City,6,22,0,0,0.532,medium
Indiranagar,6,22,0,0,0.249,low
MG Road,6,23,0,0,0.643,medium
Whitefield,6,23,0,0,0.124,low
Koramangala,6,23,0,0,0.217,low
Electronic City,6,23,0,0,0.575,medium
Indiranagar,6,23,0,0,0.315,low
MG Road,0,0,1,0,0.602,medium
Whitefield,0,0,1,0,0.295,low
Koramangala,0,0,1,0,0.105,low
Electronic City,0,0,1,0,0.477,medium
Indiranagar,0,0,1,0,0.555,medium
MG Road,0,1,1,0,0.608,medium
Whitefield,0,1,1,0,0.356,medium
Koramangala,0,1,1,0,0.027,low
Electronic City,0,1,1,0,0.461,medium
Indiranagar,0,1,1,0,0.235,low
MG Road,0,2,1,0,0.566,medium
Whitefield,0,2,1,0,0.311,low
Koramangala,0,2,1,0,0.01,low
Electronic City,0,2,1,0,0.456,medium
Indiranagar,0,2,1,0,0.232,low
MG Road,0,3,1,0,0.512,medium
Whitefield,0,3,1,0,0.231,low
Koramangala,0,3,1,0,0.102,low
Electronic City,0,3,1,0,0.51,medium
Indiranagar,0,3,1,0,0.296,low
MG Road,0,4,1,0,0.469,medium
Whitefield,0,4,1,0,0.316,low
Koramangala,0,4,1,0,0.156,low
Electronic City,0,4,1,0,0.361,medium
Indiranagar,0,4,1,0,0.321,low
MG Road,0,5,1,0,0.905,high
Whitefield,0,5,1,0,0.646,medium
Koramangala,0,5,1,0,0.405,medium
Electronic City,0,5,1,0,0.801,high
Indiranagar,0,5,1,0,0.636,medium
MG Road,0,6,1,0,0.86,high
Whitefield,0,6,1,0,0.438,medium
Koramangala,0,6,1,0,0.276,low
Electronic City,0,6,1,0,0.83,high
Indiranagar,0,6,1,0,0.48,medium
MG Road,0,7,1,0,0.832,high
Whitefield,0,7,1,0,0.572,medium
Koramangala,0,7,1,0,0.32,low
Electronic City,0,7,1,0,0.778,high
Indiranagar,0,7,1,0,0.616,medium
MG Road,0,8,1,1,1.0,high
Whitefield,0,8,1,1,0.8,high
Koramangala,0,8,1,1,0.765,high
Electronic City,0,8,1,1,1.0,high
Indiranagar,0,8,1,1,0.797,high
MG Road,0,9,1,1,1.0,high
Whitefield,0,9,1,1,0.895,high
Koramangala,0,9,1,1,0.653,high
Electronic City,0,9,1,1,1.0,high
Indiranagar,0,9,1,1,0.802,high
MG Road,0,10,1,1,0.984,high
Whitefield,0,10,1,1,0.911,high
Koramangala,0,10,1,1,0.632,medium
Electronic City,0,10,1,1,0.994,high
Indiranagar,0,10,1,1,0.872,high
MG Road,0,11,1,0,0.821,high
Whitefield,0,11,1,0,0.486,medium
Koramangala,0,11,1,0,0.503,medium
Electronic City,0,11,1,0,0.76,high
Indiranagar,0,11,1,0,0.584,medium
MG Road,0,12,1,0,0.834,high
Whitefield,0,12,1,0,0.619,medium
Koramangala,0,12,1,0,0.461,medium
Electronic City,0,12,1,0,0.793,high
Indiranagar,0,12,1,0,0.657,high
MG Road,0,13,1,0,0.908,high
Whitefield,0,13,1,0,0.671,high
Koramangala,0,13,1,0,0.387,medium
Electronic City,0,13,1,0,0.66,high
Indiranagar,0,13,1,0,0.733,high
MG Road,0,14,1,0,0.781,high
Whitefield,0,14,1,0,0.562,medium
Koramangala,0,14,1,0,0.261,low
Electronic City,0,14,1,0,0.777,high
Indiranagar,0,14,1,0,0.612,medium
MG Road,0,15,1,0,0.679,high
Whitefield,0,15,1,0,0.636,medium
Koramangala,0,15,1,0,0.36,medium
Electronic City,0,15,1,0,0.965,high
Indiranagar,0,15,1,0,0.554,medium
MG Road,0,16,1,0,0.765,high
Whitefield,0,16,1,0,0.53,medium
Koramangala,0,16,1,0,0.502,medium
Electronic City,0,16,1,0,0.72,high
Indiranagar,0,16,1,0,0.542,medium
MG Road,0,17,1,1,1.0,high
Whitefield,0,17,1,1,0.74,high
Koramangala,0,17,1,1,0.7,high
Electronic City,0,17,1,1,1.0,high
Indiranagar,0,17,1,1,0.895,high
MG Road,0,18,1,1,1.0,high
Whitefield,0,18,1,1,0.92,high
Koramangala,0,18,1,1,0.787,high
Electronic City,0,18,1,1,1.0,high
Indiranagar,0,18,1,1,0.885,high
MG Road,0,19,1,1,1.0,high
Whitefield,0,19,1,1,0.779,high
Koramangala,0,19,1,1,0.712,high
Electronic City,0,19,1,1,0.92,high
Indiranagar,0,19,1,1,0.821,high
MG Road,0,20,1,1,0.803,high
Whitefield,0,20,1,1,0.882,high
Koramangala,0,20,1,1,0.598,medium
Electronic City,0,20,1,1,1.0,high
Indiranagar,0,20,1,1,0.881,high
MG Road,0,21,1,0,0.89,high
Whitefield,0,21,1,0,0.513,medium
Koramangala,0,21,1,0,0.483,medium
Electronic City,0,21,1,0,0.918,high
Indiranagar,0,21,1,0,0.661,high
MG Road,0,22,1,0,0.863,high
Whitefield,0,22,1,0,0.614,medium
Koramangala,0,22,1,0,0.358,medium
Electronic City,0,22,1,0,0.811,high
Indiranagar,0,22,1,0,0.48,medium
MG Road,0,23,1,0,0.767,high
Whitefield,0,23,1,0,0.458,medium
Koramangala,0,23,1,0,0.344,low
Electronic City,0,23,1,0,0.801,high
Indiranagar,0,23,1,0,0.64,medium
MG Road,1,0,1,0,0.504,medium
Whitefield,1,0,1,0,0.314,low
Koramangala,1,0,1,0,0.0,low
Electronic City,1,0,1,0,0.42,medium
Indiranagar,1,0,1,0,0.245,low
MG Road,1,1,1,0,0.447,medium
Whitefield,1,1,1,0,0.348,low
Koramangala,1,1,1,0,0.031,low
Electronic City,1,1,1,0,0.402,medium
Indiranagar,1,1,1,0,0.133,low
MG Road,1,2,1,0,0.476,medium
Whitefield,1,2,1,0,0.213,low
Koramangala,1,2,1,0,0.106,low
Electronic City,1,2,1,0,0.374,medium
Indiranagar,1,2,1,0,0.308,low
MG Road,1,3,1,0,0.488,medium
Whitefield,1,3,1,0,0.434,medium
Koramangala,1,3,1,0,0.14,low
Electronic City,1,3,1,0,0.303,low
Indiranagar,1,3,1,0,0.199,low
MG Road,1,4,1,0,0.504,medium
Whitefield,1,4,1,0,0.226,low
Koramangala,1,4,1,0,0.0,low
Electronic City,1,4,1,0,0.558,medium
Indiranagar,1,4,1,0,0.358,medium
MG Road,1,5,1,0,0.842,high
Whitefield,1,5,1,0,0.551,medium
Koramangala,1,5,1,0,0.434,medium
Electronic City,1,5,1,0,0.694,high
Indiranagar,1,5,1,0,0.616,medium
MG Road,1,6,1,0,0.726,high
Whitefield,1,6,1,0,0.721,high
Koramangala,1,6,1,0,0.274,low
Electronic City,1,6,1,0,0.849,high
Indiranagar,1,6,1,0,0.603,medium
MG Road,1,7,1,0,0.761,high
Whitefield,1,7,1,0,0.613,medium
Koramangala,1,7,1,0,0.459,medium
Electronic City,1,7,1,0,0.859,high
Indiranagar,1,7,1,0,0.625,medium
MG Road,1,8,1,1,0.979,high
Whitefield,1,8,1,1,0.854,high
Koramangala,1,8,1,1,0.795,high
Electronic City,1,8,1,1,1.0,high
Indiranagar,1,8,1,1,0.923,high
MG Road,1,9,1,1,1.0,high
Whitefield,1,9,1,1,0.906,high
Koramangala,1,9,1,1,0.743,high
Electronic City,1,9,1,1,0.963,high
Indiranagar,1,9,1,1,0.742,high
MG Road,1,10,1,1,1.0,high
Whitefield,1,10,1,1,0.785,high
Koramangala,1,10,1,1,0.566,medium
Electronic City,1,10,1,1,0.942,high
Indiranagar,1,10,1,1,1.0,high
MG Road,1,11,1,0,0.811,high
Whitefield,1,11,1,0,0.629,medium
Koramangala,1,11,1,0,0.302,low
Electronic City,1,11,1,0,0.602,medium
Indiranagar,1,11,1,0,0.534,medium
MG Road,1,12,1,0,0.915,high
Whitefield,1,12,1,0,0.627,medium
Koramangala,1,12,1,0,0.448,medium
Electronic City,1,12,1,0,0.809,high
Indiranagar,1,12,1,0,0.553,medium
MG Road,1,13,1,0,0.911,high
Whitefield,1,13,1,0,0.549,medium
Koramangala,1,13,1,0,0.512,medium
Electronic City,1,13,1,0,0.785,high
Indiranagar,1,13,1,0,0.457,medium
MG Road,1,14,1,0,0.74,high
Whitefield,1,14,1,0,0.457,medium
Koramangala,1,14,1,0,0.493,medium
Electronic City,1,14,1,0,0.748,high
Indiranagar,1,14,1,0,0.422,medium
MG Road,1,15,1,0,0.83,high
Whitefield,1,15,1,0,0.557,medium
Koramangala,1,15,1,0,0.281,low
Electronic City,1,15,1,0,0.884,high
Indiranagar,1,15,1,0,0.609,medium
MG Road,1,16,1,0,0.777,high
Whitefield,1,16,1,0,0.568,medium
Koramangala,1,16,1,0,0.279,low
Electronic City,1,16,1,0,0.646,medium
Indiranagar,1,16,1,0,0.703,high
MG Road,1,17,1,1,1.0,high
Whitefield,1,17,1,1,0.852,high
Koramangala,1,17,1,1,0.486,medium
Electronic City,1,17,1,1,0.895,high
Indiranagar,1,17,1,1,0.899,high
MG Road,1,18,1,1,1.0,high
Whitefield,1,18,1,1,0.99,high
Koramangala,1,18,1,1,0.757,high
Electronic City,1,18,1,1,0.982,high
Indiranagar,1,18,1,1,0.888,high
MG Road,1,19,1,1,1.0,high
Whitefield,1,19,1,1,1.0,high
Koramangala,1,19,1,1,0.742,high
Electronic City,1,19,1,1,1.0,high
Indiranagar,1,19,1,1,0.866,high
MG Road,1,20,1,1,1.0,high
Whitefield,1,20,1,1,0.896,high
Koramangala,1,20,1,1,0.775,high
Electronic City,1,20,1,1,0.825,high
Indiranagar,1,20,1,1,0.887,high
MG Road,1,21,1,0,0.759,high
Whitefield,1,21,1,0,0.741,high
Koramangala,1,21,1,0,0.524,medium
Electronic City,1,21,1,0,0.753,high
Indiranagar,1,21,1,0,0.723,high
MG Road,1,22,1,0,0.943,high
Whitefield,1,22,1,0,0.606,medium
Koramangala,1,22,1,0,0.598,medium
Electronic City,1,22,1,0,0.747,high
Indiranagar,1,22,1,0,0.583,medium
MG Road,1,23,1,0,0.869,high
Whitefield,1,23,1,0,0.572,medium
Koramangala,1,23,1,0,0.407,medium
Electronic City,1,23,1,0,0.863,high
Indiranagar,1,23,1,0,0.602,medium
MG Road,2,0,1,0,0.364,medium
Whitefield,2,0,1,0,0.329,low
Koramangala,2,0,1,0,0.044,low
Electronic City,2,0,1,0,0.519,medium
Indiranagar,2,0,1,0,0.356,medium
MG Road,2,1,1,0,0.618,medium
Whitefield,2,1,1,0,0.373,medium
Koramangala,2,1,1,0,0.187,low
Electronic City,2,1,1,0,0.396,medium
Indiranagar,2,1,1,0,0.364,medium
MG Road,2,2,1,0,0.657,high
Whitefield,2,2,1,0,0.245,low
Koramangala,2,2,1,0,0.244,low
Electronic City,2,2,1,0,0.406,medium
Indiranagar,2,2,1,0,0.232,low
MG Road,2,3,1,0,0.524,medium
Whitefield,2,3,1,0,0.357,medium
Koramangala,2,3,1,0,0.173,low
Electronic City,2,3,1,0,0.373,medium
Indiranagar,2,3,1,0,0.335,low
MG Road,2,4,1,0,0.445,medium
Whitefield,2,4,1,0,0.181,low
Koramangala,2,4,1,0,0.026,low
Electronic City,2,4,1,0,0.39,medium
Indiranagar,2,4,1,0,0.342,low
MG Road,2,5,1,0,0.892,high
Whitefield,2,5,1,0,0.482,medium
Koramangala,2,5,1,0,0.428,medium
Electronic City,2,5,1,0,0.656,high
Indiranagar,2,5,1,0,0.65,high
MG Road,2,6,1,0,0.75,high
Whitefield,2,6,1,0,0.516,medium
Koramangala,2,6,1,0,0.464,medium
Electronic City,2,6,1,0,0.703,high
Indiranagar,2,6,1,0,0.575,medium
MG Road,2,7,1,0,0.622,medium
Whitefield,2,7,1,0,0.676,high
Koramangala,2,7,1,0,0.466,medium
Electronic City,2,7,1,0,0.75,high
Indiranagar,2,7,1,0,0.478,medium
MG Road,2,8,1,1,1.0,high
Whitefield,2,8,1,1,0.797,high
Koramangala,2,8,1,1,0.614,medium
Electronic City,2,8,1,1,1.0,high
Indiranagar,2,8,1,1,0.794,high
MG Road,2,9,1,1,1.0,high
Whitefield,2,9,1,1,0.895,high
Koramangala,2,9,1,1,0.681,high
Electronic City,2,9,1,1,1.0,high
Indiranagar,2,9,1,1,0.88,high
MG Road,2,10,1,1,1.0,high
Whitefield,2,10,1,1,0.846,high
Koramangala,2,10,1,1,0.771,high
Electronic City,2,10,1,1,0.895,high
Indiranagar,2,10,1,1,0.932,high
MG Road,2,11,1,0,0.866,high
Whitefield,2,11,1,0,0.656,high
Koramangala,2,11,1,0,0.489,medium
Electronic City,2,11,1,0,0.743,high
Indiranagar,2,11,1,0,0.45,medium
MG Road,2,12,1,0,0.794,high
Whitefield,2,12,1,0,0.521,medium
Koramangala,2,12,1,0,0.341,low
Electronic City,2,12,1,0,0.651,high
Indiranagar,2,12,1,0,0.562,medium
MG Road,2,13,1,0,0.752,high
Whitefield,2,13,1,0,0.41,medium
Koramangala,2,13,1,0,0.456,medium
Electronic City,2,13,1,0,0.928,high
Indiranagar,2,13,1,0,0.648,medium
MG Road,2,14,1,0,0.784,high
Whitefield,2,14,1,0,0.596,medium
Koramangala,2,14,1,0,0.366,medium
Electronic City,2,14,1,0,0.757,high
Indiranagar,2,14,1,0,0.597,medium
MG Road,2,15,1,0,0.733,high
Whitefield,2,15,1,0,0.735,high
Koramangala,2,15,1,0,0.281,low
Electronic City,2,15,1,0,0.807,high
Indiranagar,2,15,1,0,0.592,medium
MG Road,2,16,1,0,0.952,high
Whitefield,2,16,1,0,0.627,medium
Koramangala,2,16,1,0,0.371,medium
Electronic City,2,16,1,0,0.73,high
Indiranagar,2,16,1,0,0.603,medium
MG Road,2,17,1,1,0.959,high
Whitefield,2,17,1,1,0.789,high
Koramangala,2,17,1,1,0.507,medium
Electronic City,2,17,1,1,0.926,high
Indiranagar,2,17,1,1,0.858,high
MG Road,2,18,1,1,1.0,high
Whitefield,2,18,1,1,0.692,high
Koramangala,2,18,1,1,0.639,medium
Electronic City,2,18,1,1,1.0,high
Indiranagar,2,18,1,1,0.837,high
MG Road,2,19,1,1,0.999,high
Whitefield,2,19,1,1,0.817,high
Koramangala,2,19,1,1,0.607,medium
Electronic City,2,19,1,1,0.949,high
Indiranagar,2,19,1,1,0.864,high
MG Road,2,20,1,1,1.0,high
Whitefield,2,20,1,1,0.791,high
Koramangala,2,20,1,1,0.625,medium
Electronic City,2,20,1,1,0.996,high
Indiranagar,2,20,1,1,0.795,high
MG Road,2,21,1,0,0.888,high
Whitefield,2,21,1,0,0.41,medium
Koramangala,2,21,1,0,0.358,medium
Electronic City,2,21,1,0,0.815,high
Indiranagar,2,21,1,0,0.576,medium
MG Road,2,22,1,0,0.734,high
Whitefield,2,22,1,0,0.635,medium
Koramangala,2,22,1,0,0.473,medium
Electronic City,2,22,1,0,0.767,high
Indiranagar,2,22,1,0,0.536,medium
MG Road,2,23,1,0,0.836,high
Whitefield,2,23,1,0,0.568,medium
Koramangala,2,23,1,0,0.46,medium
Electronic City,2,23,1,0,0.869,high
Indiranagar,2,23,1,0,0.392,medium
MG Road,3,0,1,0,0.509,medium
Whitefield,3,0,1,0,0.161,low
Koramangala,3,0,1,0,0.295,low
Electronic City,3,0,1,0,0.413,medium
Indiranagar,3,0,1,0,0.36,medium
MG Road,3,1,1,0,0.497,medium
Whitefield,3,1,1,0,0.236,low
Koramangala,3,1,1,0,0.026,low
Electronic City,3,1,1,0,0.577,medium
Indiranagar,3,1,1,0,0.376,medium
MG Road,3,2,1,0,0.655,high
Whitefield,3,2,1,0,0.304,low
Koramangala,3,2,1,0,0.123,low
Electronic City,3,2,1,0,0.429,medium
Indiranagar,3,2,1,0,0.277,low
MG Road,3,3,1,0,0.417,medium
Whitefield,3,3,1,0,0.307,low
Koramangala,3,3,1,0,0.037,low
Electronic City,3,3,1,0,0.485,medium
Indiranagar,3,3,1,0,0.314,low
MG Road,3,4,1,0,0.523,medium
Whitefield,3,4,1,0,0.434,medium
Koramangala,3,4,1,0,0.097,low
Electronic City,3,4,1,0,0.511,medium
Indiranagar,3,4,1,0,0.464,medium
MG Road,3,5,1,0,0.905,high
Whitefield,3,5,1,0,0.692,high
Koramangala,3,5,1,0,0.375,medium
Electronic City,3,5,1,0,0.768,high
Indiranagar,3,5,1,0,0.495,medium
MG Road,3,6,1,0,0.84,high
Whitefield,3,6,1,0,0.622,medium
Koramangala,3,6,1,0,0.402,medium
Electronic City,3,6,1,0,0.832,high
Indiranagar,3,6,1,0,0.503,medium
MG Road,3,7,1,0,0.931,high
Whitefield,3,7,1,0,0.672,high
Koramangala,3,7,1,0,0.394,medium
Electronic City,3,7,1,0,0.738,high
Indiranagar,3,7,1,0,0.638,medium
MG Road,3,8,1,1,1.0,high
Whitefield,3,8,1,1,0.858,high
Koramangala,3,8,1,1,0.662,high
Electronic City,3,8,1,1,1.0,high
Indiranagar,3,8,1,1,0.993,high
MG Road,3,9,1,1,1.0,high
Whitefield,3,9,1,1,0.848,high
Koramangala,3,9,1,1,0.767,high
Electronic City,3,9,1,1,1.0,high
Indiranagar,3,9,1,1,0.941,high
MG Road,3,10,1,1,0.977,high
Whitefield,3,10,1,1,0.834,high
Koramangala,3,10,1,1,0.769,high
Electronic City,3,10,1,1,0.946,high
Indiranagar,3,10,1,1,0.838,high
MG Road,3,11,1,0,0.821,high
Whitefield,3,11,1,0,0.521,medium
Koramangala,3,11,1,0,0.367,medium
Electronic City,3,11,1,0,0.759,high
Indiranagar,3,11,1,0,0.604,medium
MG Road,3,12,1,0,0.902,high
Whitefield,3,12,1,0,0.723,high
Koramangala,3,12,1,0,0.332,low
Electronic City,3,12,1,0,0.759,high
Indiranagar,3,12,1,0,0.654,high
MG Road,3,13,1,0,0.921,high
Whitefield,3,13,1,0,0.657,high
Koramangala,3,13,1,0,0.423,medium
Electronic City,3,13,1,0,0.803,high
Indiranagar,3,13,1,0,0.654,high
MG Road,3,14,1,0,0.726,high
Whitefield,3,14,1,0,0.615,medium
Koramangala,3,14,1,0,0.517,medium
Electronic City,3,14,1,0,0.733,high
Indiranagar,3,14,1,0,0.61,medium
MG Road,3,15,1,0,0.781,high
Whitefield,3,15,1,0,0.415,medium
Koramangala,3,15,1,0,0.402,medium
Electronic City,3,15,1,0,0.774,high
Indiranagar,3,15,1,0,0.559,medium
MG Road,3,16,1,0,0.708,high
Whitefield,3,16,1,0,0.53,medium
Koramangala,3,16,1,0,0.461,medium
Electronic City,3,16,1,0,0.908,high
Indiranagar,3,16,1,0,0.711,high
MG Road,3,17,1,1,0.942,high
Whitefield,3,17,1,1,0.918,high
Koramangala,3,17,1,1,0.597,medium
Electronic City,3,17,1,1,0.953,high
Indiranagar,3,17,1,1,0.813,high
MG Road,3,18,1,1,1.0,high
Whitefield,3,18,1,1,0.927,high
Koramangala,3,18,1,1,0.642,medium
Electronic City,3,18,1,1,0.994,high
Indiranagar,3,18,1,1,0.887,high
MG Road,3,19,1,1,1.0,high
Whitefield,3,19,1,1,0.944,high
Koramangala,3,19,1,1,0.547,medium
Electronic City,3,19,1,1,1.0,high
Indiranagar,3,19,1,1,0.765,high
MG Road,3,20,1,1,1.0,high
Whitefield,3,20,1,1,0.832,high
Koramangala,3,20,1,1,0.646,medium
Electronic City,3,20,1,1,0.936,high
Indiranagar,3,20,1,1,0.731,high
MG Road,3,21,1,0,0.632,medium
Whitefield,3,21,1,0,0.59,medium
Koramangala,3,21,1,0,0.366,medium
Electronic City,3,21,1,0,0.696,high
Indiranagar,3,21,1,0,0.706,high
MG Road,3,22,1,0,0.731,high
Whitefield,3,22,1,0,0.713,high
Koramangala,3,22,1,0,0.53,medium
Electronic City,3,22,1,0,0.594,medium
Indiranagar,3,22,1,0,0.607,medium
MG Road,3,23,1,0,0.768,high
Whitefield,3,23,1,0,0.367,medium
Koramangala,3,23,1,0,0.284,low
Electronic City,3,23,1,0,0.812,high
Indiranagar,3,23,1,0,0.762,high
MG Road,4,0,1,0,0.572,medium
Whitefield,4,0,1,0,0.326,low
Koramangala,4,0,1,0,0.098,low
Electronic City,4,0,1,0,0.585,medium
Indiranagar,4,0,1,0,0.472,medium
MG Road,4,1,1,0,0.453,medium
Whitefield,4,1,1,0,0.14,low
Koramangala,4,1,1,0,0.0,low
Electronic City,4,1,1,0,0.556,medium
Indiranagar,4,1,1,0,0.296,low
MG Road,4,2,1,0,0.515,medium
Whitefield,4,2,1,0,0.157,low
Koramangala,4,2,1,0,0.04,low
Electronic City,4,2,1,0,0.426,medium
Indiranagar,4,2,1,0,0.317,low
MG Road,4,3,1,0,0.468,medium
Whitefield,4,3,1,0,0.217,low
Koramangala,4,3,1,0,0.037,low
Electronic City,4,3,1,0,0.547,medium
Indiranagar,4,3,1,0,0.32,low
MG Road,4,4,1,0,0.549,medium
Whitefield,4,4,1,0,0.228,low
Koramangala,4,4,1,0,0.0,low
Electronic City,4,4,1,0,0.408,medium
Indiranagar,4,4,1,0,0.231,low
MG Road,4,5,1,0,0.828,high
Whitefield,4,5,1,0,0.863,high
Koramangala,4,5,1,0,0.456,medium
Electronic City,4,5,1,0,0.969,high
Indiranagar,4,5,1,0,0.646,medium
MG Road,4,6,1,0,0.75,high
Whitefield,4,6,1,0,0.628,medium
Koramangala,4,6,1,0,0.542,medium
Electronic City,4,6,1,0,0.896,high
Indiranagar,4,6,1,0,0.554,medium
MG Road,4,7,1,0,0.82,high
Whitefield,4,7,1,0,0.486,medium
Koramangala,4,7,1,0,0.466,medium
Electronic City,4,7,1,0,0.874,high
Indiranagar,4,7,1,0,0.603,medium
MG Road,4,8,1,1,0.997,high
Whitefield,4,8,1,1,0.879,high
Koramangala,4,8,1,1,0.683,high
Electronic City,4,8,1,1,1.0,high
Indiranagar,4,8,1,1,0.864,high
MG Road,4,9,1,1,1.0,high
Whitefield,4,9,1,1,0.93,high
Koramangala,4,9,1,1,0.709,high
Electronic City,4,9,1,1,0.921,high
Indiranagar,4,9,1,1,0.769,high
MG Road,4,10,1,1,1.0,high
Whitefield,4,10,1,1,0.909,high
Koramangala,4,10,1,1,0.662,high
Electronic City,4,10,1,1,0.949,high
Indiranagar,4,10,1,1,0.871,high
MG Road,4,11,1,0,0.774,high
Whitefield,4,11,1,0,0.67,high
Koramangala,4,11,1,0,0.427,medium
Electronic City,4,11,1,0,0.725,high
Indiranagar,4,11,1,0,0.619,medium
MG Road,4,12,1,0,0.905,high
Whitefield,4,12,1,0,0.554,medium
Koramangala,4,12,1,0,0.432,medium
Electronic City,4,12,1,0,0.744,high
Indiranagar,4,12,1,0,0.634,medium
MG Road,4,13,1,0,0.748,high
Whitefield,4,13,1,0,0.609,medium
Koramangala,4,13,1,0,0.489,medium
Electronic City,4,13,1,0,0.675,high
Indiranagar,4,13,1,0,0.494,medium
MG Road,4,14,1,0,0.697,high
Whitefield,4,14,1,0,0.506,medium
Koramangala,4,14,1,0,0.448,medium
Electronic City,4,14,1,0,0.638,medium
Indiranagar,4,14,1,0,0.576,medium
MG Road,4,15,1,0,0.849,high
Whitefield,4,15,1,0,0.633,medium
Koramangala,4,15,1,0,0.369,medium
Electronic City,4,15,1,0,0.765,high
Indiranagar,4,15,1,0,0.609,medium
MG Road,4,16,1,0,0.782,high
Whitefield,4,16,1,0,0.583,medium
Koramangala,4,16,1,0,0.579,medium
Electronic City,4,16,1,0,0.815,high
Indiranagar,4,16,1,0,0.798,high
MG Road,4,17,1,1,1.0,high
Whitefield,4,17,1,1,0.843,high
Koramangala,4,17,1,1,0.543,medium
Electronic City,4,17,1,1,0.935,high
Indiranagar,4,17,1,1,1.0,high
MG Road,4,18,1,1,1.0,high
Whitefield,4,18,1,1,1.0,high
Koramangala,4,18,1,1,0.551,medium
Electronic City,4,18,1,1,0.916,high
Indiranagar,4,18,1,1,0.823,high
MG Road,4,19,1,1,1.0,high
Whitefield,4,19,1,1,0.924,high
Koramangala,4,19,1,1,0.686,high
Electronic City,4,19,1,1,0.967,high
Indiranagar,4,19,1,1,0.839,high
MG Road,4,20,1,1,1.0,high
Whitefield,4,20,1,1,0.777,high
Koramangala,4,20,1,1,0.579,medium
Electronic City,4,20,1,1,1.0,high
Indiranagar,4,20,1,1,0.704,high
MG Road,4,21,1,0,0.929,high
Whitefield,4,21,1,0,0.573,medium
Koramangala,4,21,1,0,0.338,low
Electronic City,4,21,1,0,0.809,high
Indiranagar,4,21,1,0,0.719,high
MG Road,4,22,1,0,0.889,high
Whitefield,4,22,1,0,0.64,medium
Koramangala,4,22,1,0,0.487,medium
Electronic City,4,22,1,0,0.613,medium
Indiranagar,4,22,1,0,0.558,medium
MG Road,4,23,1,0,0.727,high
Whitefield,4,23,1,0,0.698,high
Koramangala,4,23,1,0,0.369,medium
Electronic City,4,23,1,0,0.818,high
Indiranagar,4,23,1,0,0.643,medium
MG Road,5,0,0,0,0.181,low
Whitefield,5,0,0,0,0.003,low
Koramangala,5,0,0,0,0.0,low
Electronic City,5,0,0,0,0.138,low
Indiranagar,5,0,0,0,0.06,low
MG Road,5,1,0,0,0.187,low
Whitefield,5,1,0,0,0.025,low
Koramangala,5,1,0,0,0.0,low
Electronic City,5,1,0,0,0.137,low
Indiranagar,5,1,0,0,0.0,low
MG Road,5,2,0,0,0.273,low
Whitefield,5,2,0,0,0.0,low
Koramangala,5,2,0,0,0.0,low
Electronic City,5,2,0,0,0.125,low
Indiranagar,5,2,0,0,0.044,low
MG Road,5,3,0,0,0.325,low
Whitefield,5,3,0,0,0.171,low
Koramangala,5,3,0,0,0.0,low
Electronic City,5,3,0,0,0.372,medium
Indiranagar,5,3,0,0,0.0,low
MG Road,5,4,0,0,0.337,low
Whitefield,5,4,0,0,0.0,low
Koramangala,5,4,0,0,0.0,low
Electronic City,5,4,0,0,0.14,low
Indiranagar,5,4,0,0,0.046,low
MG Road,5,5,0,0,0.596,medium
Whitefield,5,5,0,0,0.404,medium
Koramangala,5,5,0,0,0.074,low
Electronic City,5,5,0,0,0.421,medium
Indiranagar,5,5,0,0,0.277,low
MG Road,5,6,0,0,0.541,medium
Whitefield,5,6,0,0,0.333,low
Koramangala,5,6,0,0,0.074,low
Electronic City,5,6,0,0,0.522,medium
Indiranagar,5,6,0,0,0.531,medium
MG Road,5,7,0,0,0.51,medium
Whitefield,5,7,0,0,0.315,low
Koramangala,5,7,0,0,0.195,low
Electronic City,5,7,0,0,0.455,medium
Indiranagar,5,7,0,0,0.404,medium
MG Road,5,8,0,1,0.493,medium
Whitefield,5,8,0,1,0.497,medium
Koramangala,5,8,0,1,0.178,low
Electronic City,5,8,0,1,0.45,medium
Indiranagar,5,8,0,1,0.303,low
MG Road,5,9,0,1,0.509,medium
Whitefield,5,9,0,1,0.46,medium
Koramangala,5,9,0,1,0.048,low
Electronic City,5,9,0,1,0.447,medium
Indiranagar,5,9,0,1,0.305,low
MG Road,5,10,0,1,0.549,medium
Whitefield,5,10,0,1,0.328,low
Koramangala,5,10,0,1,0.031,low
Electronic City,5,10,0,1,0.468,medium
Indiranagar,5,10,0,1,0.342,low
MG Road,5,11,0,0,0.5,medium
Whitefield,5,11,0,0,0.405,medium
Koramangala,5,11,0,0,0.224,low
Electronic City,5,11,0,0,0.494,medium
Indiranagar,5,11,0,0,0.368,medium
MG Road,5,12,0,0,0.377,medium
Whitefield,5,12,0,0,0.316,low
Koramangala,5,12,0,0,0.23,low
Electronic City,5,12,0,0,0.466,medium
Indiranagar,5,12,0,0,0.291,low
MG Road,5,13,0,0,0.732,high
Whitefield,5,13,0,0,0.496,medium
Koramangala,5,13,0,0,0.187,low
Electronic City,5,13,0,0,0.591,medium
Indiranagar,5,13,0,0,0.172,low
MG Road,5,14,0,0,0.487,medium
Whitefield,5,14,0,0,0.312,low
Koramangala,5,14,0,0,0.131,low
Electronic City,5,14,0,0,0.461,medium
Indiranagar,5,14,0,0,0.146,low
MG Road,5,15,0,0,0.581,medium
Whitefield,5,15,0,0,0.393,medium
Koramangala,5,15,0,0,0.278,low
Electronic City,5,15,0,0,0.437,medium
Indiranagar,5,15,0,0,0.28,low
MG Road,5,16,0,0,0.336,low
Whitefield,5,16,0,0,0.327,low
Koramangala,5,16,0,0,0.222,low
Electronic City,5,16,0,0,0.451,medium
Indiranagar,5,16,0,0,0.521,medium
MG Road,5,17,0,1,0.529,medium
Whitefield,5,17,0,1,0.362,medium
Koramangala,5,17,0,1,0.041,low
Electronic City,5,17,0,1,0.523,medium
Indiranagar,5,17,0,1,0.192,low
MG Road,5,18,0,1,0.605,medium
Whitefield,5,18,0,1,0.408,medium
Koramangala,5,18,0,1,0.259,low
Electronic City,5,18,0,1,0.418,medium
Indiranagar,5,18,0,1,0.363,medium
MG Road,5,19,0,1,0.595,medium
Whitefield,5,19,0,1,0.385,medium
Koramangala,5,19,0,1,0.081,low
Electronic City,5,19,0,1,0.309,low
Indiranagar,5,19,0,1,0.378,medium
MG Road,5,20,0,1,0.538,medium
Whitefield,5,20,0,1,0.305,low
Koramangala,5,20,0,1,0.211,low
Electronic City,5,20,0,1,0.496,medium
Indiranagar,5,20,0,1,0.244,low
MG Road,5,21,0,0,0.395,medium
Whitefield,5,21,0,0,0.26,low
Koramangala,5,21,0,0,0.341,low
Electronic City,5,21,0,0,0.558,medium
Indiranagar,5,21,0,0,0.365,medium
MG Road,5,22,0,0,0.535,medium
Whitefield,5,22,0,0,0.33,low
Koramangala,5,22,0,0,0.243,low
Electronic City,5,22,0,0,0.461,medium
Indiranagar,5,22,0,0,0.396,medium
MG Road,5,23,0,0,0.522,medium
Whitefield,5,23,0,0,0.505,medium
Koramangala,5,23,0,0,0.209,low
Electronic City,5,23,0,0,0.6,medium
Indiranagar,5,23,0,0,0.303,low
MG Road,6,0,0,0,0.335,low
Whitefield,6,0,0,0,0.025,low
Koramangala,6,0,0,0,0.0,low
Electronic City,6,0,0,0,0.331,low
Indiranagar,6,0,0,0,0.0,low
MG Road,6,1,0,0,0.266,low
Whitefield,6,1,0,0,0.085,low
Koramangala,6,1,0,0,0.0,low
Electronic City,6,1,0,0,0.164,low
Indiranagar,6,1,0,0,0.217,low
MG Road,6,2,0,0,0.146,low
Whitefield,6,2,0,0,0.167,low
Koramangala,6,2,0,0,0.0,low
Electronic City,6,2,0,0,0.352,medium
Indiranagar,6,2,0,0,0.0,low
MG Road,6,3,0,0,0.18,low
Whitefield,6,3,0,0,0.169,low
Koramangala,6,3,0,0,0.0,low
Electronic City,6,3,0,0,0.071,low
Indiranagar,6,3,0,0,0.011,low
MG Road,6,4,0,0,0.265,low
Whitefield,6,4,0,0,0.177,low
Koramangala,6,4,0,0,0.0,low
Electronic City,6,4,0,0,0.151,low
Indiranagar,6,4,0,0,0.075,low
MG Road,6,5,0,0,0.588,medium
Whitefield,6,5,0,0,0.385,medium
Koramangala,6,5,0,0,0.136,low
Electronic City,6,5,0,0,0.344,low
Indiranagar,6,5,0,0,0.277,low
MG Road,6,6,0,0,0.664,high
Whitefield,6,6,0,0,0.365,medium
Koramangala,6,6,0,0,0.124,low
Electronic City,6,6,0,0,0.589,medium
Indiranagar,6,6,0,0,0.26,low
MG Road,6,7,0,0,0.532,medium
Whitefield,6,7,0,0,0.361,medium
Koramangala,6,7,0,0,0.115,low
Electronic City,6,7,0,0,0.508,medium
Indiranagar,6,7,0,0,0.335,low
MG Road,6,8,0,1,0.438,medium
Whitefield,6,8,0,1,0.365,medium
Koramangala,6,8,0,1,0.044,low
Electronic City,6,8,0,1,0.513,medium
Indiranagar,6,8,0,1,0.46,medium
MG Road,6,9,0,1,0.528,medium
Whitefield,6,9,0,1,0.256,low
Koramangala,6,9,0,1,0.14,low
Electronic City,6,9,0,1,0.433,medium
Indiranagar,6,9,0,1,0.398,medium
MG Road,6,10,0,1,0.538,medium
Whitefield,6,10,0,1,0.487,medium
Koramangala,6,10,0,1,0.243,low
Electronic City,6,10,0,1,0.488,medium
Indiranagar,6,10,0,1,0.407,medium
MG Road,6,11,0,0,0.519,medium
Whitefield,6,11,0,0,0.353,medium
Koramangala,6,11,0,0,0.121,low
Electronic City,6,11,0,0,0.561,medium
Indiranagar,6,11,0,0,0.465,medium
MG Road,6,12,0,0,0.614,medium
Whitefield,6,12,0,0,0.424,medium
Koramangala,6,12,0,0,0.224,low
Electronic City,6,12,0,0,0.544,medium
Indiranagar,6,12,0,0,0.259,low
MG Road,6,13,0,0,0.686,high
Whitefield,6,13,0,0,0.494,medium
Koramangala,6,13,0,0,0.131,low
Electronic City,6,13,0,0,0.47,medium
Indiranagar,6,13,0,0,0.399,medium
MG Road,6,14,0,0,0.594,medium
Whitefield,6,14,0,0,0.334,low
Koramangala,6,14,0,0,0.05,low
Electronic City,6,14,0,0,0.524,medium
Indiranagar,6,14,0,0,0.394,medium
MG Road,6,15,0,0,0.608,medium
Whitefield,6,15,0,0,0.378,medium
Koramangala,6,15,0,0,0.128,low
Electronic City,6,15,0,0,0.58,medium
Indiranagar,6,15,0,0,0.355,medium
MG Road,6,16,0,0,0.513,medium
Whitefield,6,16,0,0,0.336,low
Koramangala,6,16,0,0,0.01,low
Electronic City,6,16,0,0,0.485,medium
Indiranagar,6,16,0,0,0.405,medium
MG Road,6,17,0,1,0.577,medium
Whitefield,6,17,0,1,0.472,medium
Koramangala,6,17,0,1,0.129,low
Electronic City,6,17,0,1,0.539,medium
Indiranagar,6,17,0,1,0.413,medium
MG Road,6,18,0,1,0.737,high
Whitefield,6,18,0,1,0.362,medium
Koramangala,6,18,0,1,0.066,low
Electronic City,6,18,0,1,0.568,medium
Indiranagar,6,18,0,1,0.499,medium
MG Road,6,19,0,1,0.524,medium
Whitefield,6,19,0,1,0.417,medium
Koramangala,6,19,0,1,0.248,low
Electronic City,6,19,0,1,0.581,medium
Indiranagar,6,19,0,1,0.36,medium
MG Road,6,20,0,1,0.494,medium
Whitefield,6,20,0,1,0.343,low
Koramangala,6,20,0,1,0.187,low
Electronic City,6,20,0,1,0.573,medium
Indiranagar,6,20,0,1,0.377,medium
MG Road,6,21,0,0,0.52,medium
Whitefield,6,21,0,0,0.394,medium
Koramangala,6,21,0,0,0.219,low
Electronic City,6,21,0,0,0.53,medium
Indiranagar,6,21,0,0,0.283,low
MG Road,6,22,0,0,0.535,medium
Whitefield,6,22,0,0,0.426,medium
Koramangala,6,22,0,0,0.039,low
Electronic City,6,22,0,0,0.333,low
Indiranagar,6,22,0,0,0.471,medium
MG Road,6,23,0,0,0.591,medium
Whitefield,6,23,0,0,0.399,medium
Koramangala,6,23,0,0,0.064,low
Electronic City,6,23,0,0,0.559,medium
Indiranagar,6,23,0,0,0.372,medium
MG Road,0,0,1,0,0.373,medium
Whitefield,0,0,1,0,0.414,medium
Koramangala,0,0,1,0,0.113,low
Electronic City,0,0,1,0,0.418,medium
Indiranagar,0,0,1,0,0.27,low
MG Road,0,1,1,0,0.339,low
Whitefield,0,1,1,0,0.347,low
Koramangala,0,1,1,0,0.121,low
Electronic City,0,1,1,0,0.434,medium
Indiranagar,0,1,1,0,0.402,medium
MG Road,0,2,1,0,0.389,medium
Whitefield,0,2,1,0,0.252,low
Koramangala,0,2,1,0,0.032,low
Electronic City,0,2,1,0,0.428,medium
Indiranagar,0,2,1,0,0.305,low
MG Road,0,3,1,0,0.534,medium
Whitefield,0,3,1,0,0.272,low
Koramangala,0,3,1,0,0.03,low
Electronic City,0,3,1,0,0.585,medium
Indiranagar,0,3,1,0,0.493,medium
MG Road,0,4,1,0,0.511,medium
Whitefield,0,4,1,0,0.239,low
Koramangala,0,4,1,0,0.218,low
Electronic City,0,4,1,0,0.334,low
Indiranagar,0,4,1,0,0.273,low
MG Road,0,5,1,0,0.744,high
Whitefield,0,5,1,0,0.507,medium
Koramangala,0,5,1,0,0.378,medium
Electronic City,0,5,1,0,0.681,high
Indiranagar,0,5,1,0,0.601,medium
MG Road,0,6,1,0,0.802,high
Whitefield,0,6,1,0,0.55,medium
Koramangala,0,6,1,0,0.37,medium
Electronic City,0,6,1,0,0.732,high
Indiranagar,0,6,1,0,0.665,high
MG Road,0,7,1,0,0.788,high
Whitefield,0,7,1,0,0.666,high
Koramangala,0,7,1,0,0.447,medium
Electronic City,0,7,1,0,0.796,high
Indiranagar,0,7,1,0,0.711,high
MG Road,0,8,1,1,0.96,high
Whitefield,0,8,1,1,0.812,high
Koramangala,0,8,1,1,0.791,high
Electronic City,0,8,1,1,0.979,high
Indiranagar,0,8,1,1,0.625,medium
MG Road,0,9,1,1,1.0,high
Whitefield,0,9,1,1,0.861,high
Koramangala,0,9,1,1,0.441,medium
Electronic City,0,9,1,1,1.0,high
Indiranagar,0,9,1,1,0.793,high
MG Road,0,10,1,1,1.0,high
Whitefield,0,10,1,1,0.832,high
Koramangala,0,10,1,1,0.547,medium
Electronic City,0,10,1,1,0.914,high
Indiranagar,0,10,1,1,0.775,high
MG Road,0,11,1,0,0.887,high
Whitefield,0,11,1,0,0.588,medium
Koramangala,0,11,1,0,0.358,medium
Electronic City,0,11,1,0,0.675,high
Indiranagar,0,11,1,0,0.696,high
MG Road,0,12,1,0,0.917,high
Whitefield,0,12,1,0,0.695,high
Koramangala,0,12,1,0,0.439,medium
Electronic City,0,12,1,0,0.773,high
Indiranagar,0,12,1,0,0.503,medium
MG Road,0,13,1,0,0.78,high
Whitefield,0,13,1,0,0.545,medium
Koramangala,0,13,1,0,0.254,low
Electronic City,0,13,1,0,0.835,high
Indiranagar,0,13,1,0,0.544,medium
MG Road,0,14,1,0,0.896,high
Whitefield,0,14,1,0,0.671,high
Koramangala,0,14,1,0,0.445,medium
Electronic City,0,14,1,0,0.799,high
Indiranagar,0,14,1,0,0.551,medium
MG Road,0,15,1,0,0.949,high
Whitefield,0,15,1,0,0.603,medium
Koramangala,0,15,1,0,0.424,medium
Electronic City,0,15,1,0,0.698,high
Indiranagar,0,15,1,0,0.526,medium
MG Road,0,16,1,0,0.838,high
Whitefield,0,16,1,0,0.617,medium
Koramangala,0,16,1,0,0.337,low
Electronic City,0,16,1,0,0.635,medium
Indiranagar,0,16,1,0,0.498,medium
MG Road,0,17,1,1,1.0,high
Whitefield,0,17,1,1,0.801,high
Koramangala,0,17,1,1,0.623,medium
Electronic City,0,17,1,1,1.0,high
Indiranagar,0,17,1,1,0.76,high
MG Road,0,18,1,1,0.992,high
Whitefield,0,18,1,1,0.788,high
Koramangala,0,18,1,1,0.779,high
Electronic City,0,18,1,1,1.0,high
Indiranagar,0,18,1,1,0.91,high
MG Road,0,19,1,1,1.0,high
Whitefield,0,19,1,1,0.804,high
Koramangala,0,19,1,1,0.806,high
Electronic City,0,19,1,1,1.0,high
Indiranagar,0,19,1,1,0.918,high
MG Road,0,20,1,1,1.0,high
Whitefield,0,20,1,1,0.829,high
Koramangala,0,20,1,1,0.783,high
Electronic City,0,20,1,1,1.0,high
Indiranagar,0,20,1,1,0.966,high
MG Road,0,21,1,0,0.82,high
Whitefield,0,21,1,0,0.532,medium
Koramangala,0,21,1,0,0.353,medium
Electronic City,0,21,1,0,0.758,high
Indiranagar,0,21,1,0,0.55,medium
MG Road,0,22,1,0,0.711,high
Whitefield,0,22,1,0,0.696,high
Koramangala,0,22,1,0,0.356,medium
Electronic City,0,22,1,0,0.761,high
Indiranagar,0,22,1,0,0.624,medium
MG Road,0,23,1,0,0.753,high
Whitefield,0,23,1,0,0.716,high
Koramangala,0,23,1,0,0.311,low
Electronic City,0,23,1,0,0.771,high
Indiranagar,0,23,1,0,0.62,medium
MG Road,1,0,1,0,0.496,medium
Whitefield,1,0,1,0,0.196,low
Koramangala,1,0,1,0,0.17,low
Electronic City,1,0,1,0,0.509,medium
Indiranagar,1,0,1,0,0.246,low
MG Road,1,1,1,0,0.557,medium
Whitefield,1,1,1,0,0.33,low
Koramangala,1,1,1,0,0.0,low
Electronic City,1,1,1,0,0.382,medium
Indiranagar,1,1,1,0,0.391,medium
MG Road,1,2,1,0,0.525,medium
Whitefield,1,2,1,0,0.255,low
Koramangala,1,2,1,0,0.031,low
Electronic City,1,2,1,0,0.409,medium
Indiranagar,1,2,1,0,0.264,low
MG Road,1,3,1,0,0.432,medium
Whitefield,1,3,1,0,0.161,low
Koramangala,1,3,1,0,0.191,low
Electronic City,1,3,1,0,0.528,medium
Indiranagar,1,3,1,0,0.198,low
MG Road,1,4,1,0,0.511,medium
Whitefield,1,4,1,0,0.228,low
Koramangala,1,4,1,0,0.079,low
Electronic City,1,4,1,0,0.422,medium
Indiranagar,1,4,1,0,0.266,low
MG Road,1,5,1,0,0.96,high
Whitefield,1,5,1,0,0.565,medium
Koramangala,1,5,1,0,0.335,low
Electronic City,1,5,1,0,0.689,high
Indiranagar,1,5,1,0,0.684,high
MG Road,1,6,1,0,0.668,high
Whitefield,1,6,1,0,0.539,medium
Koramangala,1,6,1,0,0.516,medium
Electronic City,1,6,1,0,0.77,high
Indiranagar,1,6,1,0,0.615,medium
MG Road,1,7,1,0,0.971,high
Whitefield,1,7,1,0,0.62,medium
Koramangala,1,7,1,0,0.343,low
Electronic City,1,7,1,0,0.727,high
Indiranagar,1,7,1,0,0.509,medium
MG Road,1,8,1,1,1.0,high
Whitefield,1,8,1,1,0.896,high
Koramangala,1,8,1,1,0.74,high
Electronic City,1,8,1,1,1.0,high
Indiranagar,1,8,1,1,0.817,high
MG Road,1,9,1,1,0.974,high
Whitefield,1,9,1,1,0.846,high
Koramangala,1,9,1,1,0.58,medium
Electronic City,1,9,1,1,1.0,high
Indiranagar,1,9,1,1,0.941,high
MG Road,1,10,1,1,1.0,high
Whitefield,1,10,1,1,0.862,high
Koramangala,1,10,1,1,0.642,medium
Electronic City,1,10,1,1,1.0,high
Indiranagar,1,10,1,1,0.797,high
MG Road,1,11,1,0,0.624,medium
Whitefield,1,11,1,0,0.638,medium
Koramangala,1,11,1,0,0.479,medium
Electronic City,1,11,1,0,0.786,high
Indiranagar,1,11,1,0,0.549,medium
MG Road,1,12,1,0,0.709,high
Whitefield,1,12,1,0,0.64,medium
Koramangala,1,12,1,0,0.411,medium
Electronic City,1,12,1,0,0.74,high
Indiranagar,1,12,1,0,0.746,high
MG Road,1,13,1,0,0.724,high
Whitefield,1,13,1,0,0.742,high
Koramangala,1,13,1,0,0.403,medium
Electronic City,1,13,1,0,0.603,medium
Indiranagar,1,13,1,0,0.586,medium
MG Road,1,14,1,0,0.877,high
Whitefield,1,14,1,0,0.571,medium
Koramangala,1,14,1,0,0.282,low
Electronic City,1,14,1,0,0.737,high
Indiranagar,1,14,1,0,0.531,medium
MG Road,1,15,1,0,0.839,high
Whitefield,1,15,1,0,0.662,high
Koramangala,1,15,1,0,0.315,low
Electronic City,1,15,1,0,0.694,high
Indiranagar,1,15,1,0,0.661,high
MG Road,1,16,1,0,0.731,high
Whitefield,1,16,1,0,0.513,medium
Koramangala,1,16,1,0,0.306,low
Electronic City,1,16,1,0,0.778,high
Indiranagar,1,16,1,0,0.625,medium
MG Road,1,17,1,1,0.995,high
Whitefield,1,17,1,1,0.85,high
Koramangala,1,17,1,1,0.772,high
Electronic City,1,17,1,1,0.922,high
Indiranagar,1,17,1,1,0.694,high
MG Road,1,18,1,1,1.0,high
Whitefield,1,18,1,1,0.841,high
Koramangala,1,18,1,1,0.593,medium
Electronic City,1,18,1,1,1.0,high
Indiranagar,1,18,1,1,0.917,high
MG Road,1,19,1,1,0.873,high
Whitefield,1,19,1,1,0.798,high
Koramangala,1,19,1,1,0.835,high
Electronic City,1,19,1,1,1.0,high
Indiranagar,1,19,1,1,0.904,high
MG Road,1,20,1,1,1.0,high
Whitefield,1,20,1,1,0.851,high
Koramangala,1,20,1,1,0.714,high
Electronic City,1,20,1,1,1.0,high
Indiranagar,1,20,1,1,0.893,high
MG Road,1,21,1,0,0.774,high
Whitefield,1,21,1,0,0.614,medium
Koramangala,1,21,1,0,0.353,medium
Electronic City,1,21,1,0,0.751,high
Indiranagar,1,21,1,0,0.507,medium
MG Road,1,22,1,0,0.737,high
Whitefield,1,22,1,0,0.577,medium
Koramangala,1,22,1,0,0.325,low
Electronic City,1,22,1,0,0.71,high
Indiranagar,1,22,1,0,0.587,medium
MG Road,1,23,1,0,0.832,high
Whitefield,1,23,1,0,0.676,high
Koramangala,1,23,1,0,0.363,medium
Electronic City,1,23,1,0,0.857,high
Indiranagar,1,23,1,0,0.675,high
MG Road,2,0,1,0,0.54,medium
Whitefield,2,0,1,0,0.312,low
Koramangala,2,0,1,0,0.126,low
Electronic City,2,0,1,0,0.545,medium
Indiranagar,2,0,1,0,0.398,medium
MG Road,2,1,1,0,0.607,medium
Whitefield,2,1,1,0,0.303,low
Koramangala,2,1,1,0,0.144,low
Electronic City,2,1,1,0,0.557,medium
Indiranagar,2,1,1,0,0.25,low
MG Road,2,2,1,0,0.475,medium
Whitefield,2,2,1,0,0.301,low
Koramangala,2,2,1,0,0.172,low
Electronic City,2,2,1,0,0.523,medium
Indiranagar,2,2,1,0,0.282,low
MG Road,2,3,1,0,0.379,medium
Whitefield,2,3,1,0,0.32,low
Koramangala,2,3,1,0,0.027,low
Electronic City,2,3,1,0,0.331,low
Indiranagar,2,3,1,0,0.199,low
MG Road,2,4,1,0,0.526,medium
Whitefield,2,4,1,0,0.409,medium
Koramangala,2,4,1,0,0.103,low
Electronic City,2,4,1,0,0.467,medium
Indiranagar,2,4,1,0,0.395,medium
MG Road,2,5,1,0,0.676,high
Whitefield,2,5,1,0,0.642,medium
Koramangala,2,5,1,0,0.399,medium
Electronic City,2,5,1,0,0.795,high
Indiranagar,2,5,1,0,0.561,medium
MG Road,2,6,1,0,0.735,high
Whitefield,2,6,1,0,0.611,medium
Koramangala,2,6,1,0,0.532,medium
Electronic City,2,6,1,0,0.819,high
Indiranagar,2,6,1,0,0.559,medium
MG Road,2,7,1,0,0.693,high
Whitefield,2,7,1,0,0.465,medium
Koramangala,2,7,1,0,0.505,medium
Electronic City,2,7,1,0,0.674,high
Indiranagar,2,7,1,0,0.574,medium
MG Road,2,8,1,1,1.0,high
Whitefield,2,8,1,1,0.721,high
Koramangala,2,8,1,1,0.769,high
Electronic City,2,8,1,1,0.98,high
Indiranagar,2,8,1,1,0.758,high
MG Road,2,9,1,1,1.0,high
Whitefield,2,9,1,1,0.792,high
Koramangala,2,9,1,1,0.685,high
Electronic City,2,9,1,1,0.948,high
Indiranagar,2,9,1,1,0.697,high
MG Road,2,10,1,1,1.0,high
Whitefield,2,10,1,1,0.741,high
Koramangala,2,10,1,1,0.666,high
Electronic City,2,10,1,1,0.905,high
Indiranagar,2,10,1,1,0.811,high
MG Road,2,11,1,0,0.815,high
Whitefield,2,11,1,0,0.583,medium
Koramangala,2,11,1,0,0.42,medium
Electronic City,2,11,1,0,0.804,high
Indiranagar,2,11,1,0,0.507,medium
MG Road,2,12,1,0,0.795,high
Whitefield,2,12,1,0,0.334,low
Koramangala,2,12,1,0,0.42,medium
Electronic City,2,12,1,0,0.726,high
Indiranagar,2,12,1,0,0.521,medium
MG Road,2,13,1,0,0.825,high
Whitefield,2,13,1,0,0.694,high
Koramangala,2,13,1,0,0.362,medium
Electronic City,2,13,1,0,0.674,high
Indiranagar,2,13,1,0,0.613,medium
MG Road,2,14,1,0,0.693,high
Whitefield,2,14,1,0,0.547,medium
Koramangala,2,14,1,0,0.498,medium
Electronic City,2,14,1,0,0.755,high
Indiranagar,2,14,1,0,0.45,medium
MG Road,2,15,1,0,0.656,high
Whitefield,2,15,1,0,0.613,medium
Koramangala,2,15,1,0,0.469,medium
Electronic City,2,15,1,0,0.621,medium
Indiranagar,2,15,1,0,0.636,medium
MG Road,2,16,1,0,0.906,high
Whitefield,2,16,1,0,0.751,high
Koramangala,2,16,1,0,0.426,medium
Electronic City,2,16,1,0,0.791,high
Indiranagar,2,16,1,0,0.429,medium
MG Road,2,17,1,1,1.0,high
Whitefield,2,17,1,1,0.804,high
Koramangala,2,17,1,1,0.575,medium
Electronic City,2,17,1,1,0.98,high
Indiranagar,2,17,1,1,0.971,high
MG Road,2,18,1,1,1.0,high
Whitefield,2,18,1,1,0.86,high
Koramangala,2,18,1,1,0.73,high
Electronic City,2,18,1,1,1.0,high
Indiranagar,2,18,1,1,0.767,high
MG Road,2,19,1,1,1.0,high
Whitefield,2,19,1,1,0.8,high
Koramangala,2,19,1,1,0.773,high
Electronic City,2,19,1,1,1.0,high
Indiranagar,2,19,1,1,0.899,high
MG Road,2,20,1,1,1.0,high
Whitefield,2,20,1,1,1.0,high
Koramangala,2,20,1,1,0.636,medium
Electronic City,2,20,1,1,0.935,high
Indiranagar,2,20,1,1,0.701,high
MG Road,2,21,1,0,0.98,high
Whitefield,2,21,1,0,0.565,medium
Koramangala,2,21,1,0,0.491,medium
Electronic City,2,21,1,0,0.691,high
Indiranagar,2,21,1,0,0.723,high
MG Road,2,22,1,0,0.744,high
Whitefield,2,22,1,0,0.505,medium
Koramangala,2,22,1,0,0.383,medium
Electronic City,2,22,1,0,0.707,high
Indiranagar,2,22,1,0,0.648,medium
MG Road,2,23,1,0,0.796,high
Whitefield,2,23,1,0,0.65,high
Koramangala,2,23,1,0,0.377,medium
Electronic City,2,23,1,0,0.697,high
Indiranagar,2,23,1,0,0.553,medium
MG Road,3,0,1,0,0.664,high
Whitefield,3,0,1,0,0.318,low
Koramangala,3,0,1,0,0.0,low
Electronic City,3,0,1,0,0.408,medium
Indiranagar,3,0,1,0,0.308,low
MG Road,3,1,1,0,0.648,medium
Whitefield,3,1,1,0,0.382,medium
Koramangala,3,1,1,0,0.026,low
Electronic City,3,1,1,0,0.643,medium
Indiranagar,3,1,1,0,0.298,low
MG Road,3,2,1,0,0.6,medium
Whitefield,3,2,1,0,0.208,low
Koramangala,3,2,1,0,0.0,low
Electronic City,3,2,1,0,0.337,low
Indiranagar,3,2,1,0,0.04,low
MG Road,3,3,1,0,0.669,high
Whitefield,3,3,1,0,0.317,low
Koramangala,3,3,1,0,0.026,low
Electronic City,3,3,1,0,0.486,medium
Indiranagar,3,3,1,0,0.315,low
MG Road,3,4,1,0,0.55,medium
Whitefield,3,4,1,0,0.397,medium
Koramangala,3,4,1,0,0.077,low
Electronic City,3,4,1,0,0.38,medium
Indiranagar,3,4,1,0,0.366,medium
MG Road,3,5,1,0,0.864,high
Whitefield,3,5,1,0,0.608,medium
Koramangala,3,5,1,0,0.574,medium
Electronic City,3,5,1,0,0.715,high
Indiranagar,3,5,1,0,0.528,medium
MG Road,3,6,1,0,0.833,high
Whitefield,3,6,1,0,0.546,medium
Koramangala,3,6,1,0,0.44,medium
Electronic City,3,6,1,0,0.683,high
Indiranagar,3,6,1,0,0.568,medium
MG Road,3,7,1,0,0.951,high
Whitefield,3,7,1,0,0.568,medium
Koramangala,3,7,1,0,0.336,low
Electronic City,3,7,1,0,0.844,high
Indiranagar,3,7,1,0,0.516,medium
MG Road,3,8,1,1,0.995,high
Whitefield,3,8,1,1,0.896,high
Koramangala,3,8,1,1,0.725,high
Electronic City,3,8,1,1,1.0,high
Indiranagar,3,8,1,1,0.79,high
MG Road,3,9,1,1,1.0,high
Whitefield,3,9,1,1,0.813,high
Koramangala,3,9,1,1,0.602,medium
Electronic City,3,9,1,1,1.0,high
Indiranagar,3,9,1,1,0.806,high
MG Road,3,10,1,1,1.0,high
Whitefield,3,10,1,1,0.862,high
Koramangala,3,10,1,1,0.564,medium
Electronic City,3,10,1,1,1.0,high
Indiranagar,3,10,1,1,0.895,high
MG Road,3,11,1,0,0.641,medium
Whitefield,3,11,1,0,0.622,medium
Koramangala,3,11,1,0,0.338,low
Electronic City,3,11,1,0,0.838,high
Indiranagar,3,11,1,0,0.484,medium
MG Road,3,12,1,0,0.771,high
Whitefield,3,12,1,0,0.629,medium
Koramangala,3,12,1,0,0.404,medium
Electronic City,3,12,1,0,0.811,high
Indiranagar,3,12,1,0,0.479,medium
MG Road,3,13,1,0,0.932,high
Whitefield,3,13,1,0,0.642,medium
Koramangala,3,13,1,0,0.509,medium
Electronic City,3,13,1,0,0.82,high
Indiranagar,3,13,1,0,0.599,medium
MG Road,3,14,1,0,0.697,high
Whitefield,3,14,1,0,0.555,medium
Koramangala,3,14,1,0,0.527,medium
Electronic City,3,14,1,0,0.861,high
Indiranagar,3,14,1,0,0.55,medium
MG Road,3,15,1,0,0.575,medium
Whitefield,3,15,1,0,0.583,medium
Koramangala,3,15,1,0,0.377,medium
Electronic City,3,15,1,0,0.73,high
Indiranagar,3,15,1,0,0.642,medium
MG Road,3,16,1,0,0.87,high
Whitefield,3,16,1,0,0.679,high
Koramangala,3,16,1,0,0.436,medium
Electronic City,3,16,1,0,0.606,medium
Indiranagar,3,16,1,0,0.573,medium
MG Road,3,17,1,1,1.0,high
Whitefield,3,17,1,1,0.88,high
Koramangala,3,17,1,1,0.679,high
Electronic City,3,17,1,1,1.0,high
Indiranagar,3,17,1,1,0.883,high
MG Road,3,18,1,1,0.859,high
Whitefield,3,18,1,1,0.831,high
Koramangala,3,18,1,1,0.647,medium
Electronic City,3,18,1,1,1.0,high
Indiranagar,3,18,1,1,0.854,high
MG Road,3,19,1,1,0.918,high
Whitefield,3,19,1,1,0.884,high
Koramangala,3,19,1,1,0.586,medium
Electronic City,3,19,1,1,0.903,high
Indiranagar,3,19,1,1,0.783,high
MG Road,3,20,1,1,1.0,high
Whitefield,3,20,1,1,0.951,high
Koramangala,3,20,1,1,0.689,high
Electronic City,3,20,1,1,1.0,high
Indiranagar,3,20,1,1,0.888,high
MG Road,3,21,1,0,0.808,high
Whitefield,3,21,1,0,0.656,high
Koramangala,3,21,1,0,0.206,low
Electronic City,3,21,1,0,0.759,high
Indiranagar,3,21,1,0,0.516,medium
MG Road,3,22,1,0,0.893,high
Whitefield,3,22,1,0,0.588,medium
Koramangala,3,22,1,0,0.402,medium
Electronic City,3,22,1,0,0.63,medium
Indiranagar,3,22,1,0,0.681,high
MG Road,3,23,1,0,0.85,high
Whitefield,3,23,1,0,0.645,medium
Koramangala,3,23,1,0,0.335,low
Electronic City,3,23,1,0,0.688,high
Indiranagar,3,23,1,0,0.618,medium
MG Road,4,0,1,0,0.444,medium
Whitefield,4,0,1,0,0.335,low
Koramangala,4,0,1,0,0.0,low
Electronic City,4,0,1,0,0.411,medium
Indiranagar,4,0,1,0,0.444,medium
MG Road,4,1,1,0,0.535,medium
Whitefield,4,1,1,0,0.313,low
Koramangala,4,1,1,0,0.259,low
Electronic City,4,1,1,0,0.263,low
Indiranagar,4,1,1,0,0.235,low
MG Road,4,2,1,0,0.468,medium
Whitefield,4,2,1,0,0.369,medium
Koramangala,4,2,1,0,0.17,low
Electronic City,4,2,1,0,0.381,medium
Indiranagar,4,2,1,0,0.38,medium
MG Road,4,3,1,0,0.468,medium
Whitefield,4,3,1,0,0.397,medium
Koramangala,4,3,1,0,0.017,low
Electronic City,4,3,1,0,0.44,medium
Indiranagar,4,3,1,0,0.261,low
MG Road,4,4,1,0,0.584,medium
Whitefield,4,4,1,0,0.258,low
Koramangala,4,4,1,0,0.097,low
Electronic City,4,4,1,0,0.491,medium
Indiranagar,4,4,1,0,0.344,low
MG Road,4,5,1,0,0.871,high
Whitefield,4,5,1,0,0.617,medium
Koramangala,4,5,1,0,0.367,medium
Electronic City,4,5,1,0,0.722,high
Indiranagar,4,5,1,0,0.602,medium
MG Road,4,6,1,0,0.82,high
Whitefield,4,6,1,0,0.588,medium
Koramangala,4,6,1,0,0.402,medium
Electronic City,4,6,1,0,0.629,medium
Indiranagar,4,6,1,0,0.653,high
MG Road,4,7,1,0,0.814,high
Whitefield,4,7,1,0,0.68,high
Koramangala,4,7,1,0,0.4,medium
Electronic City,4,7,1,0,0.611,medium
Indiranagar,4,7,1,0,0.571,medium
MG Road,4,8,1,1,1.0,high
Whitefield,4,8,1,1,0.909,high
Koramangala,4,8,1,1,0.484,medium
Electronic City,4,8,1,1,1.0,high
Indiranagar,4,8,1,1,0.891,high
MG Road,4,9,1,1,0.997,high
Whitefield,4,9,1,1,0.856,high
Koramangala,4,9,1,1,0.6,medium
Electronic City,4,9,1,1,0.942,high
Indiranagar,4,9,1,1,0.817,high
MG Road,4,10,1,1,0.993,high
Whitefield,4,10,1,1,0.905,high
Koramangala,4,10,1,1,0.591,medium
Electronic City,4,10,1,1,0.928,high
Indiranagar,4,10,1,1,0.991,high
MG Road,4,11,1,0,0.877,high
Whitefield,4,11,1,0,0.451,medium
Koramangala,4,11,1,0,0.339,low
Electronic City,4,11,1,0,0.769,high
Indiranagar,4,11,1,0,0.626,medium
MG Road,4,12,1,0,0.681,high
Whitefield,4,12,1,0,0.693,high
Koramangala,4,12,1,0,0.466,medium
Electronic City,4,12,1,0,0.789,high
Indiranagar,4,12,1,0,0.709,high
MG Road,4,13,1,0,0.836,high
Whitefield,4,13,1,0,0.636,medium
Koramangala,4,13,1,0,0.525,medium
Electronic City,4,13,1,0,0.838,high
Indiranagar,4,13,1,0,0.533,medium
MG Road,4,14,1,0,0.851,high
Whitefield,4,14,1,0,0.547,medium
Koramangala,4,14,1,0,0.44,medium
Electronic City,4,14,1,0,0.788,high
Indiranagar,4,14,1,0,0.489,medium
MG Road,4,15,1,0,0.79,high
Whitefield,4,15,1,0,0.621,medium
Koramangala,4,15,1,0,0.365,medium
Electronic City,4,15,1,0,0.775,high
Indiranagar,4,15,1,0,0.664,high
MG Road,4,16,1,0,0.798,high
Whitefield,4,16,1,0,0.618,medium
Koramangala,4,16,1,0,0.511,medium
Electronic City,4,16,1,0,0.788,high
Indiranagar,4,16,1,0,0.616,medium
MG Road,4,17,1,1,0.973,high
Whitefield,4,17,1,1,0.904,high
Koramangala,4,17,1,1,0.676,high
Electronic City,4,17,1,1,1.0,high
Indiranagar,4,17,1,1,0.854,high
MG Road,4,18,1,1,0.905,high
Whitefield,4,18,1,1,0.714,high
Koramangala,4,18,1,1,0.709,high
Electronic City,4,18,1,1,0.954,high
Indiranagar,4,18,1,1,0.885,high
MG Road,4,19,1,1,1.0,high
Whitefield,4,19,1,1,0.837,high
Koramangala,4,19,1,1,0.642,medium
Electronic City,4,19,1,1,0.931,high
Indiranagar,4,19,1,1,0.849,high
MG Road,4,20,1,1,1.0,high
Whitefield,4,20,1,1,0.82,high
Koramangala,4,20,1,1,0.624,medium
Electronic City,4,20,1,1,0.982,high
Indiranagar,4,20,1,1,0.924,high
MG Road,4,21,1,0,0.79,high
Whitefield,4,21,1,0,0.682,high
Koramangala,4,21,1,0,0.523,medium
Electronic City,4,21,1,0,0.818,high
Indiranagar,4,21,1,0,0.643,medium
MG Road,4,22,1,0,0.826,high
Whitefield,4,22,1,0,0.669,high
Koramangala,4,22,1,0,0.407,medium
Electronic City,4,22,1,0,0.829,high
Indiranagar,4,22,1,0,0.649,medium
MG Road,4,23,1,0,0.771,high
Whitefield,4,23,1,0,0.672,high
Koramangala,4,23,1,0,0.407,medium
Electronic City,4,23,1,0,0.742,high
Indiranagar,4,23,1,0,0.562,medium
MG Road,5,0,0,0,0.263,low
Whitefield,5,0,0,0,0.13,low
Koramangala,5,0,0,0,0.0,low
Electronic City,5,0,0,0,0.228,low
Indiranagar,5,0,0,0,0.098,low
MG Road,5,1,0,0,0.352,medium
Whitefield,5,1,0,0,0.038,low
Koramangala,5,1,0,0,0.0,low
Electronic City,5,1,0,0,0.304,low
Indiranagar,5,1,0,0,0.008,low
MG Road,5,2,0,0,0.195,low
Whitefield,5,2,0,0,0.0,low
Koramangala,5,2,0,0,0.0,low
Electronic City,5,2,0,0,0.07,low
Indiranagar,5,2,0,0,0.0,low
MG Road,5,3,0,0,0.297,low
Whitefield,5,3,0,0,0.108,low
Koramangala,5,3,0,0,0.0,low
Electronic City,5,3,0,0,0.189,low
Indiranagar,5,3,0,0,0.0,low
MG Road,5,4,0,0,0.206,low
Whitefield,5,4,0,0,0.071,low
Koramangala,5,4,0,0,0.0,low
Electronic City,5,4,0,0,0.18,low
Indiranagar,5,4,0,0,0.0,low
MG Road,5,5,0,0,0.641,medium
Whitefield,5,5,0,0,0.391,medium
Koramangala,5,5,0,0,0.213,low
Electronic City,5,5,0,0,0.603,medium
Indiranagar,5,5,0,0,0.284,low
MG Road,5,6,0,0,0.521,medium
Whitefield,5,6,0,0,0.198,low
Koramangala,5,6,0,0,0.401,medium
Electronic City,5,6,0,0,0.488,medium
Indiranagar,5,6,0,0,0.433,medium
MG Road,5,7,0,0,0.451,medium
Whitefield,5,7,0,0,0.43,medium
Koramangala,5,7,0,0,0.299,low
Electronic City,5,7,0,0,0.495,medium
Indiranagar,5,7,0,0,0.269,low
MG Road,5,8,0,1,0.539,medium
Whitefield,5,8,0,1,0.172,low
Koramangala,5,8,0,1,0.147,low
Electronic City,5,8,0,1,0.566,medium
Indiranagar,5,8,0,1,0.347,low
MG Road,5,9,0,1,0.527,medium
Whitefield,5,9,0,1,0.392,medium
Koramangala,5,9,0,1,0.198,low
Electronic City,5,9,0,1,0.367,medium
Indiranagar,5,9,0,1,0.357,medium
MG Road,5,10,0,1,0.745,high
Whitefield,5,10,0,1,0.243,low
Koramangala,5,10,0,1,0.143,low
Electronic City,5,10,0,1,0.655,high
Indiranagar,5,10,0,1,0.438,medium
MG Road,5,11,0,0,0.509,medium
Whitefield,5,11,0,0,0.366,medium
Koramangala,5,11,0,0,0.15,low
Electronic City,5,11,0,0,0.44,medium
Indiranagar,5,11,0,0,0.344,low
MG Road,5,12,0,0,0.528,medium
Whitefield,5,12,0,0,0.359,medium
Koramangala,5,12,0,0,0.09,low
Electronic City,5,12,0,0,0.398,medium
Indiranagar,5,12,0,0,0.347,low
MG Road,5,13,0,0,0.687,high
Whitefield,5,13,0,0,0.357,medium
Koramangala,5,13,0,0,0.123,low
Electronic City,5,13,0,0,0.56,medium
Indiranagar,5,13,0,0,0.337,low
MG Road,5,14,0,0,0.699,high
Whitefield,5,14,0,0,0.35,low
Koramangala,5,14,0,0,0.206,low
Electronic City,5,14,0,0,0.44,medium
Indiranagar,5,14,0,0,0.39,medium
MG Road,5,15,0,0,0.572,medium
Whitefield,5,15,0,0,0.345,low
Koramangala,5,15,0,0,0.11,low
Electronic City,5,15,0,0,0.449,medium
Indiranagar,5,15,0,0,0.373,medium
MG Road,5,16,0,0,0.6,medium
Whitefield,5,16,0,0,0.34,low
Koramangala,5,16,0,0,0.173,low
Electronic City,5,16,0,0,0.497,medium
Indiranagar,5,16,0,0,0.358,medium
MG Road,5,17,0,1,0.534,medium
Whitefield,5,17,0,1,0.351,medium
Koramangala,5,17,0,1,0.366,medium
Electronic City,5,17,0,1,0.525,medium
Indiranagar,5,17,0,1,0.402,medium
MG Road,5,18,0,1,0.585,medium
Whitefield,5,18,0,1,0.329,low
Koramangala,5,18,0,1,0.254,low
Electronic City,5,18,0,1,0.477,medium
Indiranagar,5,18,0,1,0.434,medium
MG Road,5,19,0,1,0.523,medium
Whitefield,5,19,0,1,0.273,low
Koramangala,5,19,0,1,0.179,low
Electronic City,5,19,0,1,0.412,medium
Indiranagar,5,19,0,1,0.393,medium
MG Road,5,20,0,1,0.454,medium
Whitefield,5,20,0,1,0.324,low
Koramangala,5,20,0,1,0.035,low
Electronic City,5,20,0,1,0.726,high
Indiranagar,5,20,0,1,0.218,low
MG Road,5,21,0,0,0.551,medium
Whitefield,5,21,0,0,0.441,medium
Koramangala,5,21,0,0,0.233,low
Electronic City,5,21,0,0,0.568,medium
Indiranagar,5,21,0,0,0.325,low
MG Road,5,22,0,0,0.658,high
Whitefield,5,22,0,0,0.423,medium
Koramangala,5,22,0,0,0.167,low
Electronic City,5,22,0,0,0.519,medium
Indiranagar,5,22,0,0,0.326,low
MG Road,5,23,0,0,0.477,medium
Whitefield,5,23,0,0,0.449,medium
Koramangala,5,23,0,0,0.255,low
Electronic City,5,23,0,0,0.429,medium
Indiranagar,5,23,0,0,0.338,low
MG Road,6,0,0,0,0.239,low
Whitefield,6,0,0,0,0.047,low
Koramangala,6,0,0,0,0.0,low
Electronic City,6,0,0,0,0.276,low
Indiranagar,6,0,0,0,0.0,low
MG Road,6,1,0,0,0.182,low
Whitefield,6,1,0,0,0.149,low
Koramangala,6,1,0,0,0.0,low
Electronic City,6,1,0,0,0.099,low
Indiranagar,6,1,0,0,0.011,low
MG Road,6,2,0,0,0.224,low
Whitefield,6,2,0,0,0.174,low
Koramangala,6,2,0,0,0.0,low
Electronic City,6,2,0,0,0.292,low
Indiranagar,6,2,0,0,0.116,low
MG Road,6,3,0,0,0.326,low
Whitefield,6,3,0,0,0.0,low
Koramangala,6,3,0,0,0.0,low
Electronic City,6,3,0,0,0.121,low
Indiranagar,6,3,0,0,0.033,low
MG Road,6,4,0,0,0.305,low
Whitefield,6,4,0,0,0.061,low
Koramangala,6,4,0,0,0.0,low
Electronic City,6,4,0,0,0.109,low
Indiranagar,6,4,0,0,0.09,low
MG Road,6,5,0,0,0.45,medium
Whitefield,6,5,0,0,0.358,medium
Koramangala,6,5,0,0,0.209,low
Electronic City,6,5,0,0,0.483,medium
Indiranagar,6,5,0,0,0.394,medium
MG Road,6,6,0,0,0.473,medium
Whitefield,6,6,0,0,0.217,low
Koramangala,6,6,0,0,0.195,low
Electronic City,6,6,0,0,0.64,medium
Indiranagar,6,6,0,0,0.27,low
MG Road,6,7,0,0,0.648,medium
Whitefield,6,7,0,0,0.353,medium
Koramangala,6,7,0,0,0.043,low
Electronic City,6,7,0,0,0.409,medium
Indiranagar,6,7,0,0,0.351,medium
MG Road,6,8,0,1,0.518,medium
Whitefield,6,8,0,1,0.245,low
Koramangala,6,8,0,1,0.014,low
Electronic City,6,8,0,1,0.432,medium
Indiranagar,6,8,0,1,0.366,medium
MG Road,6,9,0,1,0.549,medium
Whitefield,6,9,0,1,0.31,low
Koramangala,6,9,0,1,0.166,low
Electronic City,6,9,0,1,0.583,medium
Indiranagar,6,9,0,1,0.382,medium
MG Road,6,10,0,1,0.54,medium
Whitefield,6,10,0,1,0.424,medium
Koramangala,6,10,0,1,0.073,low
Electronic City,6,10,0,1,0.482,medium
Indiranagar,6,10,0,1,0.334,low
MG Road,6,11,0,0,0.451,medium
Whitefield,6,11,0,0,0.316,low
Koramangala,6,11,0,0,0.0,low
Electronic City,6,11,0,0,0.653,high
Indiranagar,6,11,0,0,0.275,low
MG Road,6,12,0,0,0.677,high
Whitefield,6,12,0,0,0.353,medium
Koramangala,6,12,0,0,0.195,low
Electronic City,6,12,0,0,0.461,medium
Indiranagar,6,12,0,0,0.367,medium
MG Road,6,13,0,0,0.602,medium
Whitefield,6,13,0,0,0.403,medium
Koramangala,6,13,0,0,0.212,low
Electronic City,6,13,0,0,0.471,medium
Indiranagar,6,13,0,0,0.312,low
MG Road,6,14,0,0,0.422,medium
Whitefield,6,14,0,0,0.392,medium
Koramangala,6,14,0,0,0.237,low
Electronic City,6,14,0,0,0.629,medium
Indiranagar,6,14,0,0,0.374,medium
MG Road,6,15,0,0,0.489,medium
Whitefield,6,15,0,0,0.214,low
Koramangala,6,15,0,0,0.233,low
Electronic City,6,15,0,0,0.356,medium
Indiranagar,6,15,0,0,0.323,low
MG Road,6,16,0,0,0.532,medium
Whitefield,6,16,0,0,0.344,low
Koramangala,6,16,0,0,0.153,low
Electronic City,6,16,0,0,0.511,medium
Indiranagar,6,16,0,0,0.157,low
MG Road,6,17,0,1,0.551,medium
Whitefield,6,17,0,1,0.172,low
Koramangala,6,17,0,1,0.209,low
Electronic City,6,17,0,1,0.456,medium
Indiranagar,6,17,0,1,0.177,low
MG Road,6,18,0,1,0.485,medium
Whitefield,6,18,0,1,0.304,low
Koramangala,6,18,0,1,0.245,low
Electronic City,6,18,0,1,0.516,medium
Indiranagar,6,18,0,1,0.378,medium
MG Road,6,19,0,1,0.644,medium
Whitefield,6,19,0,1,0.342,low
Koramangala,6,19,0,1,0.21,low
Electronic City,6,19,0,1,0.555,medium
Indiranagar,6,19,0,1,0.247,low
MG Road,6,20,0,1,0.668,high
Whitefield,6,20,0,1,0.236,low
Koramangala,6,20,0,1,0.223,low
Electronic City,6,20,0,1,0.379,medium
Indiranagar,6,20,0,1,0.398,medium
MG Road,6,21,0,0,0.699,high
Whitefield,6,21,0,0,0.333,low
Koramangala,6,21,0,0,0.129,low
Electronic City,6,21,0,0,0.549,medium
Indiranagar,6,21,0,0,0.324,low
MG Road,6,22,0,0,0.695,high
Whitefield,6,22,0,0,0.365,medium
Koramangala,6,22,0,0,0.124,low
Electronic City,6,22,0,0,0.457,medium
Indiranagar,6,22,0,0,0.275,low
MG Road,6,23,0,0,0.5,medium
Whitefield,6,23,0,0,0.322,low
Koramangala,6,23,0,0,0.111,low
Electronic City,6,23,0,0,0.447,medium
Indiranagar,6,23,0,0,0.518,medium
MG Road,0,0,1,0,0.418,medium
Whitefield,0,0,1,0,0.312,low
Koramangala,0,0,1,0,0.147,low
Electronic City,0,0,1,0,0.5,medium
Indiranagar,0,0,1,0,0.295,low
MG Road,0,1,1,0,0.481,medium
Whitefield,0,1,1,0,0.336,low
Koramangala,0,1,1,0,0.121,low
Electronic City,0,1,1,0,0.429,medium
Indiranagar,0,1,1,0,0.175,low
MG Road,0,2,1,0,0.463,medium
Whitefield,0,2,1,0,0.208,low
Koramangala,0,2,1,0,0.047,low
Electronic City,0,2,1,0,0.453,medium
Indiranagar,0,2,1,0,0.329,low
MG Road,0,3,1,0,0.642,medium
Whitefield,0,3,1,0,0.257,low
Koramangala,0,3,1,0,0.162,low
Electronic City,0,3,1,0,0.474,medium
Indiranagar,0,3,1,0,0.404,medium
MG Road,0,4,1,0,0.546,medium
Whitefield,0,4,1,0,0.219,low
Koramangala,0,4,1,0,0.0,low
Electronic City,0,4,1,0,0.475,medium
Indiranagar,0,4,1,0,0.258,low
MG Road,0,5,1,0,0.722,high
Whitefield,0,5,1,0,0.499,medium
Koramangala,0,5,1,0,0.413,medium
Electronic City,0,5,1,0,0.871,high
Indiranagar,0,5,1,0,0.567,medium
MG Road,0,6,1,0,0.847,high
Whitefield,0,6,1,0,0.592,medium
Koramangala,0,6,1,0,0.297,low
Electronic City,0,6,1,0,0.809,high
Indiranagar,0,6,1,0,0.512,medium
MG Road,0,7,1,0,0.802,high
Whitefield,0,7,1,0,0.573,medium
Koramangala,0,7,1,0,0.471,medium
Electronic City,0,7,1,0,0.665,high
Indiranagar,0,7,1,0,0.631,medium
MG Road,0,8,1,1,0.983,high
Whitefield,0,8,1,1,0.809,high
Koramangala,0,8,1,1,0.359,medium
Electronic City,0,8,1,1,1.0,high
Indiranagar,0,8,1,1,0.894,high
MG Road,0,9,1,1,0.989,high
Whitefield,0,9,1,1,0.76,high
Koramangala,0,9,1,1,0.61,medium
Electronic City,0,9,1,1,1.0,high
Indiranagar,0,9,1,1,0.699,high
MG Road,0,10,1,1,1.0,high
Whitefield,0,10,1,1,0.992,high
Koramangala,0,10,1,1,0.559,medium
Electronic City,0,10,1,1,1.0,high
Indiranagar,0,10,1,1,1.0,high
MG Road,0,11,1,0,0.851,high
Whitefield,0,11,1,0,0.61,medium
Koramangala,0,11,1,0,0.441,medium
Electronic City,0,11,1,0,0.718,high
Indiranagar,0,11,1,0,0.704,high
MG Road,0,12,1,0,0.768,high
Whitefield,0,12,1,0,0.443,medium
Koramangala,0,12,1,0,0.369,medium
Electronic City,0,12,1,0,0.673,high
Indiranagar,0,12,1,0,0.578,medium
MG Road,0,13,1,0,0.779,high
Whitefield,0,13,1,0,0.696,high
Koramangala,0,13,1,0,0.456,medium
Electronic City,0,13,1,0,0.771,high
Indiranagar,0,13,1,0,0.6,medium
MG Road,0,14,1,0,0.715,high
Whitefield,0,14,1,0,0.426,medium
Koramangala,0,14,1,0,0.409,medium
Electronic City,0,14,1,0,0.814,high
Indiranagar,0,14,1,0,0.591,medium
MG Road,0,15,1,0,0.757,high
Whitefield,0,15,1,0,0.637,medium
Koramangala,0,15,1,0,0.393,medium
Electronic City,0,15,1,0,0.885,high
Indiranagar,0,15,1,0,0.699,high
MG Road,0,16,1,0,0.877,high
Whitefield,0,16,1,0,0.661,high
Koramangala,0,16,1,0,0.297,low
Electronic City,0,16,1,0,0.803,high
Indiranagar,0,16,1,0,0.63,medium
MG Road,0,17,1,1,1.0,high
Whitefield,0,17,1,1,0.889,high
Koramangala,0,17,1,1,0.686,high
Electronic City,0,17,1,1,1.0,high
Indiranagar,0,17,1,1,0.844,high
MG Road,0,18,1,1,1.0,high
Whitefield,0,18,1,1,0.812,high
Koramangala,0,18,1,1,0.713,high
Electronic City,0,18,1,1,1.0,high
Indiranagar,0,18,1,1,0.879,high
MG Road,0,19,1,1,1.0,high
Whitefield,0,19,1,1,0.779,high
Koramangala,0,19,1,1,0.611,medium
Electronic City,0,19,1,1,1.0,high
Indiranagar,0,19,1,1,0.92,high
MG Road,0,20,1,1,1.0,high
Whitefield,0,20,1,1,0.953,high
Koramangala,0,20,1,1,0.597,medium
Electronic City,0,20,1,1,0.909,high
Indiranagar,0,20,1,1,0.875,high
MG Road,0,21,1,0,0.794,high
Whitefield,0,21,1,0,0.643,medium
Koramangala,0,21,1,0,0.398,medium
Electronic City,0,21,1,0,0.723,high
Indiranagar,0,21,1,0,0.594,medium
MG Road,0,22,1,0,0.802,high
Whitefield,0,22,1,0,0.576,medium
Koramangala,0,22,1,0,0.384,medium
Electronic City,0,22,1,0,0.718,high
Indiranagar,0,22,1,0,0.669,high
MG Road,0,23,1,0,0.816,high
Whitefield,0,23,1,0,0.781,high
Koramangala,0,23,1,0,0.413,medium
Electronic City,0,23,1,0,0.706,high
Indiranagar,0,23,1,0,0.814,high
MG Road,1,0,1,0,0.533,medium
Whitefield,1,0,1,0,0.379,medium
Koramangala,1,0,1,0,0.147,low
Electronic City,1,0,1,0,0.5,medium
Indiranagar,1,0,1,0,0.343,low
MG Road,1,1,1,0,0.412,medium
Whitefield,1,1,1,0,0.329,low
Koramangala,1,1,1,0,0.0,low
Electronic City,1,1,1,0,0.436,medium
Indiranagar,1,1,1,0,0.242,low
MG Road,1,2,1,0,0.529,medium
Whitefield,1,2,1,0,0.327,low
Koramangala,1,2,1,0,0.138,low
Electronic City,1,2,1,0,0.473,medium
Indiranagar,1,2,1,0,0.251,low
MG Road,1,3,1,0,0.479,medium
Whitefield,1,3,1,0,0.374,medium
Koramangala,1,3,1,0,0.185,low
Electronic City,1,3,1,0,0.358,medium
Indiranagar,1,3,1,0,0.178,low
MG Road,1,4,1,0,0.442,medium
Whitefield,1,4,1,0,0.384,medium
Koramangala,1,4,1,0,0.197,low
Electronic City,1,4,1,0,0.376,medium
Indiranagar,1,4,1,0,0.325,low
MG Road,1,5,1,0,0.947,high
Whitefield,1,5,1,0,0.633,medium
Koramangala,1,5,1,0,0.514,medium
Electronic City,1,5,1,0,0.83,high
Indiranagar,1,5,1,0,0.527,medium
MG Road,1,6,1,0,0.785,high
Whitefield,1,6,1,0,0.603,medium
Koramangala,1,6,1,0,0.408,medium
Electronic City,1,6,1,0,0.823,high
Indiranagar,1,6,1,0,0.633,medium
MG Road,1,7,1,0,0.565,medium
Whitefield,1,7,1,0,0.495,medium
Koramangala,1,7,1,0,0.225,low
Electronic City,1,7,1,0,0.764,high
Indiranagar,1,7,1,0,0.619,medium
MG Road,1,8,1,1,1.0,high
Whitefield,1,8,1,1,0.773,high
Koramangala,1,8,1,1,0.704,high
Electronic City,1,8,1,1,1.0,high
Indiranagar,1,8,1,1,0.75,high
MG Road,1,9,1,1,0.933,high
Whitefield,1,9,1,1,0.85,high
Koramangala,1,9,1,1,0.793,high
Electronic City,1,9,1,1,1.0,high
Indiranagar,1,9,1,1,0.895,high
MG Road,1,10,1,1,0.992,high
Whitefield,1,10,1,1,0.921,high
Koramangala,1,10,1,1,0.614,medium
Electronic City,1,10,1,1,0.939,high
Indiranagar,1,10,1,1,0.678,high
MG Road,1,11,1,0,0.808,high
Whitefield,1,11,1,0,0.55,medium
Koramangala,1,11,1,0,0.408,medium
Electronic City,1,11,1,0,0.566,medium
Indiranagar,1,11,1,0,0.614,medium
MG Road,1,12,1,0,0.606,medium
Whitefield,1,12,1,0,0.687,high
Koramangala,1,12,1,0,0.442,medium
Electronic City,1,12,1,0,0.728,high
Indiranagar,1,12,1,0,0.645,medium
MG Road,1,13,1,0,0.722,high
Whitefield,1,13,1,0,0.606,medium
Koramangala,1,13,1,0,0.464,medium
Electronic City,1,13,1,0,0.502,medium
Indiranagar,1,13,1,0,0.564,medium
MG Road,1,14,1,0,0.798,high
Whitefield,1,14,1,0,0.584,medium
Koramangala,1,14,1,0,0.517,medium
Electronic City,1,14,1,0,0.66,high
Indiranagar,1,14,1,0,0.55,medium
MG Road,1,15,1,0,0.647,medium
Whitefield,1,15,1,0,0.721,high
Koramangala,1,15,1,0,0.38,medium
Electronic City,1,15,1,0,0.715,high
Indiranagar,1,15,1,0,0.596,medium
MG Road,1,16,1,0,0.851,high
Whitefield,1,16,1,0,0.628,medium
Koramangala,1,16,1,0,0.612,medium
Electronic City,1,16,1,0,0.786,high
Indiranagar,1,16,1,0,0.563,medium
MG Road,1,17,1,1,1.0,high
Whitefield,1,17,1,1,0.819,high
Koramangala,1,17,1,1,0.53,medium
Electronic City,1,17,1,1,1.0,high
Indiranagar,1,17,1,1,0.913,high
MG Road,1,18,1,1,1.0,high
Whitefield,1,18,1,1,0.785,high
Koramangala,1,18,1,1,0.771,high
Electronic City,1,18,1,1,0.886,high
Indiranagar,1,18,1,1,0.685,high
MG Road,1,19,1,1,0.958,high
Whitefield,1,19,1,1,0.727,high
Koramangala,1,19,1,1,0.681,high
Electronic City,1,19,1,1,0.971,high
Indiranagar,1,19,1,1,0.832,high
MG Road,1,20,1,1,1.0,high
Whitefield,1,20,1,1,0.795,high
Koramangala,1,20,1,1,0.712,high
Electronic City,1,20,1,1,1.0,high
Indiranagar,1,20,1,1,0.814,high
MG Road,1,21,1,0,0.859,high
Whitefield,1,21,1,0,0.581,medium
Koramangala,1,21,1,0,0.474,medium
Electronic City,1,21,1,0,0.624,medium
Indiranagar,1,21,1,0,0.468,medium
MG Road,1,22,1,0,0.769,high
Whitefield,1,22,1,0,0.529,medium
Koramangala,1,22,1,0,0.359,medium
Electronic City,1,22,1,0,0.732,high
Indiranagar,1,22,1,0,0.658,high
MG Road,1,23,1,0,0.767,high
Whitefield,1,23,1,0,0.534,medium
Koramangala,1,23,1,0,0.372,medium
Electronic City,1,23,1,0,0.688,high
Indiranagar,1,23,1,0,0.525,medium
MG Road,2,0,1,0,0.371,medium
Whitefield,2,0,1,0,0.306,low
Koramangala,2,0,1,0,0.055,low
Electronic City,2,0,1,0,0.527,medium
Indiranagar,2,0,1,0,0.184,low
MG Road,2,1,1,0,0.457,medium
Whitefield,2,1,1,0,0.445,medium
Koramangala,2,1,1,0,0.025,low
Electronic City,2,1,1,0,0.431,medium
Indiranagar,2,1,1,0,0.203,low
MG Road,2,2,1,0,0.392,medium
Whitefield,2,2,1,0,0.424,medium
Koramangala,2,2,1,0,0.114,low
Electronic City,2,2,1,0,0.461,medium
Indiranagar,2,2,1,0,0.164,low
MG Road,2,3,1,0,0.529,medium
Whitefield,2,3,1,0,0.393,medium
Koramangala,2,3,1,0,0.192,low
Electronic City,2,3,1,0,0.503,medium
Indiranagar,2,3,1,0,0.21,low
MG Road,2,4,1,0,0.525,medium
Whitefield,2,4,1,0,0.353,medium
Koramangala,2,4,1,0,0.0,low
Electronic City,2,4,1,0,0.36,medium
Indiranagar,2,4,1,0,0.371,medium
MG Road,2,5,1,0,0.87,high
Whitefield,2,5,1,0,0.476,medium
Koramangala,2,5,1,0,0.464,medium
Electronic City,2,5,1,0,0.758,high
Indiranagar,2,5,1,0,0.662,high
MG Road,2,6,1,0,0.749,high
Whitefield,2,6,1,0,0.652,high
Koramangala,2,6,1,0,0.468,medium
Electronic City,2,6,1,0,0.722,high
Indiranagar,2,6,1,0,0.601,medium
MG Road,2,7,1,0,0.748,high
Whitefield,2,7,1,0,0.732,high
Koramangala,2,7,1,0,0.39,medium
Electronic City,2,7,1,0,0.676,high
Indiranagar,2,7,1,0,0.543,medium
MG Road,2,8,1,1,1.0,high
Whitefield,2,8,1,1,0.91,high
Koramangala,2,8,1,1,0.543,medium
Electronic City,2,8,1,1,1.0,high
Indiranagar,2,8,1,1,0.875,high
MG Road,2,9,1,1,1.0,high
Whitefield,2,9,1,1,0.842,high
Koramangala,2,9,1,1,0.652,high
Electronic City,2,9,1,1,0.988,high
Indiranagar,2,9,1,1,0.931,high
MG Road,2,10,1,1,1.0,high
Whitefield,2,10,1,1,0.911,high
Koramangala,2,10,1,1,0.615,medium
Electronic City,2,10,1,1,1.0,high
Indiranagar,2,10,1,1,0.786,high
MG Road,2,11,1,0,0.897,high
Whitefield,2,11,1,0,0.533,medium
Koramangala,2,11,1,0,0.374,medium
Electronic City,2,11,1,0,0.725,high
Indiranagar,2,11,1,0,0.572,medium
MG Road,2,12,1,0,0.858,high
Whitefield,2,12,1,0,0.575,medium
Koramangala,2,12,1,0,0.512,medium
Electronic City,2,12,1,0,0.685,high
Indiranagar,2,12,1,0,0.614,medium
MG Road,2,13,1,0,0.738,high
Whitefield,2,13,1,0,0.634,medium
Koramangala,2,13,1,0,0.399,medium
Electronic City,2,13,1,0,0.738,high
Indiranagar,2,13,1,0,0.695,high
MG Road,2,14,1,0,0.748,high
Whitefield,2,14,1,0,0.647,medium
Koramangala,2,14,1,0,0.338,low
Electronic City,2,14,1,0,0.759,high
Indiranagar,2,14,1,0,0.504,medium
MG Road,2,15,1,0,0.747,high
Whitefield,2,15,1,0,0.593,medium
Koramangala,2,15,1,0,0.545,medium
Electronic City,2,15,1,0,0.758,high
Indiranagar,2,15,1,0,0.732,high
MG Road,2,16,1,0,0.818,high
Whitefield,2,16,1,0,0.569,medium
Koramangala,2,16,1,0,0.523,medium
Electronic City,2,16,1,0,0.785,high
Indiranagar,2,16,1,0,0.549,medium
MG Road,2,17,1,1,1.0,high
Whitefield,2,17,1,1,0.827,high
Koramangala,2,17,1,1,0.491,medium
Electronic City,2,17,1,1,1.0,high
Indiranagar,2,17,1,1,0.938,high
MG Road,2,18,1,1,1.0,high
Whitefield,2,18,1,1,0.884,high
Koramangala,2,18,1,1,0.63,medium
Electronic City,2,18,1,1,1.0,high
Indiranagar,2,18,1,1,0.918,high
MG Road,2,19,1,1,1.0,high
Whitefield,2,19,1,1,0.846,high
Koramangala,2,19,1,1,0.637,medium
Electronic City,2,19,1,1,0.943,high
Indiranagar,2,19,1,1,0.893,high
MG Road,2,20,1,1,0.926,high
Whitefield,2,20,1,1,0.912,high
Koramangala,2,20,1,1,0.697,high
Electronic City,2,20,1,1,1.0,high
Indiranagar,2,20,1,1,0.861,high
MG Road,2,21,1,0,0.923,high
Whitefield,2,21,1,0,0.67,high
Koramangala,2,21,1,0,0.351,medium
Electronic City,2,21,1,0,0.703,high
Indiranagar,2,21,1,0,0.53,medium
MG Road,2,22,1,0,0.844,high
Whitefield,2,22,1,0,0.52,medium
Koramangala,2,22,1,0,0.487,medium
Electronic City,2,22,1,0,0.856,high
Indiranagar,2,22,1,0,0.53,medium
MG Road,2,23,1,0,0.785,high
Whitefield,2,23,1,0,0.601,medium
Koramangala,2,23,1,0,0.471,medium
Electronic City,2,23,1,0,0.879,high
Indiranagar,2,23,1,0,0.465,medium
MG Road,3,0,1,0,0.475,medium
Whitefield,3,0,1,0,0.279,low
Koramangala,3,0,1,0,0.0,low
Electronic City,3,0,1,0,0.411,medium
Indiranagar,3,0,1,0,0.334,low
MG Road,3,1,1,0,0.478,medium
Whitefield,3,1,1,0,0.176,low
Koramangala,3,1,1,0,0.33,low
Electronic City,3,1,1,0,0.471,medium
Indiranagar,3,1,1,0,0.309,low
MG Road,3,2,1,0,0.412,medium
Whitefield,3,2,1,0,0.321,low
Koramangala,3,2,1,0,0.087,low
Electronic City,3,2,1,0,0.299,low
Indiranagar,3,2,1,0,0.214,low
MG Road,3,3,1,0,0.564,medium
Whitefield,3,3,1,0,0.456,medium
Koramangala,3,3,1,0,0.129,low
Electronic City,3,3,1,0,0.538,medium
Indiranagar,3,3,1,0,0.288,low
MG Road,3,4,1,0,0.493,medium
Whitefield,3,4,1,0,0.387,medium
Koramangala,3,4,1,0,0.233,low
Electronic City,3,4,1,0,0.554,medium
Indiranagar,3,4,1,0,0.215,low
MG Road,3,5,1,0,0.795,high
Whitefield,3,5,1,0,0.622,medium
Koramangala,3,5,1,0,0.379,medium
Electronic City,3,5,1,0,0.781,high
Indiranagar,3,5,1,0,0.666,high
MG Road,3,6,1,0,0.88,high
Whitefield,3,6,1,0,0.735,high
Koramangala,3,6,1,0,0.374,medium
Electronic City,3,6,1,0,0.641,medium
Indiranagar,3,6,1,0,0.629,medium
MG Road,3,7,1,0,0.951,high
Whitefield,3,7,1,0,0.562,medium
Koramangala,3,7,1,0,0.455,medium
Electronic City,3,7,1,0,0.806,high
Indiranagar,3,7,1,0,0.615,medium
MG Road,3,8,1,1,1.0,high
Whitefield,3,8,1,1,0.776,high
Koramangala,3,8,1,1,0.467,medium
Electronic City,3,8,1,1,0.911,high
Indiranagar,3,8,1,1,0.819,high
MG Road,3,9,1,1,1.0,high
Whitefield,3,9,1,1,0.842,high
Koramangala,3,9,1,1,0.608,medium
Electronic City,3,9,1,1,0.929,high
Indiranagar,3,9,1,1,0.903,high
MG Road,3,10,1,1,1.0,high
Whitefield,3,10,1,1,0.935,high
Koramangala,3,10,1,1,0.698,high
Electronic City,3,10,1,1,0.882,high
Indiranagar,3,10,1,1,0.822,high
MG Road,3,11,1,0,0.956,high
Whitefield,3,11,1,0,0.69,high
Koramangala,3,11,1,0,0.277,low
Electronic City,3,11,1,0,0.746,high
Indiranagar,3,11,1,0,0.629,medium
MG Road,3,12,1,0,0.739,high
Whitefield,3,12,1,0,0.415,medium
Koramangala,3,12,1,0,0.408,medium
Electronic City,3,12,1,0,0.687,high
Indiranagar,3,12,1,0,0.537,medium
MG Road,3,13,1,0,0.772,high
Whitefield,3,13,1,0,0.589,medium
Koramangala,3,13,1,0,0.399,medium
Electronic City,3,13,1,0,0.679,high
Indiranagar,3,13,1,0,0.582,medium
MG Road,3,14,1,0,0.659,high
Whitefield,3,14,1,0,0.625,medium
Koramangala,3,14,1,0,0.171,low
Electronic City,3,14,1,0,0.727,high
Indiranagar,3,14,1,0,0.674,high
MG Road,3,15,1,0,0.715,high
Whitefield,3,15,1,0,0.657,high
Koramangala,3,15,1,0,0.492,medium
Electronic City,3,15,1,0,0.485,medium
Indiranagar,3,15,1,0,0.588,medium
MG Road,3,16,1,0,0.57,medium
Whitefield,3,16,1,0,0.591,medium
Koramangala,3,16,1,0,0.399,medium
Electronic City,3,16,1,0,0.551,medium
Indiranagar,3,16,1,0,0.754,high
MG Road,3,17,1,1,1.0,high
Whitefield,3,17,1,1,0.782,high
Koramangala,3,17,1,1,0.767,high
Electronic City,3,17,1,1,0.856,high
Indiranagar,3,17,1,1,0.752,high
MG Road,3,18,1,1,0.866,high
Whitefield,3,18,1,1,0.994,high
Koramangala,3,18,1,1,0.677,high
Electronic City,3,18,1,1,1.0,high
Indiranagar,3,18,1,1,0.874,high
MG Road,3,19,1,1,1.0,high
Whitefield,3,19,1,1,0.856,high
Koramangala,3,19,1,1,0.672,high
Electronic City,3,19,1,1,1.0,high
Indiranagar,3,19,1,1,0.801,high
MG Road,3,20,1,1,1.0,high
Whitefield,3,20,1,1,0.872,high
Koramangala,3,20,1,1,0.659,high
Electronic City,3,20,1,1,0.882,high
Indiranagar,3,20,1,1,0.742,high
MG Road,3,21,1,0,0.887,high
Whitefield,3,21,1,0,0.575,medium
Koramangala,3,21,1,0,0.447,medium
Electronic City,3,21,1,0,0.663,high
Indiranagar,3,21,1,0,0.482,medium
MG Road,3,22,1,0,0.733,high
Whitefield,3,22,1,0,0.582,medium
Koramangala,3,22,1,0,0.347,low
Electronic City,3,22,1,0,0.854,high
Indiranagar,3,22,1,0,0.614,medium
MG Road,3,23,1,0,0.948,high
Whitefield,3,23,1,0,0.632,medium
Koramangala,3,23,1,0,0.207,low
Electronic City,3,23,1,0,0.834,high
Indiranagar,3,23,1,0,0.479,medium
MG Road,4,0,1,0,0.518,medium
Whitefield,4,0,1,0,0.238,low
Koramangala,4,0,1,0,0.271,low
Electronic City,4,0,1,0,0.565,medium
Indiranagar,4,0,1,0,0.241,low
MG Road,4,1,1,0,0.49,medium
Whitefield,4,1,1,0,0.32,low
Koramangala,4,1,1,0,0.169,low
Electronic City,4,1,1,0,0.452,medium
Indiranagar,4,1,1,0,0.218,low
MG Road,4,2,1,0,0.443,medium
Whitefield,4,2,1,0,0.3,low
Koramangala,4,2,1,0,0.199,low
Electronic City,4,2,1,0,0.484,medium
Indiranagar,4,2,1,0,0.238,low
MG Road,4,3,1,0,0.552,medium
Whitefield,4,3,1,0,0.269,low
Koramangala,4,3,1,0,0.171,low
Electronic City,4,3,1,0,0.652,high
Indiranagar,4,3,1,0,0.271,low
MG Road,4,4,1,0,0.564,medium
Whitefield,4,4,1,0,0.24,low
Koramangala,4,4,1,0,0.091,low
Electronic City,4,4,1,0,0.452,medium
Indiranagar,4,4,1,0,0.285,low
MG Road,4,5,1,0,0.997,high
Whitefield,4,5,1,0,0.575,medium
Koramangala,4,5,1,0,0.447,medium
Electronic City,4,5,1,0,0.596,medium
Indiranagar,4,5,1,0,0.635,medium
MG Road,4,6,1,0,0.891,high
Whitefield,4,6,1,0,0.558,medium
Koramangala,4,6,1,0,0.199,low
Electronic City,4,6,1,0,0.747,high
Indiranagar,4,6,1,0,0.601,medium
MG Road,4,7,1,0,0.858,high
Whitefield,4,7,1,0,0.761,high
Koramangala,4,7,1,0,0.37,medium
Electronic City,4,7,1,0,0.681,high
Indiranagar,4,7,1,0,0.507,medium
MG Road,4,8,1,1,1.0,high
Whitefield,4,8,1,1,0.888,high
Koramangala,4,8,1,1,0.606,medium
Electronic City,4,8,1,1,1.0,high
Indiranagar,4,8,1,1,0.887,high
MG Road,4,9,1,1,1.0,high
Whitefield,4,9,1,1,0.778,high
Koramangala,4,9,1,1,0.611,medium
Electronic City,4,9,1,1,0.806,high
Indiranagar,4,9,1,1,0.869,high
MG Road,4,10,1,1,1.0,high
Whitefield,4,10,1,1,0.865,high
Koramangala,4,10,1,1,0.69,high
Electronic City,4,10,1,1,1.0,high
Indiranagar,4,10,1,1,0.841,high
MG Road,4,11,1,0,0.804,high
Whitefield,4,11,1,0,0.488,medium
Koramangala,4,11,1,0,0.353,medium
Electronic City,4,11,1,0,0.754,high
Indiranagar,4,11,1,0,0.541,medium
MG Road,4,12,1,0,0.869,high
Whitefield,4,12,1,0,0.547,medium
Koramangala,4,12,1,0,0.417,medium
Electronic City,4,12,1,0,0.759,high
Indiranagar,4,12,1,0,0.66,high
MG Road,4,13,1,0,0.872,high
Whitefield,4,13,1,0,0.656,high
Koramangala,4,13,1,0,0.232,low
Electronic City,4,13,1,0,0.846,high
Indiranagar,4,13,1,0,0.722,high
MG Road,4,14,1,0,0.761,high
Whitefield,4,14,1,0,0.619,medium
Koramangala,4,14,1,0,0.329,low
Electronic City,4,14,1,0,0.594,medium
Indiranagar,4,14,1,0,0.541,medium
MG Road,4,15,1,0,0.757,high
Whitefield,4,15,1,0,0.572,medium
Koramangala,4,15,1,0,0.323,low
Electronic City,4,15,1,0,0.691,high
Indiranagar,4,15,1,0,0.599,medium
MG Road,4,16,1,0,0.738,high
Whitefield,4,16,1,0,0.643,medium
Koramangala,4,16,1,0,0.455,medium
Electronic City,4,16,1,0,0.94,high
Indiranagar,4,16,1,0,0.69,high
MG Road,4,17,1,1,1.0,high
Whitefield,4,17,1,1,0.8,high
Koramangala,4,17,1,1,0.673,high
Electronic City,4,17,1,1,1.0,high
Indiranagar,4,17,1,1,0.809,high
MG Road,4,18,1,1,1.0,high
Whitefield,4,18,1,1,0.738,high
Koramangala,4,18,1,1,0.63,medium
Electronic City,4,18,1,1,1.0,high
Indiranagar,4,18,1,1,0.827,high
MG Road,4,19,1,1,1.0,high
Whitefield,4,19,1,1,0.839,high
Koramangala,4,19,1,1,0.583,medium
Electronic City,4,19,1,1,1.0,high
Indiranagar,4,19,1,1,0.769,high
MG Road,4,20,1,1,1.0,high
Whitefield,4,20,1,1,0.883,high
Koramangala,4,20,1,1,0.574,medium
Electronic City,4,20,1,1,1.0,high
Indiranagar,4,20,1,1,0.777,high
MG Road,4,21,1,0,0.911,high
Whitefield,4,21,1,0,0.509,medium
Koramangala,4,21,1,0,0.348,low
Electronic City,4,21,1,0,0.652,high
Indiranagar,4,21,1,0,0.491,medium
MG Road,4,22,1,0,0.927,high
Whitefield,4,22,1,0,0.643,medium
Koramangala,4,22,1,0,0.411,medium
Electronic City,4,22,1,0,0.697,high
Indiranagar,4,22,1,0,0.673,high
MG Road,4,23,1,0,0.734,high
Whitefield,4,23,1,0,0.663,high
Koramangala,4,23,1,0,0.33,low
Electronic City,4,23,1,0,0.698,high
Indiranagar,4,23,1,0,0.661,high
MG Road,5,0,0,0,0.319,low
Whitefield,5,0,0,0,0.098,low
Koramangala,5,0,0,0,0.0,low
Electronic City,5,0,0,0,0.164,low
Indiranagar,5,0,0,0,0.063,low
MG Road,5,1,0,0,0.182,low
Whitefield,5,1,0,0,0.16,low
Koramangala,5,1,0,0,0.0,low
Electronic City,5,1,0,0,0.138,low
Indiranagar,5,1,0,0,0.009,low
MG Road,5,2,0,0,0.022,low
Whitefield,5,2,0,0,0.0,low
Koramangala,5,2,0,0,0.0,low
Electronic City,5,2,0,0,0.202,low
Indiranagar,5,2,0,0,0.176,low
MG Road,5,3,0,0,0.374,medium
Whitefield,5,3,0,0,0.085,low
Koramangala,5,3,0,0,0.0,low
Electronic City,5,3,0,0,0.205,low
Indiranagar,5,3,0,0,0.0,low
MG Road,5,4,0,0,0.138,low
Whitefield,5,4,0,0,0.058,low
Koramangala,5,4,0,0,0.0,low
Electronic City,5,4,0,0,0.223,low
Indiranagar,5,4,0,0,0.0,low
MG Road,5,5,0,0,0.625,medium
Whitefield,5,5,0,0,0.469,medium
Koramangala,5,5,0,0,0.225,low
Electronic City,5,5,0,0,0.579,medium
Indiranagar,5,5,0,0,0.305,low
MG Road,5,6,0,0,0.636,medium
Whitefield,5,6,0,0,0.362,medium
Koramangala,5,6,0,0,0.191,low
Electronic City,5,6,0,0,0.529,medium
Indiranagar,5,6,0,0,0.34,low
MG Road,5,7,0,0,0.481,medium
Whitefield,5,7,0,0,0.343,low
Koramangala,5,7,0,0,0.229,low
Electronic City,5,7,0,0,0.465,medium
Indiranagar,5,7,0,0,0.421,medium
MG Road,5,8,0,1,0.609,medium
Whitefield,5,8,0,1,0.326,low
Koramangala,5,8,0,1,0.261,low
Electronic City,5,8,0,1,0.472,medium
Indiranagar,5,8,0,1,0.471,medium
MG Road,5,9,0,1,0.585,medium
Whitefield,5,9,0,1,0.349,low
Koramangala,5,9,0,1,0.079,low
Electronic City,5,9,0,1,0.493,medium
Indiranagar,5,9,0,1,0.334,low
MG Road,5,10,0,1,0.449,medium
Whitefield,5,10,0,1,0.333,low
Koramangala,5,10,0,1,0.086,low
Electronic City,5,10,0,1,0.547,medium
Indiranagar,5,10,0,1,0.455,medium
MG Road,5,11,0,0,0.452,medium
Whitefield,5,11,0,0,0.487,medium
Koramangala,5,11,0,0,0.14,low
Electronic City,5,11,0,0,0.422,medium
Indiranagar,5,11,0,0,0.411,medium
MG Road,5,12,0,0,0.514,medium
Whitefield,5,12,0,0,0.343,low
Koramangala,5,12,0,0,0.118,low
Electronic City,5,12,0,0,0.435,medium
Indiranagar,5,12,0,0,0.408,medium
MG Road,5,13,0,0,0.527,medium
Whitefield,5,13,0,0,0.235,low
Koramangala,5,13,0,0,0.194,low
Electronic City,5,13,0,0,0.404,medium
Indiranagar,5,13,0,0,0.258,low
MG Road,5,14,0,0,0.645,medium
Whitefield,5,14,0,0,0.254,low
Koramangala,5,14,0,0,0.0,low
Electronic City,5,14,0,0,0.55,medium
Indiranagar,5,14,0,0,0.326,low
MG Road,5,15,0,0,0.533,medium
Whitefield,5,15,0,0,0.325,low
Koramangala,5,15,0,0,0.169,low
Electronic City,5,15,0,0,0.44,medium
Indiranagar,5,15,0,0,0.468,medium
MG Road,5,16,0,0,0.432,medium
Whitefield,5,16,0,0,0.386,medium
Koramangala,5,16,0,0,0.201,low
Electronic City,5,16,0,0,0.439,medium
Indiranagar,5,16,0,0,0.268,low
MG Road,5,17,0,1,0.631,medium
Whitefield,5,17,0,1,0.271,low
Koramangala,5,17,0,1,0.101,low
Electronic City,5,17,0,1,0.571,medium
Indiranagar,5,17,0,1,0.353,medium
MG Road,5,18,0,1,0.406,medium
Whitefield,5,18,0,1,0.49,medium
Koramangala,5,18,0,1,0.108,low
Electronic City,5,18,0,1,0.468,medium
Indiranagar,5,18,0,1,0.37,medium
MG Road,5,19,0,1,0.6,medium
Whitefield,5,19,0,1,0.507,medium
Koramangala,5,19,0,1,0.017,low
Electronic City,5,19,0,1,0.566,medium
Indiranagar,5,19,0,1,0.409,medium
MG Road,5,20,0,1,0.539,medium
Whitefield,5,20,0,1,0.413,medium
Koramangala,5,20,0,1,0.225,low
Electronic City,5,20,0,1,0.389,medium
Indiranagar,5,20,0,1,0.49,medium
MG Road,5,21,0,0,0.425,medium
Whitefield,5,21,0,0,0.259,low
Koramangala,5,21,0,0,0.129,low
Electronic City,5,21,0,0,0.654,high
Indiranagar,5,21,0,0,0.325,low
MG Road,5,22,0,0,0.547,medium
Whitefield,5,22,0,0,0.465,medium
Koramangala,5,22,0,0,0.126,low
Electronic City,5,22,0,0,0.406,medium
Indiranagar,5,22,0,0,0.317,low
MG Road,5,23,0,0,0.66,high
Whitefield,5,23,0,0,0.356,medium
Koramangala,5,23,0,0,0.304,low
Electronic City,5,23,0,0,0.559,medium
Indiranagar,5,23,0,0,0.298,low
MG Road,6,0,0,0,0.254,low
Whitefield,6,0,0,0,0.0,low
Koramangala,6,0,0,0,0.0,low
Electronic City,6,0,0,0,0.558,medium
Indiranagar,6,0,0,0,0.131,low
MG Road,6,1,0,0,0.319,low
Whitefield,6,1,0,0,0.0,low
Koramangala,6,1,0,0,0.0,low
Electronic City,6,1,0,0,0.288,low
Indiranagar,6,1,0,0,0.201,low
MG Road,6,2,0,0,0.397,medium
Whitefield,6,2,0,0,0.0,low
Koramangala,6,2,0,0,0.0,low
Electronic City,6,2,0,0,0.12,low
Indiranagar,6,2,0,0,0.0,low
MG Road,6,3,0,0,0.276,low
Whitefield,6,3,0,0,0.005,low
Koramangala,6,3,0,0,0.016,low
Electronic City,6,3,0,0,0.352,medium
Indiranagar,6,3,0,0,0.049,low
MG Road,6,4,0,0,0.406,medium
Whitefield,6,4,0,0,0.169,low
Koramangala,6,4,0,0,0.0,low
Electronic City,6,4,0,0,0.039,low
Indiranagar,6,4,0,0,0.033,low
MG Road,6,5,0,0,0.498,medium
Whitefield,6,5,0,0,0.367,medium
Koramangala,6,5,0,0,0.157,low
Electronic City,6,5,0,0,0.505,medium
Indiranagar,6,5,0,0,0.392,medium
MG Road,6,6,0,0,0.453,medium
Whitefield,6,6,0,0,0.383,medium
Koramangala,6,6,0,0,0.115,low
Electronic City,6,6,0,0,0.516,medium
Indiranagar,6,6,0,0,0.427,medium
MG Road,6,7,0,0,0.452,medium
Whitefield,6,7,0,0,0.327,low
Koramangala,6,7,0,0,0.141,low
Electronic City,6,7,0,0,0.459,medium
Indiranagar,6,7,0,0,0.422,medium
MG Road,6,8,0,1,0.492,medium
Whitefield,6,8,0,1,0.306,low
Koramangala,6,8,0,1,0.093,low
Electronic City,6,8,0,1,0.587,medium
Indiranagar,6,8,0,1,0.311,low
MG Road,6,9,0,1,0.587,medium
Whitefield,6,9,0,1,0.508,medium
Koramangala,6,9,0,1,0.144,low
Electronic City,6,9,0,1,0.589,medium
Indiranagar,6,9,0,1,0.484,medium
MG Road,6,10,0,1,0.632,medium
Whitefield,6,10,0,1,0.349,low
Koramangala,6,10,0,1,0.201,low
Electronic City,6,10,0,1,0.397,medium
Indiranagar,6,10,0,1,0.288,low
MG Road,6,11,0,0,0.502,medium
Whitefield,6,11,0,0,0.529,medium
Koramangala,6,11,0,0,0.085,low
Electronic City,6,11,0,0,0.434,medium
Indiranagar,6,11,0,0,0.266,low
MG Road,6,12,0,0,0.595,medium
Whitefield,6,12,0,0,0.361,medium
Koramangala,6,12,0,0,0.237,low
Electronic City,6,12,0,0,0.554,medium
Indiranagar,6,12,0,0,0.24,low
MG Road,6,13,0,0,0.485,medium
Whitefield,6,13,0,0,0.459,medium
Koramangala,6,13,0,0,0.134,low
Electronic City,6,13,0,0,0.595,medium
Indiranagar,6,13,0,0,0.338,low
MG Road,6,14,0,0,0.473,medium
Whitefield,6,14,0,0,0.326,low
Koramangala,6,14,0,0,0.073,low
Electronic City,6,14,0,0,0.455,medium
Indiranagar,6,14,0,0,0.366,medium
MG Road,6,15,0,0,0.591,medium
Whitefield,6,15,0,0,0.223,low
Koramangala,6,15,0,0,0.149,low
Electronic City,6,15,0,0,0.453,medium
Indiranagar,6,15,0,0,0.298,low
MG Road,6,16,0,0,0.561,medium
Whitefield,6,16,0,0,0.306,low
Koramangala,6,16,0,0,0.261,low
Electronic City,6,16,0,0,0.595,medium
Indiranagar,6,16,0,0,0.445,medium
MG Road,6,17,0,1,0.51,medium
Whitefield,6,17,0,1,0.273,low
Koramangala,6,17,0,1,0.157,low
Electronic City,6,17,0,1,0.488,medium
Indiranagar,6,17,0,1,0.301,low
MG Road,6,18,0,1,0.456,medium
Whitefield,6,18,0,1,0.347,low
Koramangala,6,18,0,1,0.118,low
Electronic City,6,18,0,1,0.555,medium
Indiranagar,6,18,0,1,0.403,medium
MG Road,6,19,0,1,0.638,medium
Whitefield,6,19,0,1,0.249,low
Koramangala,6,19,0,1,0.182,low
Electronic City,6,19,0,1,0.442,medium
Indiranagar,6,19,0,1,0.252,low
MG Road,6,20,0,1,0.516,medium
Whitefield,6,20,0,1,0.435,medium
Koramangala,6,20,0,1,0.12,low
Electronic City,6,20,0,1,0.625,medium
Indiranagar,6,20,0,1,0.394,medium
MG Road,6,21,0,0,0.518,medium
Whitefield,6,21,0,0,0.443,medium
Koramangala,6,21,0,0,0.186,low
Electronic City,6,21,0,0,0.425,medium
Indiranagar,6,21,0,0,0.499,medium
MG Road,6,22,0,0,0.571,medium
Whitefield,6,22,0,0,0.352,medium
Koramangala,6,22,0,0,0.082,low
Electronic City,6,22,0,0,0.594,medium
Indiranagar,6,22,0,0,0.391,medium
MG Road,6,23,0,0,0.6,medium
Whitefield,6,23,0,0,0.309,low
Koramangala,6,23,0,0,0.217,low
Electronic City,6,23,0,0,0.573,medium
Indiranagar,6,23,0,0,0.296,low
MG Road,0,0,1,0,0.387,medium
Whitefield,0,0,1,0,0.347,low
Koramangala,0,0,1,0,0.0,low
Electronic City,0,0,1,0,0.462,medium
Indiranagar,0,0,1,0,0.264,low
MG Road,0,1,1,0,0.597,medium
Whitefield,0,1,1,0,0.269,low
Koramangala,0,1,1,0,0.189,low
Electronic City,0,1,1,0,0.409,medium
Indiranagar,0,1,1,0,0.38,medium
MG Road,0,2,1,0,0.665,high
Whitefield,0,2,1,0,0.215,low
Koramangala,0,2,1,0,0.123,low
Electronic City,0,2,1,0,0.67,high
Indiranagar,0,2,1,0,0.305,low
MG Road,0,3,1,0,0.505,medium
Whitefield,0,3,1,0,0.363,medium
Koramangala,0,3,1,0,0.103,low
Electronic City,0,3,1,0,0.313,low
Indiranagar,0,3,1,0,0.391,medium
MG Road,0,4,1,0,0.34,low
Whitefield,0,4,1,0,0.267,low
Koramangala,0,4,1,0,0.197,low
Electronic City,0,4,1,0,0.421,medium
Indiranagar,0,4,1,0,0.245,low
MG Road,0,5,1,0,0.87,high
Whitefield,0,5,1,0,0.532,medium
Koramangala,0,5,1,0,0.302,low
Electronic City,0,5,1,0,0.772,high
Indiranagar,0,5,1,0,0.585,medium
MG Road,0,6,1,0,0.701,high
Whitefield,0,6,1,0,0.651,high
Koramangala,0,6,1,0,0.437,medium
Electronic City,0,6,1,0,0.721,high
Indiranagar,0,6,1,0,0.577,medium
MG Road,0,7,1,0,0.838,high
Whitefield,0,7,1,0,0.695,high
Koramangala,0,7,1,0,0.377,medium
Electronic City,0,7,1,0,0.802,high
Indiranagar,0,7,1,0,0.645,medium
MG Road,0,8,1,1,1.0,high
Whitefield,0,8,1,1,0.853,high
Koramangala,0,8,1,1,0.577,medium
Electronic City,0,8,1,1,0.963,high
Indiranagar,0,8,1,1,0.877,high
MG Road,0,9,1,1,1.0,high
Whitefield,0,9,1,1,0.811,high
Koramangala,0,9,1,1,0.714,high
Electronic City,0,9,1,1,0.974,high
Indiranagar,0,9,1,1,0.859,high
MG Road,0,10,1,1,1.0,high
Whitefield,0,10,1,1,0.911,high
Koramangala,0,10,1,1,0.551,medium
Electronic City,0,10,1,1,0.954,high
Indiranagar,0,10,1,1,0.95,high
MG Road,0,11,1,0,0.811,high
Whitefield,0,11,1,0,0.508,medium
Koramangala,0,11,1,0,0.334,low
Electronic City,0,11,1,0,0.806,high
Indiranagar,0,11,1,0,0.68,high
MG Road,0,12,1,0,0.801,high
Whitefield,0,12,1,0,0.798,high
Koramangala,0,12,1,0,0.466,medium
Electronic City,0,12,1,0,0.731,high
Indiranagar,0,12,1,0,0.535,medium
MG Road,0,13,1,0,0.722,high
Whitefield,0,13,1,0,0.627,medium
Koramangala,0,13,1,0,0.361,medium
Electronic City,0,13,1,0,0.884,high
Indiranagar,0,13,1,0,0.717,high
MG Road,0,14,1,0,0.851,high
Whitefield,0,14,1,0,0.506,medium
Koramangala,0,14,1,0,0.346,low
Electronic City,0,14,1,0,0.85,high
Indiranagar,0,14,1,0,0.555,medium
MG Road,0,15,1,0,0.89,high
Whitefield,0,15,1,0,0.638,medium
Koramangala,0,15,1,0,0.404,medium
Electronic City,0,15,1,0,0.694,high
Indiranagar,0,15,1,0,0.592,medium
MG Road,0,16,1,0,0.815,high
Whitefield,0,16,1,0,0.683,high
Koramangala,0,16,1,0,0.329,low
Electronic City,0,16,1,0,0.729,high
Indiranagar,0,16,1,0,0.604,medium
MG Road,0,17,1,1,1.0,high
Whitefield,0,17,1,1,0.777,high
Koramangala,0,17,1,1,0.545,medium
Electronic City,0,17,1,1,1.0,high
Indiranagar,0,17,1,1,0.729,high
MG Road,0,18,1,1,1.0,high
Whitefield,0,18,1,1,0.838,high
Koramangala,0,18,1,1,0.526,medium
Electronic City,0,18,1,1,0.962,high
Indiranagar,0,18,1,1,0.88,high
MG Road,0,19,1,1,1.0,high
Whitefield,0,19,1,1,0.852,high
Koramangala,0,19,1,1,0.709,high
Electronic City,0,19,1,1,0.984,high
Indiranagar,0,19,1,1,0.775,high
MG Road,0,20,1,1,1.0,high
Whitefield,0,20,1,1,0.963,high
Koramangala,0,20,1,1,0.785,high
Electronic City,0,20,1,1,0.838,high
Indiranagar,0,20,1,1,0.937,high
MG Road,0,21,1,0,0.82,high
Whitefield,0,21,1,0,0.674,high
Koramangala,0,21,1,0,0.356,medium
Electronic City,0,21,1,0,0.609,medium
Indiranagar,0,21,1,0,0.647,medium
MG Road,0,22,1,0,0.725,high
Whitefield,0,22,1,0,0.489,medium
Koramangala,0,22,1,0,0.295,low
Electronic City,0,22,1,0,0.798,high
Indiranagar,0,22,1,0,0.611,medium
MG Road,0,23,1,0,0.863,high
Whitefield,0,23,1,0,0.654,high
Koramangala,0,23,1,0,0.366,medium
Electronic City,0,23,1,0,0.744,high
Indiranagar,0,23,1,0,0.559,medium
MG Road,1,0,1,0,0.483,medium
Whitefield,1,0,1,0,0.223,low
Koramangala,1,0,1,0,0.131,low
Electronic City,1,0,1,0,0.536,medium
Indiranagar,1,0,1,0,0.235,low
MG Road,1,1,1,0,0.603,medium
Whitefield,1,1,1,0,0.309,low
Koramangala,1,1,1,0,0.119,low
Electronic City,1,1,1,0,0.314,low
Indiranagar,1,1,1,0,0.155,low
MG Road,1,2,1,0,0.512,medium
Whitefield,1,2,1,0,0.363,medium
Koramangala,1,2,1,0,0.046,low
Electronic City,1,2,1,0,0.584,medium
Indiranagar,1,2,1,0,0.359,medium
MG Road,1,3,1,0,0.427,medium
Whitefield,1,3,1,0,0.302,low
Koramangala,1,3,1,0,0.298,low
Electronic City,1,3,1,0,0.351,medium
Indiranagar,1,3,1,0,0.342,low
MG Road,1,4,1,0,0.474,medium
Whitefield,1,4,1,0,0.357,medium
Koramangala,1,4,1,0,0.201,low
Electronic City,1,4,1,0,0.419,medium
Indiranagar,1,4,1,0,0.39,medium
MG Road,1,5,1,0,0.978,high
Whitefield,1,5,1,0,0.605,medium
Koramangala,1,5,1,0,0.463,medium
Electronic City,1,5,1,0,0.703,high
Indiranagar,1,5,1,0,0.602,medium
MG Road,1,6,1,0,0.786,high
Whitefield,1,6,1,0,0.664,high
Koramangala,1,6,1,0,0.496,medium
Electronic City,1,6,1,0,0.741,high
Indiranagar,1,6,1,0,0.723,high
MG Road,1,7,1,0,0.922,high
Whitefield,1,7,1,0,0.668,high
Koramangala,1,7,1,0,0.359,medium
Electronic City,1,7,1,0,0.701,high
Indiranagar,1,7,1,0,0.535,medium
MG Road,1,8,1,1,1.0,high
Whitefield,1,8,1,1,0.753,high
Koramangala,1,8,1,1,0.704,high
Electronic City,1,8,1,1,0.914,high
Indiranagar,1,8,1,1,0.916,high
MG Road,1,9,1,1,1.0,high
Whitefield,1,9,1,1,0.957,high
Koramangala,1,9,1,1,0.741,high
Electronic City,1,9,1,1,1.0,high
Indiranagar,1,9,1,1,0.967,high
MG Road,1,10,1,1,1.0,high
Whitefield,1,10,1,1,0.757,high
Koramangala,1,10,1,1,0.566,medium
Electronic City,1,10,1,1,0.833,high
Indiranagar,1,10,1,1,0.763,high
MG Road,1,11,1,0,0.806,high
Whitefield,1,11,1,0,0.555,medium
Koramangala,1,11,1,0,0.386,medium
Electronic City,1,11,1,0,0.789,high
Indiranagar,1,11,1,0,0.576,medium
MG Road,1,12,1,0,0.71,high
Whitefield,1,12,1,0,0.596,medium
Koramangala,1,12,1,0,0.328,low
Electronic City,1,12,1,0,0.728,high
Indiranagar,1,12,1,0,0.707,high
MG Road,1,13,1,0,0.778,high
Whitefield,1,13,1,0,0.742,high
Koramangala,1,13,1,0,0.515,medium
Electronic City,1,13,1,0,0.704,high
Indiranagar,1,13,1,0,0.511,medium
MG Road,1,14,1,0,0.796,high
Whitefield,1,14,1,0,0.692,high
Koramangala,1,14,1,0,0.361,medium
Electronic City,1,14,1,0,0.823,high
Indiranagar,1,14,1,0,0.697,high
MG Road,1,15,1,0,0.738,high
Whitefield,1,15,1,0,0.546,medium
Koramangala,1,15,1,0,0.457,medium
Electronic City,1,15,1,0,0.762,high
Indiranagar,1,15,1,0,0.545,medium
MG Road,1,16,1,0,0.772,high
Whitefield,1,16,1,0,0.594,medium
Koramangala,1,16,1,0,0.275,low
Electronic City,1,16,1,0,0.811,high
Indiranagar,1,16,1,0,0.562,medium
MG Road,1,17,1,1,0.827,high
Whitefield,1,17,1,1,0.848,high
Koramangala,1,17,1,1,0.591,medium
Electronic City,1,17,1,1,1.0,high
Indiranagar,1,17,1,1,0.803,high
MG Road,1,18,1,1,0.962,high
Whitefield,1,18,1,1,0.891,high
Koramangala,1,18,1,1,0.597,medium
Electronic City,1,18,1,1,0.938,high
Indiranagar,1,18,1,1,0.891,high
MG Road,1,19,1,1,0.967,high
Whitefield,1,19,1,1,0.733,high
Koramangala,1,19,1,1,0.788,high
Electronic City,1,19,1,1,1.0,high
Indiranagar,1,19,1,1,0.829,high
MG Road,1,20,1,1,1.0,high
Whitefield,1,20,1,1,0.89,high
Koramangala,1,20,1,1,0.728,high
Electronic City,1,20,1,1,0.94,high
Indiranagar,1,20,1,1,0.879,high
MG Road,1,21,1,0,0.759,high
Whitefield,1,21,1,0,0.585,medium
Koramangala,1,21,1,0,0.413,medium
Electronic City,1,21,1,0,0.749,high
Indiranagar,1,21,1,0,0.659,high
MG Road,1,22,1,0,0.839,high
Whitefield,1,22,1,0,0.479,medium
Koramangala,1,22,1,0,0.291,low
Electronic City,1,22,1,0,0.72,high
Indiranagar,1,22,1,0,0.746,high
MG Road,1,23,1,0,0.732,high
Whitefield,1,23,1,0,0.583,medium
Koramangala,1,23,1,0,0.357,medium
Electronic City,1,23,1,0,0.706,high
Indiranagar,1,23,1,0,0.614,medium
MG Road,2,0,1,0,0.612,medium
Whitefield,2,0,1,0,0.336,low
Koramangala,2,0,1,0,0.036,low
Electronic City,2,0,1,0,0.67,high
Indiranagar,2,0,1,0,0.306,low
MG Road,2,1,1,0,0.454,medium
Whitefield,2,1,1,0,0.413,medium
Koramangala,2,1,1,0,0.062,low
Electronic City,2,1,1,0,0.583,medium
Indiranagar,2,1,1,0,0.23,low
MG Road,2,2,1,0,0.614,medium
Whitefield,2,2,1,0,0.316,low
Koramangala,2,2,1,0,0.203,low
Electronic City,2,2,1,0,0.602,medium
Indiranagar,2,2,1,0,0.209,low
MG Road,2,3,1,0,0.602,medium
Whitefield,2,3,1,0,0.187,low
Koramangala,2,3,1,0,0.016,low
Electronic City,2,3,1,0,0.386,medium
Indiranagar,2,3,1,0,0.34,low
MG Road,2,4,1,0,0.503,medium
Whitefield,2,4,1,0,0.287,low
Koramangala,2,4,1,0,0.112,low
Electronic City,2,4,1,0,0.497,medium
Indiranagar,2,4,1,0,0.353,medium
MG Road,2,5,1,0,0.888,high
Whitefield,2,5,1,0,0.746,high
Koramangala,2,5,1,0,0.398,medium
Electronic City,2,5,1,0,0.708,high
Indiranagar,2,5,1,0,0.649,medium
MG Road,2,6,1,0,0.708,high
Whitefield,2,6,1,0,0.546,medium
Koramangala,2,6,1,0,0.48,medium
Electronic City,2,6,1,0,0.74,high
Indiranagar,2,6,1,0,0.503,medium
MG Road,2,7,1,0,0.681,high
Whitefield,2,7,1,0,0.604,medium
Koramangala,2,7,1,0,0.491,medium
Electronic City,2,7,1,0,0.84,high
Indiranagar,2,7,1,0,0.609,medium
MG Road,2,8,1,1,1.0,high
Whitefield,2,8,1,1,0.842,high
Koramangala,2,8,1,1,0.639,medium
Electronic City,2,8,1,1,0.795,high
Indiranagar,2,8,1,1,0.814,high
MG Road,2,9,1,1,1.0,high
Whitefield,2,9,1,1,0.975,high
Koramangala,2,9,1,1,0.584,medium
Electronic City,2,9,1,1,1.0,high
Indiranagar,2,9,1,1,0.934,high
MG Road,2,10,1,1,1.0,high
Whitefield,2,10,1,1,0.667,high
Koramangala,2,10,1,1,0.67,high
Electronic City,2,10,1,1,1.0,high
Indiranagar,2,10,1,1,0.774,high
MG Road,2,11,1,0,0.78,high
Whitefield,2,11,1,0,0.508,medium
Koramangala,2,11,1,0,0.194,low
Electronic City,2,11,1,0,0.832,high
Indiranagar,2,11,1,0,0.6,medium
MG Road,2,12,1,0,0.928,high
Whitefield,2,12,1,0,0.669,high
Koramangala,2,12,1,0,0.372,medium
Electronic City,2,12,1,0,0.743,high
Indiranagar,2,12,1,0,0.645,medium
MG Road,2,13,1,0,0.877,high
Whitefield,2,13,1,0,0.626,medium
Koramangala,2,13,1,0,0.488,medium
Electronic City,2,13,1,0,0.726,high
Indiranagar,2,13,1,0,0.52,medium
MG Road,2,14,1,0,0.795,high
Whitefield,2,14,1,0,0.616,medium
Koramangala,2,14,1,0,0.304,low
Electronic City,2,14,1,0,0.643,medium
Indiranagar,2,14,1,0,0.636,medium
MG Road,2,15,1,0,0.767,high
Whitefield,2,15,1,0,0.587,medium
Koramangala,2,15,1,0,0.371,medium
Electronic City,2,15,1,0,0.872,high
Indiranagar,2,15,1,0,0.701,high
MG Road,2,16,1,0,0.701,high
Whitefield,2,16,1,0,0.557,medium
Koramangala,2,16,1,0,0.468,medium
Electronic City,2,16,1,0,0.798,high
Indiranagar,2,16,1,0,0.597,medium
MG Road,2,17,1,1,0.959,high
Whitefield,2,17,1,1,0.795,high
Koramangala,2,17,1,1,0.609,medium
Electronic City,2,17,1,1,1.0,high
Indiranagar,2,17,1,1,0.986,high
MG Road,2,18,1,1,0.995,high
Whitefield,2,18,1,1,0.768,high
Koramangala,2,18,1,1,0.641,medium
Electronic City,2,18,1,1,1.0,high
Indiranagar,2,18,1,1,0.734,high
MG Road,2,19,1,1,1.0,high
Whitefield,2,19,1,1,0.836,high
Koramangala,2,19,1,1,0.591,medium
Electronic City,2,19,1,1,0.872,high
Indiranagar,2,19,1,1,0.907,high
MG Road,2,20,1,1,1.0,high
Whitefield,2,20,1,1,0.864,high
Koramangala,2,20,1,1,0.578,medium
Electronic City,2,20,1,1,0.974,high
Indiranagar,2,20,1,1,0.811,high
MG Road,2,21,1,0,0.792,high
Whitefield,2,21,1,0,0.546,medium
Koramangala,2,21,1,0,0.277,low
Electronic City,2,21,1,0,0.968,high
Indiranagar,2,21,1,0,0.491,medium
MG Road,2,22,1,0,0.815,high
Whitefield,2,22,1,0,0.458,medium
Koramangala,2,22,1,0,0.24,low
Electronic City,2,22,1,0,0.758,high
Indiranagar,2,22,1,0,0.614,medium
MG Road,2,23,1,0,0.901,high
Whitefield,2,23,1,0,0.632,medium
Koramangala,2,23,1,0,0.388,medium
Electronic City,2,23,1,0,0.674,high
Indiranagar,2,23,1,0,0.72,high
MG Road,3,0,1,0,0.574,medium
Whitefield,3,0,1,0,0.2,low
Koramangala,3,0,1,0,0.103,low
Electronic City,3,0,1,0,0.462,medium
Indiranagar,3,0,1,0,0.272,low
MG Road,3,1,1,0,0.562,medium
Whitefield,3,1,1,0,0.367,medium
Koramangala,3,1,1,0,0.085,low
Electronic City,3,1,1,0,0.428,medium
Indiranagar,3,1,1,0,0.42,medium
MG Road,3,2,1,0,0.575,medium
Whitefield,3,2,1,0,0.306,low
Koramangala,3,2,1,0,0.0,low
Electronic City,3,2,1,0,0.478,medium
Indiranagar,3,2,1,0,0.356,medium
MG Road,3,3,1,0,0.28,low
Whitefield,3,3,1,0,0.32,low
Koramangala,3,3,1,0,0.067,low
Electronic City,3,3,1,0,0.432,medium
Indiranagar,3,3,1,0,0.227,low
MG Road,3,4,1,0,0.488,medium
Whitefield,3,4,1,0,0.411,medium
Koramangala,3,4,1,0,0.064,low
Electronic City,3,4,1,0,0.527,medium
Indiranagar,3,4,1,0,0.235,low
MG Road,3,5,1,0,0.861,high
Whitefield,3,5,1,0,0.6,medium
Koramangala,3,5,1,0,0.428,medium
Electronic City,3,5,1,0,0.751,high
Indiranagar,3,5,1,0,0.651,high
MG Road,3,6,1,0,0.595,medium
Whitefield,3,6,1,0,0.486,medium
Koramangala,3,6,1,0,0.433,medium
Electronic City,3,6,1,0,0.587,medium
Indiranagar,3,6,1,0,0.558,medium
MG Road,3,7,1,0,0.796,high
Whitefield,3,7,1,0,0.534,medium
Koramangala,3,7,1,0,0.345,low
Electronic City,3,7,1,0,0.772,high
Indiranagar,3,7,1,0,0.681,high
MG Road,3,8,1,1,0.973,high
Whitefield,3,8,1,1,0.804,high
Koramangala,3,8,1,1,0.591,medium
Electronic City,3,8,1,1,0.806,high
Indiranagar,3,8,1,1,0.861,high
MG Road,3,9,1,1,1.0,high
Whitefield,3,9,1,1,0.931,high
Koramangala,3,9,1,1,0.58,medium
Electronic City,3,9,1,1,0.9,high
Indiranagar,3,9,1,1,0.852,high
MG Road,3,10,1,1,1.0,high
Whitefield,3,10,1,1,0.862,high
Koramangala,3,10,1,1,0.673,high
Electronic City,3,10,1,1,1.0,high
Indiranagar,3,10,1,1,0.791,high
MG Road,3,11,1,0,0.782,high
Whitefield,3,11,1,0,0.731,high
Koramangala,3,11,1,0,0.384,medium
Electronic City,3,11,1,0,0.649,medium
Indiranagar,3,11,1,0,0.546,medium
MG Road,3,12,1,0,0.725,high
Whitefield,3,12,1,0,0.629,medium
Koramangala,3,12,1,0,0.328,low
Electronic City,3,12,1,0,0.772,high
Indiranagar,3,12,1,0,0.541,medium
MG Road,3,13,1,0,0.63,medium
Whitefield,3,13,1,0,0.625,medium
Koramangala,3,13,1,0,0.412,medium
Electronic City,3,13,1,0,0.791,high
Indiranagar,3,13,1,0,0.546,medium
MG Road,3,14,1,0,0.738,high
Whitefield,3,14,1,0,0.632,medium
Koramangala,3,14,1,0,0.522,medium
Electronic City,3,14,1,0,0.751,high
Indiranagar,3,14,1,0,0.634,medium
MG Road,3,15,1,0,0.774,high
Whitefield,3,15,1,0,0.477,medium
Koramangala,3,15,1,0,0.477,medium
Electronic City,3,15,1,0,0.823,high
Indiranagar,3,15,1,0,0.657,high
MG Road,3,16,1,0,0.785,high
Whitefield,3,16,1,0,0.648,medium
Koramangala,3,16,1,0,0.472,medium
Electronic City,3,16,1,0,0.88,high
Indiranagar,3,16,1,0,0.679,high
MG Road,3,17,1,1,1.0,high
Whitefield,3,17,1,1,0.745,high
Koramangala,3,17,1,1,0.662,high
Electronic City,3,17,1,1,1.0,high
Indiranagar,3,17,1,1,0.907,high
MG Road,3,18,1,1,1.0,high
Whitefield,3,18,1,1,0.842,high
Koramangala,3,18,1,1,0.818,high
Electronic City,3,18,1,1,0.859,high
Indiranagar,3,18,1,1,0.884,high
MG Road,3,19,1,1,0.986,high
Whitefield,3,19,1,1,0.697,high
Koramangala,3,19,1,1,0.634,medium
Electronic City,3,19,1,1,0.883,high
Indiranagar,3,19,1,1,0.837,high
MG Road,3,20,1,1,1.0,high
Whitefield,3,20,1,1,0.939,high
Koramangala,3,20,1,1,0.529,medium
Electronic City,3,20,1,1,1.0,high
Indiranagar,3,20,1,1,0.858,high
MG Road,3,21,1,0,0.882,high
Whitefield,3,21,1,0,0.565,medium
Koramangala,3,21,1,0,0.293,low
Electronic City,3,21,1,0,0.653,high
Indiranagar,3,21,1,0,0.497,medium
MG Road,3,22,1,0,0.838,high
Whitefield,3,22,1,0,0.718,high
Koramangala,3,22,1,0,0.355,medium
Electronic City,3,22,1,0,0.8,high
Indiranagar,3,22,1,0,0.478,medium
MG Road,3,23,1,0,0.814,high
Whitefield,3,23,1,0,0.653,high
Koramangala,3,23,1,0,0.284,low
Electronic City,3,23,1,0,0.734,high
Indiranagar,3,23,1,0,0.657,high
MG Road,4,0,1,0,0.265,low
Whitefield,4,0,1,0,0.407,medium
Koramangala,4,0,1,0,0.128,low
Electronic City,4,0,1,0,0.507,medium
Indiranagar,4,0,1,0,0.267,low
MG Road,4,1,1,0,0.362,medium
Whitefield,4,1,1,0,0.343,low
Koramangala,4,1,1,0,0.093,low
Electronic City,4,1,1,0,0.453,medium
Indiranagar,4,1,1,0,0.387,medium
MG Road,4,2,1,0,0.561,medium
Whitefield,4,2,1,0,0.454,medium
Koramangala,4,2,1,0,0.112,low
Electronic City,4,2,1,0,0.395,medium
Indiranagar,4,2,1,0,0.285,low
MG Road,4,3,1,0,0.533,medium
Whitefield,4,3,1,0,0.381,medium
Koramangala,4,3,1,0,0.0,low
Electronic City,4,3,1,0,0.451,medium
Indiranagar,4,3,1,0,0.429,medium
MG Road,4,4,1,0,0.481,medium
Whitefield,4,4,1,0,0.374,medium
Koramangala,4,4,1,0,0.139,low
Electronic City,4,4,1,0,0.526,medium
Indiranagar,4,4,1,0,0.235,low
MG Road,4,5,1,0,0.736,high
Whitefield,4,5,1,0,0.602,medium
Koramangala,4,5,1,0,0.277,low
Electronic City,4,5,1,0,0.728,high
Indiranagar,4,5,1,0,0.62,medium
MG Road,4,6,1,0,0.943,high
Whitefield,4,6,1,0,0.632,medium
Koramangala,4,6,1,0,0.45,medium
Electronic City,4,6,1,0,0.843,high
Indiranagar,4,6,1,0,0.523,medium
MG Road,4,7,1,0,0.787,high
Whitefield,4,7,1,0,0.794,high
Koramangala,4,7,1,0,0.394,medium
Electronic City,4,7,1,0,0.839,high
Indiranagar,4,7,1,0,0.677,high
MG Road,4,8,1,1,0.932,high
Whitefield,4,8,1,1,0.875,high
Koramangala,4,8,1,1,0.662,high
Electronic City,4,8,1,1,1.0,high
Indiranagar,4,8,1,1,0.79,high
MG Road,4,9,1,1,0.961,high
Whitefield,4,9,1,1,0.812,high
Koramangala,4,9,1,1,0.642,medium
Electronic City,4,9,1,1,1.0,high
Indiranagar,4,9,1,1,0.995,high
MG Road,4,10,1,1,1.0,high
Whitefield,4,10,1,1,0.919,high
Koramangala,4,10,1,1,0.57,medium
Electronic City,4,10,1,1,0.967,high
Indiranagar,4,10,1,1,0.867,high
MG Road,4,11,1,0,0.749,high
Whitefield,4,11,1,0,0.646,medium
Koramangala,4,11,1,0,0.458,medium
Electronic City,4,11,1,0,0.793,high
Indiranagar,4,11,1,0,0.682,high
MG Road,4,12,1,0,0.728,high
Whitefield,4,12,1,0,0.675,high
Koramangala,4,12,1,0,0.344,low
Electronic City,4,12,1,0,0.675,high
Indiranagar,4,12,1,0,0.643,medium
MG Road,4,13,1,0,0.897,high
Whitefield,4,13,1,0,0.639,medium
Koramangala,4,13,1,0,0.402,medium
Electronic City,4,13,1,0,0.775,high
Indiranagar,4,13,1,0,0.611,medium
MG Road,4,14,1,0,0.71,high
Whitefield,4,14,1,0,0.501,medium
Koramangala,4,14,1,0,0.394,medium
Electronic City,4,14,1,0,0.756,high
Indiranagar,4,14,1,0,0.601,medium
MG Road,4,15,1,0,0.854,high
Whitefield,4,15,1,0,0.583,medium
Koramangala,4,15,1,0,0.445,medium
Electronic City,4,15,1,0,0.738,high
Indiranagar,4,15,1,0,0.746,high
MG Road,4,16,1,0,0.806,high
Whitefield,4,16,1,0,0.787,high
Koramangala,4,16,1,0,0.428,medium
Electronic City,4,16,1,0,0.733,high
Indiranagar,4,16,1,0,0.528,medium
MG Road,4,17,1,1,0.935,high
Whitefield,4,17,1,1,0.771,high
Koramangala,4,17,1,1,0.58,medium
Electronic City,4,17,1,1,1.0,high
Indiranagar,4,17,1,1,0.808,high
MG Road,4,18,1,1,1.0,high
Whitefield,4,18,1,1,0.953,high
Koramangala,4,18,1,1,0.643,medium
Electronic City,4,18,1,1,1.0,high
Indiranagar,4,18,1,1,0.756,high
MG Road,4,19,1,1,1.0,high
Whitefield,4,19,1,1,0.807,high
Koramangala,4,19,1,1,0.725,high
Electronic City,4,19,1,1,0.821,high
Indiranagar,4,19,1,1,0.735,high
MG Road,4,20,1,1,1.0,high
Whitefield,4,20,1,1,0.974,high
Koramangala,4,20,1,1,0.668,high
Electronic City,4,20,1,1,0.892,high
Indiranagar,4,20,1,1,0.754,high
MG Road,4,21,1,0,0.934,high
Whitefield,4,21,1,0,0.55,medium
Koramangala,4,21,1,0,0.325,low
Electronic City,4,21,1,0,0.868,high
Indiranagar,4,21,1,0,0.681,high
MG Road,4,22,1,0,0.902,high
Whitefield,4,22,1,0,0.524,medium
Koramangala,4,22,1,0,0.278,low
Electronic City,4,22,1,0,0.761,high
Indiranagar,4,22,1,0,0.627,medium
MG Road,4,23,1,0,0.829,high
Whitefield,4,23,1,0,0.718,high
Koramangala,4,23,1,0,0.261,low
Electronic City,4,23,1,0,0.819,high
Indiranagar,4,23,1,0,0.512,medium
MG Road,5,0,0,0,0.318,low
Whitefield,5,0,0,0,0.012,low
Koramangala,5,0,0,0,0.0,low
Electronic City,5,0,0,0,0.151,low
Indiranagar,5,0,0,0,0.0,low
MG Road,5,1,0,0,0.253,low
Whitefield,5,1,0,0,0.0,low
Koramangala,5,1,0,0,0.0,low
Electronic City,5,1,0,0,0.251,low
Indiranagar,5,1,0,0,0.185,low
MG Road,5,2,0,0,0.279,low
Whitefield,5,2,0,0,0.092,low
Koramangala,5,2,0,0,0.0,low
Electronic City,5,2,0,0,0.15,low
Indiranagar,5,2,0,0,0.0,low
MG Road,5,3,0,0,0.266,low
Whitefield,5,3,0,0,0.0,low
Koramangala,5,3,0,0,0.046,low
Electronic City,5,3,0,0,0.316,low
Indiranagar,5,3,0,0,0.223,low
MG Road,5,4,0,0,0.255,low
Whitefield,5,4,0,0,0.094,low
Koramangala,5,4,0,0,0.0,low
Electronic City,5,4,0,0,0.271,low
Indiranagar,5,4,0,0,0.0,low
MG Road,5,5,0,0,0.347,low
Whitefield,5,5,0,0,0.287,low
Koramangala,5,5,0,0,0.034,low
Electronic City,5,5,0,0,0.618,medium
Indiranagar,5,5,0,0,0.495,medium
MG Road,5,6,0,0,0.438,medium
Whitefield,5,6,0,0,0.453,medium
Koramangala,5,6,0,0,0.226,low
Electronic City,5,6,0,0,0.374,medium
Indiranagar,5,6,0,0,0.319,low
MG Road,5,7,0,0,0.504,medium
Whitefield,5,7,0,0,0.41,medium
Koramangala,5,7,0,0,0.052,low
Electronic City,5,7,0,0,0.492,medium
Indiranagar,5,7,0,0,0.295,low
MG Road,5,8,0,1,0.588,medium
Whitefield,5,8,0,1,0.333,low
Koramangala,5,8,0,1,0.107,low
Electronic City,5,8,0,1,0.483,medium
Indiranagar,5,8,0,1,0.513,medium
MG Road,5,9,0,1,0.517,medium
Whitefield,5,9,0,1,0.267,low
Koramangala,5,9,0,1,0.197,low
Electronic City,5,9,0,1,0.489,medium
Indiranagar,5,9,0,1,0.237,low
MG Road,5,10,0,1,0.729,high
Whitefield,5,10,0,1,0.322,low
Koramangala,5,10,0,1,0.12,low
Electronic City,5,10,0,1,0.513,medium
Indiranagar,5,10,0,1,0.488,medium
MG Road,5,11,0,0,0.416,medium
Whitefield,5,11,0,0,0.372,medium
Koramangala,5,11,0,0,0.317,low
Electronic City,5,11,0,0,0.51,medium
Indiranagar,5,11,0,0,0.251,low
MG Road,5,12,0,0,0.501,medium
Whitefield,5,12,0,0,0.367,medium
Koramangala,5,12,0,0,0.256,low
Electronic City,5,12,0,0,0.473,medium
Indiranagar,5,12,0,0,0.416,medium
MG Road,5,13,0,0,0.435,medium
Whitefield,5,13,0,0,0.235,low
Koramangala,5,13,0,0,0.111,low
Electronic City,5,13,0,0,0.615,medium
Indiranagar,5,13,0,0,0.356,medium
MG Road,5,14,0,0,0.573,medium
Whitefield,5,14,0,0,0.372,medium
Koramangala,5,14,0,0,0.239,low
Electronic City,5,14,0,0,0.451,medium
Indiranagar,5,14,0,0,0.405,medium
MG Road,5,15,0,0,0.484,medium
Whitefield,5,15,0,0,0.509,medium
Koramangala,5,15,0,0,0.086,low
Electronic City,5,15,0,0,0.429,medium
Indiranagar,5,15,0,0,0.394,medium
MG Road,5,16,0,0,0.556,medium
Whitefield,5,16,0,0,0.376,medium
Koramangala,5,16,0,0,0.168,low
Electronic City,5,16,0,0,0.413,medium
Indiranagar,5,16,0,0,0.479,medium
MG Road,5,17,0,1,0.621,medium
Whitefield,5,17,0,1,0.459,medium
Koramangala,5,17,0,1,0.108,low
Electronic City,5,17,0,1,0.533,medium
Indiranagar,5,17,0,1,0.366,medium
MG Road,5,18,0,1,0.64,medium
Whitefield,5,18,0,1,0.443,medium
Koramangala,5,18,0,1,0.165,low
Electronic City,5,18,0,1,0.379,medium
Indiranagar,5,18,0,1,0.492,medium
MG Road,5,19,0,1,0.594,medium
Whitefield,5,19,0,1,0.301,low
Koramangala,5,19,0,1,0.183,low
Electronic City,5,19,0,1,0.379,medium
Indiranagar,5,19,0,1,0.434,medium
MG Road,5,20,0,1,0.432,medium
Whitefield,5,20,0,1,0.332,low
Koramangala,5,20,0,1,0.17,low
Electronic City,5,20,0,1,0.583,medium
Indiranagar,5,20,0,1,0.359,medium
MG Road,5,21,0,0,0.601,medium
Whitefield,5,21,0,0,0.348,low
Koramangala,5,21,0,0,0.147,low
Electronic City,5,21,0,0,0.507,medium
Indiranagar,5,21,0,0,0.335,low
MG Road,5,22,0,0,0.415,medium
Whitefield,5,22,0,0,0.289,low
Koramangala,5,22,0,0,0.17,low
Electronic City,5,22,0,0,0.48,medium
Indiranagar,5,22,0,0,0.338,low
MG Road,5,23,0,0,0.524,medium
Whitefield,5,23,0,0,0.281,low
Koramangala,5,23,0,0,0.111,low
Electronic City,5,23,0,0,0.475,medium
Indiranagar,5,23,0,0,0.35,medium
MG Road,6,0,0,0,0.281,low
Whitefield,6,0,0,0,0.036,low
Koramangala,6,0,0,0,0.0,low
Electronic City,6,0,0,0,0.088,low
Indiranagar,6,0,0,0,0.258,low
MG Road,6,1,0,0,0.16,low
Whitefield,6,1,0,0,0.009,low
Koramangala,6,1,0,0,0.0,low
Electronic City,6,1,0,0,0.229,low
Indiranagar,6,1,0,0,0.092,low
MG Road,6,2,0,0,0.215,low
Whitefield,6,2,0,0,0.069,low
Koramangala,6,2,0,0,0.0,low
Electronic City,6,2,0,0,0.175,low
Indiranagar,6,2,0,0,0.07,low
MG Road,6,3,0,0,0.334,low
Whitefield,6,3,0,0,0.048,low
Koramangala,6,3,0,0,0.0,low
Electronic City,6,3,0,0,0.285,low
Indiranagar,6,3,0,0,0.127,low
MG Road,6,4,0,0,0.377,medium
Whitefield,6,4,0,0,0.0,low
Koramangala,6,4,0,0,0.0,low
Electronic City,6,4,0,0,0.248,low
Indiranagar,6,4,0,0,0.0,low
MG Road,6,5,0,0,0.57,medium
Whitefield,6,5,0,0,0.434,medium
Koramangala,6,5,0,0,0.084,low
Electronic City,6,5,0,0,0.535,medium
Indiranagar,6,5,0,0,0.42,medium
MG Road,6,6,0,0,0.464,medium
Whitefield,6,6,0,0,0.339,low
Koramangala,6,6,0,0,0.174,low
Electronic City,6,6,0,0,0.436,medium
Indiranagar,6,6,0,0,0.28,low
MG Road,6,7,0,0,0.539,medium
Whitefield,6,7,0,0,0.414,medium
Koramangala,6,7,0,0,0.201,low
Electronic City,6,7,0,0,0.431,medium
Indiranagar,6,7,0,0,0.402,medium
MG Road,6,8,0,1,0.483,medium
Whitefield,6,8,0,1,0.221,low
Koramangala,6,8,0,1,0.121,low
Electronic City,6,8,0,1,0.59,medium
Indiranagar,6,8,0,1,0.402,medium
MG Road,6,9,0,1,0.55,medium
Whitefield,6,9,0,1,0.317,low
Koramangala,6,9,0,1,0.119,low
Electronic City,6,9,0,1,0.509,medium
Indiranagar,6,9,0,1,0.265,low
MG Road,6,10,0,1,0.522,medium
Whitefield,6,10,0,1,0.333,low
Koramangala,6,10,0,1,0.042,low
Electronic City,6,10,0,1,0.433,medium
Indiranagar,6,10,0,1,0.383,medium
MG Road,6,11,0,0,0.551,medium
Whitefield,6,11,0,0,0.325,low
Koramangala,6,11,0,0,0.077,low
Electronic City,6,11,0,0,0.626,medium
Indiranagar,6,11,0,0,0.283,low
MG Road,6,12,0,0,0.57,medium
Whitefield,6,12,0,0,0.311,low
Koramangala,6,12,0,0,0.153,low
Electronic City,6,12,0,0,0.537,medium
Indiranagar,6,12,0,0,0.24,low
MG Road,6,13,0,0,0.549,medium
Whitefield,6,13,0,0,0.445,medium
Koramangala,6,13,0,0,0.291,low
Electronic City,6,13,0,0,0.49,medium
Indiranagar,6,13,0,0,0.353,medium
MG Road,6,14,0,0,0.727,high
Whitefield,6,14,0,0,0.441,medium
Koramangala,6,14,0,0,0.101,low
Electronic City,6,14,0,0,0.45,medium
Indiranagar,6,14,0,0,0.427,medium
MG Road,6,15,0,0,0.469,medium
Whitefield,6,15,0,0,0.437,medium
Koramangala,6,15,0,0,0.177,low
Electronic City,6,15,0,0,0.541,medium
Indiranagar,6,15,0,0,0.329,low
MG Road,6,16,0,0,0.5,medium
Whitefield,6,16,0,0,0.467,medium
Koramangala,6,16,0,0,0.13,low
Electronic City,6,16,0,0,0.467,medium
Indiranagar,6,16,0,0,0.344,low
MG Road,6,17,0,1,0.565,medium
Whitefield,6,17,0,1,0.268,low
Koramangala,6,17,0,1,0.105,low
Electronic City,6,17,0,1,0.451,medium
Indiranagar,6,17,0,1,0.418,medium
MG Road,6,18,0,1,0.479,medium
Whitefield,6,18,0,1,0.21,low
Koramangala,6,18,0,1,0.0,low
Electronic City,6,18,0,1,0.382,medium
Indiranagar,6,18,0,1,0.459,medium
MG Road,6,19,0,1,0.551,medium
Whitefield,6,19,0,1,0.39,medium
Koramangala,6,19,0,1,0.193,low
Electronic City,6,19,0,1,0.504,medium
Indiranagar,6,19,0,1,0.344,low
MG Road,6,20,0,1,0.634,medium
Whitefield,6,20,0,1,0.362,medium
Koramangala,6,20,0,1,0.262,low
Electronic City,6,20,0,1,0.55,medium
Indiranagar,6,20,0,1,0.301,low
MG Road,6,21,0,0,0.51,medium
Whitefield,6,21,0,0,0.292,low
Koramangala,6,21,0,0,0.247,low
Electronic City,6,21,0,0,0.468,medium
Indiranagar,6,21,0,0,0.286,low
MG Road,6,22,0,0,0.576,medium
Whitefield,6,22,0,0,0.342,low
Koramangala,6,22,0,0,0.174,low
Electronic City,6,22,0,0,0.651,high
Indiranagar,6,22,0,0,0.423,medium
MG Road,6,23,0,0,0.552,medium
Whitefield,6,23,0,0,0.237,low
Koramangala,6,23,0,0,0.11,low
Electronic City,6,23,0,0,0.557,medium
Indiranagar,6,23,0,0,0.256,low
MG Road,0,0,1,0,0.671,high
Whitefield,0,0,1,0,0.301,low
Koramangala,0,0,1,0,0.104,low
Electronic City,0,0,1,0,0.397,medium
Indiranagar,0,0,1,0,0.34,low
MG Road,0,1,1,0,0.407,medium
Whitefield,0,1,1,0,0.473,medium
Koramangala,0,1,1,0,0.205,low
Electronic City,0,1,1,0,0.529,medium
Indiranagar,0,1,1,0,0.189,low
MG Road,0,2,1,0,0.516,medium
Whitefield,0,2,1,0,0.397,medium
Koramangala,0,2,1,0,0.147,low
Electronic City,0,2,1,0,0.37,medium
Indiranagar,0,2,1,0,0.248,low
MG Road,0,3,1,0,0.464,medium
Whitefield,0,3,1,0,0.252,low
Koramangala,0,3,1,0,0.222,low
Electronic City,0,3,1,0,0.296,low
Indiranagar,0,3,1,0,0.352,medium
MG Road,0,4,1,0,0.397,medium
Whitefield,0,4,1,0,0.223,low
Koramangala,0,4,1,0,0.0,low
Electronic City,0,4,1,0,0.406,medium
Indiranagar,0,4,1,0,0.421,medium
MG Road,0,5,1,0,0.821,high
Whitefield,0,5,1,0,0.504,medium
Koramangala,0,5,1,0,0.481,medium
Electronic City,0,5,1,0,0.849,high
Indiranagar,0,5,1,0,0.608,medium
MG Road,0,6,1,0,0.963,high
Whitefield,0,6,1,0,0.666,high
Koramangala,0,6,1,0,0.455,medium
Electronic City,0,6,1,0,0.686,high
Indiranagar,0,6,1,0,0.65,high
MG Road,0,7,1,0,0.817,high
Whitefield,0,7,1,0,0.642,medium
Koramangala,0,7,1,0,0.345,low
Electronic City,0,7,1,0,0.76,high
Indiranagar,0,7,1,0,0.535,medium
MG Road,0,8,1,1,0.878,high
Whitefield,0,8,1,1,0.93,high
Koramangala,0,8,1,1,0.53,medium
Electronic City,0,8,1,1,1.0,high
Indiranagar,0,8,1,1,0.877,high
MG Road,0,9,1,1,1.0,high
Whitefield,0,9,1,1,0.827,high
Koramangala,0,9,1,1,0.672,high
Electronic City,0,9,1,1,1.0,high
Indiranagar,0,9,1,1,0.909,high
MG Road,0,10,1,1,1.0,high
Whitefield,0,10,1,1,0.869,high
Koramangala,0,10,1,1,0.655,high
Electronic City,0,10,1,1,0.927,high
Indiranagar,0,10,1,1,0.885,high
MG Road,0,11,1,0,0.853,high
Whitefield,0,11,1,0,0.585,medium
Koramangala,0,11,1,0,0.444,medium
Electronic City,0,11,1,0,0.727,high
Indiranagar,0,11,1,0,0.654,high
MG Road,0,12,1,0,0.873,high
Whitefield,0,12,1,0,0.672,high
Koramangala,0,12,1,0,0.409,medium
Electronic City,0,12,1,0,0.667,high
Indiranagar,0,12,1,0,0.551,medium
MG Road,0,13,1,0,0.848,high
Whitefield,0,13,1,0,0.796,high
Koramangala,0,13,1,0,0.373,medium
Electronic City,0,13,1,0,0.786,high
Indiranagar,0,13,1,0,0.556,medium
MG Road,0,14,1,0,0.722,high
Whitefield,0,14,1,0,0.546,medium
Koramangala,0,14,1,0,0.233,low
Electronic City,0,14,1,0,0.858,high
Indiranagar,0,14,1,0,0.422,medium
MG Road,0,15,1,0,0.779,high
Whitefield,0,15,1,0,0.506,medium
Koramangala,0,15,1,0,0.329,low
Electronic City,0,15,1,0,0.86,high
Indiranagar,0,15,1,0,0.616,medium
MG Road,0,16,1,0,0.723,high
Whitefield,0,16,1,0,0.553,medium
Koramangala,0,16,1,0,0.339,low
Electronic City,0,16,1,0,0.747,high
Indiranagar,0,16,1,0,0.614,medium
MG Road,0,17,1,1,1.0,high
Whitefield,0,17,1,1,0.697,high
Koramangala,0,17,1,1,0.647,medium
Electronic City,0,17,1,1,0.975,high
Indiranagar,0,17,1,1,0.926,high
MG Road,0,18,1,1,1.0,high
Whitefield,0,18,1,1,0.897,high
Koramangala,0,18,1,1,0.678,high
Electronic City,0,18,1,1,0.925,high
Indiranagar,0,18,1,1,0.947,high
MG Road,0,19,1,1,1.0,high
Whitefield,0,19,1,1,0.923,high
Koramangala,0,19,1,1,0.751,high
Electronic City,0,19,1,1,1.0,high
Indiranagar,0,19,1,1,0.968,high
MG Road,0,20,1,1,1.0,high
Whitefield,0,20,1,1,0.832,high
Koramangala,0,20,1,1,0.649,medium
Electronic City,0,20,1,1,0.998,high
Indiranagar,0,20,1,1,0.808,high
MG Road,0,21,1,0,0.931,high
Whitefield,0,21,1,0,0.624,medium
Koramangala,0,21,1,0,0.408,medium
Electronic City,0,21,1,0,0.781,high
Indiranagar,0,21,1,0,0.838,high
MG Road,0,22,1,0,0.709,high
Whitefield,0,22,1,0,0.532,medium
Koramangala,0,22,1,0,0.29,low
Electronic City,0,22,1,0,0.731,high
Indiranagar,0,22,1,0,0.62,medium
MG Road,0,23,1,0,0.763,high
Whitefield,0,23,1,0,0.557,medium
Koramangala,0,23,1,0,0.411,medium
Electronic City,0,23,1,0,0.71,high
Indiranagar,0,23,1,0,0.625,medium
MG Road,1,0,1,0,0.589,medium
Whitefield,1,0,1,0,0.354,medium
Koramangala,1,0,1,0,0.17,low
Electronic City,1,0,1,0,0.537,medium
Indiranagar,1,0,1,0,0.323,low
MG Road,1,1,1,0,0.487,medium
Whitefield,1,1,1,0,0.238,low
Koramangala,1,1,1,0,0.069,low
Electronic City,1,1,1,0,0.408,medium
Indiranagar,1,1,1,0,0.359,medium
MG Road,1,2,1,0,0.528,medium
Whitefield,1,2,1,0,0.356,medium
Koramangala,1,2,1,0,0.007,low
Electronic City,1,2,1,0,0.565,medium
Indiranagar,1,2,1,0,0.266,low
MG Road,1,3,1,0,0.412,medium
Whitefield,1,3,1,0,0.265,low
Koramangala,1,3,1,0,0.299,low
Electronic City,1,3,1,0,0.419,medium
Indiranagar,1,3,1,0,0.274,low
MG Road,1,4,1,0,0.485,medium
Whitefield,1,4,1,0,0.288,low
Koramangala,1,4,1,0,0.037,low
Electronic City,1,4,1,0,0.461,medium
Indiranagar,1,4,1,0,0.386,medium
MG Road,1,5,1,0,0.825,high
Whitefield,1,5,1,0,0.511,medium
Koramangala,1,5,1,0,0.372,medium
Electronic City,1,5,1,0,0.706,high
Indiranagar,1,5,1,0,0.604,medium
MG Road,1,6,1,0,0.906,high
Whitefield,1,6,1,0,0.588,medium
Koramangala,1,6,1,0,0.393,medium
Electronic City,1,6,1,0,0.892,high
Indiranagar,1,6,1,0,0.67,high
MG Road,1,7,1,0,0.846,high
Whitefield,1,7,1,0,0.757,high
Koramangala,1,7,1,0,0.439,medium
Electronic City,1,7,1,0,0.591,medium
Indiranagar,1,7,1,0,0.667,high
MG Road,1,8,1,1,0.923,high
Whitefield,1,8,1,1,0.886,high
Koramangala,1,8,1,1,0.513,medium
Electronic City,1,8,1,1,0.963,high
Indiranagar,1,8,1,1,0.821,high
MG Road,1,9,1,1,0.988,high
Whitefield,1,9,1,1,0.822,high
Koramangala,1,9,1,1,0.733,high
Electronic City,1,9,1,1,0.943,high
Indiranagar,1,9,1,1,0.894,high
MG Road,1,10,1,1,0.973,high
Whitefield,1,10,1,1,0.835,high
Koramangala,1,10,1,1,0.676,high
Electronic City,1,10,1,1,0.92,high
Indiranagar,1,10,1,1,0.745,high
MG Road,1,11,1,0,0.839,high
Whitefield,1,11,1,0,0.69,high
Koramangala,1,11,1,0,0.394,medium
Electronic City,1,11,1,0,0.713,high
Indiranagar,1,11,1,0,0.612,medium
MG Road,1,12,1,0,0.804,high
Whitefield,1,12,1,0,0.619,medium
Koramangala,1,12,1,0,0.198,low
Electronic City,1,12,1,0,0.664,high
Indiranagar,1,12,1,0,0.532,medium
MG Road,1,13,1,0,0.812,high
Whitefield,1,13,1,0,0.615,medium
Koramangala,1,13,1,0,0.451,medium
Electronic City,1,13,1,0,0.771,high
Indiranagar,1,13,1,0,0.496,medium
MG Road,1,14,1,0,0.916,high
Whitefield,1,14,1,0,0.702,high
Koramangala,1,14,1,0,0.299,low
Electronic City,1,14,1,0,0.777,high
Indiranagar,1,14,1,0,0.552,medium
MG Road,1,15,1,0,0.811,high
Whitefield,1,15,1,0,0.684,high
Koramangala,1,15,1,0,0.57,medium
Electronic City,1,15,1,0,0.81,high
Indiranagar,1,15,1,0,0.624,medium
MG Road,1,16,1,0,0.773,high
Whitefield,1,16,1,0,0.615,medium
Koramangala,1,16,1,0,0.509,medium
Electronic City,1,16,1,0,0.746,high
Indiranagar,1,16,1,0,0.529,medium
MG Road,1,17,1,1,0.92,high
Whitefield,1,17,1,1,0.891,high
Koramangala,1,17,1,1,0.67,high
Electronic City,1,17,1,1,0.948,high
Indiranagar,1,17,1,1,0.932,high
MG Road,1,18,1,1,1.0,high
Whitefield,1,18,1,1,0.839,high
Koramangala,1,18,1,1,0.649,medium
Electronic City,1,18,1,1,0.972,high
Indiranagar,1,18,1,1,0.869,high
MG Road,1,19,1,1,1.0,high
Whitefield,1,19,1,1,0.759,high
Koramangala,1,19,1,1,0.689,high
Electronic City,1,19,1,1,1.0,high
Indiranagar,1,19,1,1,0.862,high
MG Road,1,20,1,1,1.0,high
Whitefield,1,20,1,1,0.854,high
Koramangala,1,20,1,1,0.688,high
Electronic City,1,20,1,1,1.0,high
Indiranagar,1,20,1,1,0.81,high
MG Road,1,21,1,0,0.824,high
Whitefield,1,21,1,0,0.58,medium
Koramangala,1,21,1,0,0.389,medium
Electronic City,1,21,1,0,0.724,high
Indiranagar,1,21,1,0,0.638,medium
MG Road,1,22,1,0,0.807,high
Whitefield,1,22,1,0,0.632,medium
Koramangala,1,22,1,0,0.399,medium
Electronic City,1,22,1,0,0.622,medium
Indiranagar,1,22,1,0,0.603,medium
MG Road,1,23,1,0,0.805,high
Whitefield,1,23,1,0,0.619,medium
Koramangala,1,23,1,0,0.353,medium
Electronic City,1,23,1,0,0.654,high
Indiranagar,1,23,1,0,0.65,medium
MG Road,2,0,1,0,0.478,medium
Whitefield,2,0,1,0,0.314,low
Koramangala,2,0,1,0,0.077,low
Electronic City,2,0,1,0,0.45,medium
Indiranagar,2,0,1,0,0.264,low
MG Road,2,1,1,0,0.423,medium
Whitefield,2,1,1,0,0.338,low
Koramangala,2,1,1,0,0.052,low
Electronic City,2,1,1,0,0.463,medium
Indiranagar,2,1,1,0,0.333,low
MG Road,2,2,1,0,0.453,medium
Whitefield,2,2,1,0,0.204,low
Koramangala,2,2,1,0,0.294,low
Electronic City,2,2,1,0,0.408,medium
Indiranagar,2,2,1,0,0.35,low
MG Road,2,3,1,0,0.655,high
Whitefield,2,3,1,0,0.363,medium
Koramangala,2,3,1,0,0.076,low
Electronic City,2,3,1,0,0.445,medium
Indiranagar,2,3,1,0,0.233,low
MG Road,2,4,1,0,0.571,medium
Whitefield,2,4,1,0,0.345,low
Koramangala,2,4,1,0,0.059,low
Electronic City,2,4,1,0,0.367,medium
Indiranagar,2,4,1,0,0.194,low
MG Road,2,5,1,0,0.879,high
Whitefield,2,5,1,0,0.61,medium
Koramangala,2,5,1,0,0.417,medium
Electronic City,2,5,1,0,0.684,high
Indiranagar,2,5,1,0,0.483,medium
MG Road,2,6,1,0,0.877,high
Whitefield,2,6,1,0,0.603,medium
Koramangala,2,6,1,0,0.473,medium
Electronic City,2,6,1,0,0.719,high
Indiranagar,2,6,1,0,0.581,medium
MG Road,2,7,1,0,0.857,high
Whitefield,2,7,1,0,0.659,high
Koramangala,2,7,1,0,0.464,medium
Electronic City,2,7,1,0,0.726,high
Indiranagar,2,7,1,0,0.649,medium
MG Road,2,8,1,1,1.0,high
Whitefield,2,8,1,1,0.842,high
Koramangala,2,8,1,1,0.609,medium
Electronic City,2,8,1,1,1.0,high
Indiranagar,2,8,1,1,0.798,high
MG Road,2,9,1,1,1.0,high
Whitefield,2,9,1,1,0.845,high
Koramangala,2,9,1,1,0.503,medium
Electronic City,2,9,1,1,1.0,high
Indiranagar,2,9,1,1,0.629,medium
MG Road,2,10,1,1,0.891,high
Whitefield,2,10,1,1,0.892,high
Koramangala,2,10,1,1,0.692,high
Electronic City,2,10,1,1,0.949,high
Indiranagar,2,10,1,1,0.862,high
MG Road,2,11,1,0,0.597,medium
Whitefield,2,11,1,0,0.657,high
Koramangala,2,11,1,0,0.42,medium
Electronic City,2,11,1,0,0.746,high
Indiranagar,2,11,1,0,0.602,medium
MG Road,2,12,1,0,0.839,high
Whitefield,2,12,1,0,0.598,medium
Koramangala,2,12,1,0,0.25,low
Electronic City,2,12,1,0,0.926,high
Indiranagar,2,12,1,0,0.696,high
MG Road,2,13,1,0,0.697,high
Whitefield,2,13,1,0,0.572,medium
Koramangala,2,13,1,0,0.381,medium
Electronic City,2,13,1,0,0.836,high
Indiranagar,2,13,1,0,0.427,medium
MG Road,2,14,1,0,0.76,high
Whitefield,2,14,1,0,0.459,medium
Koramangala,2,14,1,0,0.377,medium
Electronic City,2,14,1,0,0.712,high
Indiranagar,2,14,1,0,0.606,medium
MG Road,2,15,1,0,0.752,high
Whitefield,2,15,1,0,0.54,medium
Koramangala,2,15,1,0,0.45,medium
Electronic City,2,15,1,0,0.786,high
Indiranagar,2,15,1,0,0.644,medium
MG Road,2,16,1,0,0.786,high
Whitefield,2,16,1,0,0.554,medium
Koramangala,2,16,1,0,0.39,medium
Electronic City,2,16,1,0,0.79,high
Indiranagar,2,16,1,0,0.426,medium
MG Road,2,17,1,1,1.0,high
Whitefield,2,17,1,1,0.875,high
Koramangala,2,17,1,1,0.655,high
Electronic City,2,17,1,1,0.988,high
Indiranagar,2,17,1,1,0.645,medium
MG Road,2,18,1,1,1.0,high
Whitefield,2,18,1,1,0.993,high
Koramangala,2,18,1,1,0.651,high
Electronic City,2,18,1,1,0.975,high
Indiranagar,2,18,1,1,0.851,high
MG Road,2,19,1,1,1.0,high
Whitefield,2,19,1,1,0.903,high
Koramangala,2,19,1,1,0.632,medium
Electronic City,2,19,1,1,1.0,high
Indiranagar,2,19,1,1,0.984,high
MG Road,2,20,1,1,1.0,high
Whitefield,2,20,1,1,1.0,high
Koramangala,2,20,1,1,0.597,medium
Electronic City,2,20,1,1,1.0,high
Indiranagar,2,20,1,1,0.787,high
MG Road,2,21,1,0,0.828,high
Whitefield,2,21,1,0,0.659,high
Koramangala,2,21,1,0,0.359,medium
Electronic City,2,21,1,0,0.757,high
Indiranagar,2,21,1,0,0.673,high
MG Road,2,22,1,0,0.743,high
Whitefield,2,22,1,0,0.734,high
Koramangala,2,22,1,0,0.289,low
Electronic City,2,22,1,0,0.905,high
Indiranagar,2,22,1,0,0.68,high
MG Road,2,23,1,0,0.793,high
Whitefield,2,23,1,0,0.568,medium
Koramangala,2,23,1,0,0.359,medium
Electronic City,2,23,1,0,0.739,high
Indiranagar,2,23,1,0,0.596,medium
MG Road,3,0,1,0,0.6,medium
Whitefield,3,0,1,0,0.457,medium
Koramangala,3,0,1,0,0.116,low
Electronic City,3,0,1,0,0.382,medium
Indiranagar,3,0,1,0,0.256,low
MG Road,3,1,1,0,0.485,medium
Whitefield,3,1,1,0,0.218,low
Koramangala,3,1,1,0,0.006,low
Electronic City,3,1,1,0,0.618,medium
Indiranagar,3,1,1,0,0.324,low
MG Road,3,2,1,0,0.433,medium
Whitefield,3,2,1,0,0.365,medium
Koramangala,3,2,1,0,0.006,low
Electronic City,3,2,1,0,0.362,medium
Indiranagar,3,2,1,0,0.236,low
MG Road,3,3,1,0,0.632,medium
Whitefield,3,3,1,0,0.28,low
Koramangala,3,3,1,0,0.0,low
Electronic City,3,3,1,0,0.547,medium
Indiranagar,3,3,1,0,0.275,low
MG Road,3,4,1,0,0.352,medium
Whitefield,3,4,1,0,0.275,low
Koramangala,3,4,1,0,0.142,low
Electronic City,3,4,1,0,0.482,medium
Indiranagar,3,4,1,0,0.444,medium
MG Road,3,5,1,0,0.732,high
Whitefield,3,5,1,0,0.604,medium
Koramangala,3,5,1,0,0.344,low
Electronic City,3,5,1,0,0.627,medium
Indiranagar,3,5,1,0,0.671,high
MG Road,3,6,1,0,0.837,high
Whitefield,3,6,1,0,0.623,medium
Koramangala,3,6,1,0,0.434,medium
Electronic City,3,6,1,0,0.695,high
Indiranagar,3,6,1,0,0.52,medium
MG Road,3,7,1,0,0.803,high
Whitefield,3,7,1,0,0.693,high
Koramangala,3,7,1,0,0.529,medium
Electronic City,3,7,1,0,0.814,high
Indiranagar,3,7,1,0,0.602,medium
MG Road,3,8,1,1,1.0,high
Whitefield,3,8,1,1,0.851,high
Koramangala,3,8,1,1,0.568,medium
Electronic City,3,8,1,1,1.0,high
Indiranagar,3,8,1,1,0.743,high
MG Road,3,9,1,1,1.0,high
Whitefield,3,9,1,1,0.981,high
Koramangala,3,9,1,1,0.716,high
Electronic City,3,9,1,1,0.926,high
Indiranagar,3,9,1,1,0.844,high
MG Road,3,10,1,1,0.983,high
Whitefield,3,10,1,1,0.845,high
Koramangala,3,10,1,1,0.733,high
Electronic City,3,10,1,1,1.0,high
Indiranagar,3,10,1,1,1.0,high
MG Road,3,11,1,0,0.895,high
Whitefield,3,11,1,0,0.616,medium
Koramangala,3,11,1,0,0.454,medium
Electronic City,3,11,1,0,0.734,high
Indiranagar,3,11,1,0,0.51,medium
MG Road,3,12,1,0,0.904,high
Whitefield,3,12,1,0,0.681,high
Koramangala,3,12,1,0,0.381,medium
Electronic City,3,12,1,0,0.772,high
Indiranagar,3,12,1,0,0.699,high
MG Road,3,13,1,0,0.868,high
Whitefield,3,13,1,0,0.483,medium
Koramangala,3,13,1,0,0.419,medium
Electronic City,3,13,1,0,0.737,high
Indiranagar,3,13,1,0,0.689,high
MG Road,3,14,1,0,0.882,high
Whitefield,3,14,1,0,0.705,high
Koramangala,3,14,1,0,0.311,low
Electronic City,3,14,1,0,0.687,high
Indiranagar,3,14,1,0,0.689,high
MG Road,3,15,1,0,0.753,high
Whitefield,3,15,1,0,0.478,medium
Koramangala,3,15,1,0,0.443,medium
Electronic City,3,15,1,0,0.706,high
Indiranagar,3,15,1,0,0.743,high
MG Road,3,16,1,0,0.824,high
Whitefield,3,16,1,0,0.613,medium
Koramangala,3,16,1,0,0.37,medium
Electronic City,3,16,1,0,0.877,high
Indiranagar,3,16,1,0,0.629,medium
MG Road,3,17,1,1,1.0,high
Whitefield,3,17,1,1,0.786,high
Koramangala,3,17,1,1,0.644,medium
Electronic City,3,17,1,1,0.922,high
Indiranagar,3,17,1,1,0.932,high
MG Road,3,18,1,1,0.905,high
Whitefield,3,18,1,1,0.839,high
Koramangala,3,18,1,1,0.699,high
Electronic City,3,18,1,1,1.0,high
Indiranagar,3,18,1,1,0.793,high
MG Road,3,19,1,1,1.0,high
Whitefield,3,19,1,1,0.779,high
Koramangala,3,19,1,1,0.648,medium
Electronic City,3,19,1,1,1.0,high
Indiranagar,3,19,1,1,0.887,high
MG Road,3,20,1,1,0.996,high
Whitefield,3,20,1,1,0.946,high
Koramangala,3,20,1,1,0.657,high
Electronic City,3,20,1,1,1.0,high
Indiranagar,3,20,1,1,0.972,high
MG Road,3,21,1,0,0.889,high
Whitefield,3,21,1,0,0.69,high
Koramangala,3,21,1,0,0.415,medium
Electronic City,3,21,1,0,0.814,high
Indiranagar,3,21,1,0,0.617,medium
MG Road,3,22,1,0,0.703,high
Whitefield,3,22,1,0,0.624,medium
Koramangala,3,22,1,0,0.421,medium
Electronic City,3,22,1,0,0.797,high
Indiranagar,3,22,1,0,0.59,medium
MG Road,3,23,1,0,0.739,high
Whitefield,3,23,1,0,0.653,high
Koramangala,3,23,1,0,0.295,low
Electronic City,3,23,1,0,0.867,high
Indiranagar,3,23,1,0,0.581,medium
MG Road,4,0,1,0,0.52,medium
Whitefield,4,0,1,0,0.345,low
Koramangala,4,0,1,0,0.147,low
Electronic City,4,0,1,0,0.337,low
Indiranagar,4,0,1,0,0.366,medium
MG Road,4,1,1,0,0.524,medium
Whitefield,4,1,1,0,0.249,low
Koramangala,4,1,1,0,0.04,low
Electronic City,4,1,1,0,0.423,medium
Indiranagar,4,1,1,0,0.196,low
MG Road,4,2,1,0,0.638,medium
Whitefield,4,2,1,0,0.419,medium
Koramangala,4,2,1,0,0.136,low
Electronic City,4,2,1,0,0.432,medium
Indiranagar,4,2,1,0,0.284,low
MG Road,4,3,1,0,0.561,medium
Whitefield,4,3,1,0,0.441,medium
Koramangala,4,3,1,0,0.054,low
Electronic City,4,3,1,0,0.361,medium
Indiranagar,4,3,1,0,0.424,medium
MG Road,4,4,1,0,0.357,medium
Whitefield,4,4,1,0,0.219,low
Koramangala,4,4,1,0,0.08,low
Electronic City,4,4,1,0,0.325,low
Indiranagar,4,4,1,0,0.389,medium
MG Road,4,5,1,0,0.869,high
Whitefield,4,5,1,0,0.554,medium
Koramangala,4,5,1,0,0.502,medium
Electronic City,4,5,1,0,0.866,high
Indiranagar,4,5,1,0,0.591,medium
MG Road,4,6,1,0,0.764,high
Whitefield,4,6,1,0,0.781,high
Koramangala,4,6,1,0,0.458,medium
Electronic City,4,6,1,0,0.771,high
Indiranagar,4,6,1,0,0.709,high
MG Road,4,7,1,0,0.824,high
Whitefield,4,7,1,0,0.56,medium
Koramangala,4,7,1,0,0.406,medium
Electronic City,4,7,1,0,0.833,high
Indiranagar,4,7,1,0,0.441,medium
MG Road,4,8,1,1,1.0,high
Whitefield,4,8,1,1,0.961,high
Koramangala,4,8,1,1,0.609,medium
Electronic City,4,8,1,1,1.0,high
Indiranagar,4,8,1,1,0.963,high
MG Road,4,9,1,1,1.0,high
Whitefield,4,9,1,1,0.805,high
Koramangala,4,9,1,1,0.627,medium
Electronic City,4,9,1,1,1.0,high
Indiranagar,4,9,1,1,1.0,high
MG Road,4,10,1,1,1.0,high
Whitefield,4,10,1,1,0.801,high
Koramangala,4,10,1,1,0.659,high
Electronic City,4,10,1,1,1.0,high
Indiranagar,4,10,1,1,0.751,high
MG Road,4,11,1,0,0.806,high
Whitefield,4,11,1,0,0.706,high
Koramangala,4,11,1,0,0.256,low
Electronic City,4,11,1,0,0.816,high
Indiranagar,4,11,1,0,0.71,high
MG Road,4,12,1,0,0.755,high
Whitefield,4,12,1,0,0.736,high
Koramangala,4,12,1,0,0.345,low
Electronic City,4,12,1,0,0.785,high
Indiranagar,4,12,1,0,0.575,medium
MG Road,4,13,1,0,0.775,high
Whitefield,4,13,1,0,0.551,medium
Koramangala,4,13,1,0,0.456,medium
Electronic City,4,13,1,0,0.818,high
Indiranagar,4,13,1,0,0.595,medium
MG Road,4,14,1,0,0.691,high
Whitefield,4,14,1,0,0.632,medium
Koramangala,4,14,1,0,0.434,medium
Electronic City,4,14,1,0,0.733,high
Indiranagar,4,14,1,0,0.749,high
MG Road,4,15,1,0,0.675,high
Whitefield,4,15,1,0,0.423,medium
Koramangala,4,15,1,0,0.342,low
Electronic City,4,15,1,0,0.807,high
Indiranagar,4,15,1,0,0.516,medium
MG Road,4,16,1,0,0.722,high
Whitefield,4,16,1,0,0.676,high
Koramangala,4,16,1,0,0.437,medium
Electronic City,4,16,1,0,0.78,high
Indiranagar,4,16,1,0,0.663,high
MG Road,4,17,1,1,1.0,high
Whitefield,4,17,1,1,0.82,high
Koramangala,4,17,1,1,0.715,high
Electronic City,4,17,1,1,0.892,high
Indiranagar,4,17,1,1,0.679,high
MG Road,4,18,1,1,1.0,high
Whitefield,4,18,1,1,0.924,high
Koramangala,4,18,1,1,0.67,high
Electronic City,4,18,1,1,1.0,high
Indiranagar,4,18,1,1,0.689,high
MG Road,4,19,1,1,1.0,high
Whitefield,4,19,1,1,0.902,high
Koramangala,4,19,1,1,0.542,medium
Electronic City,4,19,1,1,1.0,high
Indiranagar,4,19,1,1,0.841,high
MG Road,4,20,1,1,1.0,high
Whitefield,4,20,1,1,0.676,high
Koramangala,4,20,1,1,0.76,high
Electronic City,4,20,1,1,0.968,high
Indiranagar,4,20,1,1,0.721,high
MG Road,4,21,1,0,0.758,high
Whitefield,4,21,1,0,0.622,medium
Koramangala,4,21,1,0,0.483,medium
Electronic City,4,21,1,0,0.888,high
Indiranagar,4,21,1,0,0.714,high
MG Road,4,22,1,0,0.723,high
Whitefield,4,22,1,0,0.69,high
Koramangala,4,22,1,0,0.431,medium
Electronic City,4,22,1,0,0.698,high
Indiranagar,4,22,1,0,0.583,medium
MG Road,4,23,1,0,0.743,high
Whitefield,4,23,1,0,0.603,medium
Koramangala,4,23,1,0,0.342,low
Electronic City,4,23,1,0,0.668,high
Indiranagar,4,23,1,0,0.638,medium
MG Road,5,0,0,0,0.3,low
Whitefield,5,0,0,0,0.035,low
Koramangala,5,0,0,0,0.0,low
Electronic City,5,0,0,0,0.179,low
Indiranagar,5,0,0,0,0.026,low
MG Road,5,1,0,0,0.303,low
Whitefield,5,1,0,0,0.039,low
Koramangala,5,1,0,0,0.0,low
Electronic City,5,1,0,0,0.0,low
Indiranagar,5,1,0,0,0.051,low
MG Road,5,2,0,0,0.104,low
Whitefield,5,2,0,0,0.0,low
Koramangala,5,2,0,0,0.0,low
Electronic City,5,2,0,0,0.117,low
Indiranagar,5,2,0,0,0.006,low
MG Road,5,3,0,0,0.211,low
Whitefield,5,3,0,0,0.103,low
Koramangala,5,3,0,0,0.0,low
Electronic City,5,3,0,0,0.048,low
Indiranagar,5,3,0,0,0.057,low
MG Road,5,4,0,0,0.275,low
Whitefield,5,4,0,0,0.024,low
Koramangala,5,4,0,0,0.0,low
Electronic City,5,4,0,0,0.215,low
Indiranagar,5,4,0,0,0.111,low
MG Road,5,5,0,0,0.424,medium
Whitefield,5,5,0,0,0.33,low
Koramangala,5,5,0,0,0.271,low
Electronic City,5,5,0,0,0.613,medium
Indiranagar,5,5,0,0,0.418,medium
MG Road,5,6,0,0,0.593,medium
Whitefield,5,6,0,0,0.482,medium
Koramangala,5,6,0,0,0.303,low
Electronic City,5,6,0,0,0.49,medium
Indiranagar,5,6,0,0,0.272,low
MG Road,5,7,0,0,0.528,medium
Whitefield,5,7,0,0,0.598,medium
Koramangala,5,7,0,0,0.024,low
Electronic City,5,7,0,0,0.462,medium
Indiranagar,5,7,0,0,0.237,low
MG Road,5,8,0,1,0.56,medium
Whitefield,5,8,0,1,0.254,low
Koramangala,5,8,0,1,0.141,low
Electronic City,5,8,0,1,0.344,low
Indiranagar,5,8,0,1,0.399,medium
MG Road,5,9,0,1,0.648,medium
Whitefield,5,9,0,1,0.319,low
Koramangala,5,9,0,1,0.139,low
Electronic City,5,9,0,1,0.487,medium
Indiranagar,5,9,0,1,0.364,medium
MG Road,5,10,0,1,0.547,medium
Whitefield,5,10,0,1,0.411,medium
Koramangala,5,10,0,1,0.249,low
Electronic City,5,10,0,1,0.435,medium
Indiranagar,5,10,0,1,0.325,low
MG Road,5,11,0,0,0.622,medium
Whitefield,5,11,0,0,0.236,low
Koramangala,5,11,0,0,0.0,low
Electronic City,5,11,0,0,0.518,medium
Indiranagar,5,11,0,0,0.39,medium
MG Road,5,12,0,0,0.492,medium
Whitefield,5,12,0,0,0.304,low
Koramangala,5,12,0,0,0.089,low
Electronic City,5,12,0,0,0.431,medium
Indiranagar,5,12,0,0,0.405,medium
MG Road,5,13,0,0,0.456,medium
Whitefield,5,13,0,0,0.329,low
Koramangala,5,13,0,0,0.078,low
Electronic City,5,13,0,0,0.384,medium
Indiranagar,5,13,0,0,0.42,medium
MG Road,5,14,0,0,0.508,medium
Whitefield,5,14,0,0,0.365,medium
Koramangala,5,14,0,0,0.029,low
Electronic City,5,14,0,0,0.441,medium
Indiranagar,5,14,0,0,0.41,medium
MG Road,5,15,0,0,0.757,high
Whitefield,5,15,0,0,0.192,low
Koramangala,5,15,0,0,0.134,low
Electronic City,5,15,0,0,0.533,medium
Indiranagar,5,15,0,0,0.301,low
MG Road,5,16,0,0,0.618,medium
Whitefield,5,16,0,0,0.281,low
Koramangala,5,16,0,0,0.162,low
Electronic City,5,16,0,0,0.458,medium
Indiranagar,5,16,0,0,0.448,medium
MG Road,5,17,0,1,0.496,medium
Whitefield,5,17,0,1,0.322,low
Koramangala,5,17,0,1,0.226,low
Electronic City,5,17,0,1,0.418,medium
Indiranagar,5,17,0,1,0.356,medium
MG Road,5,18,0,1,0.404,medium
Whitefield,5,18,0,1,0.263,low
Koramangala,5,18,0,1,0.181,low
Electronic City,5,18,0,1,0.421,medium
Indiranagar,5,18,0,1,0.306,low
MG Road,5,19,0,1,0.589,medium
Whitefield,5,19,0,1,0.304,low
Koramangala,5,19,0,1,0.216,low
Electronic City,5,19,0,1,0.517,medium
Indiranagar,5,19,0,1,0.385,medium
MG Road,5,20,0,1,0.649,medium
Whitefield,5,20,0,1,0.376,medium
Koramangala,5,20,0,1,0.273,low
Electronic City,5,20,0,1,0.573,medium
Indiranagar,5,20,0,1,0.308,low
MG Road,5,21,0,0,0.653,high
Whitefield,5,21,0,0,0.371,medium
Koramangala,5,21,0,0,0.118,low
Electronic City,5,21,0,0,0.522,medium
Indiranagar,5,21,0,0,0.439,medium
MG Road,5,22,0,0,0.586,medium
Whitefield,5,22,0,0,0.496,medium
Koramangala,5,22,0,0,0.237,low
Electronic City,5,22,0,0,0.542,medium
Indiranagar,5,22,0,0,0.268,low
MG Road,5,23,0,0,0.536,medium
Whitefield,5,23,0,0,0.356,medium
Koramangala,5,23,0,0,0.206,low
Electronic City,5,23,0,0,0.551,medium
Indiranagar,5,23,0,0,0.364,medium
MG Road,6,0,0,0,0.26,low
Whitefield,6,0,0,0,0.108,low
Koramangala,6,0,0,0,0.0,low
Electronic City,6,0,0,0,0.336,low
Indiranagar,6,0,0,0,0.0,low
MG Road,6,1,0,0,0.366,medium
Whitefield,6,1,0,0,0.046,low
Koramangala,6,1,0,0,0.0,low
Electronic City,6,1,0,0,0.229,low
Indiranagar,6,1,0,0,0.078,low
MG Road,6,2,0,0,0.294,low
Whitefield,6,2,0,0,0.115,low
Koramangala,6,2,0,0,0.0,low
Electronic City,6,2,0,0,0.283,low
Indiranagar,6,2,0,0,0.0,low
MG Road,6,3,0,0,0.25,low
Whitefield,6,3,0,0,0.117,low
Koramangala,6,3,0,0,0.0,low
Electronic City,6,3,0,0,0.237,low
Indiranagar,6,3,0,0,0.019,low
MG Road,6,4,0,0,0.322,low
Whitefield,6,4,0,0,0.0,low
Koramangala,6,4,0,0,0.0,low
Electronic City,6,4,0,0,0.193,low
Indiranagar,6,4,0,0,0.0,low
MG Road,6,5,0,0,0.454,medium
Whitefield,6,5,0,0,0.353,medium
Koramangala,6,5,0,0,0.161,low
Electronic City,6,5,0,0,0.658,high
Indiranagar,6,5,0,0,0.267,low
MG Road,6,6,0,0,0.553,medium
Whitefield,6,6,0,0,0.265,low
Koramangala,6,6,0,0,0.111,low
Electronic City,6,6,0,0,0.635,medium
Indiranagar,6,6,0,0,0.259,low
MG Road,6,7,0,0,0.597,medium
Whitefield,6,7,0,0,0.381,medium
Koramangala,6,7,0,0,0.148,low
Electronic City,6,7,0,0,0.542,medium
Indiranagar,6,7,0,0,0.257,low
MG Road,6,8,0,1,0.683,high
Whitefield,6,8,0,1,0.504,medium
Koramangala,6,8,0,1,0.154,low
Electronic City,6,8,0,1,0.694,high
Indiranagar,6,8,0,1,0.318,low
MG Road,6,9,0,1,0.582,medium
Whitefield,6,9,0,1,0.465,medium
Koramangala,6,9,0,1,0.113,low
Electronic City,6,9,0,1,0.389,medium
Indiranagar,6,9,0,1,0.221,low
MG Road,6,10,0,1,0.715,high
Whitefield,6,10,0,1,0.308,low
Koramangala,6,10,0,1,0.135,low
Electronic City,6,10,0,1,0.411,medium
Indiranagar,6,10,0,1,0.426,medium
MG Road,6,11,0,0,0.487,medium
Whitefield,6,11,0,0,0.311,low
Koramangala,6,11,0,0,0.174,low
Electronic City,6,11,0,0,0.415,medium
Indiranagar,6,11,0,0,0.336,low
MG Road,6,12,0,0,0.662,high
Whitefield,6,12,0,0,0.384,medium
Koramangala,6,12,0,0,0.16,low
Electronic City,6,12,0,0,0.517,medium
Indiranagar,6,12,0,0,0.319,low
MG Road,6,13,0,0,0.71,high
Whitefield,6,13,0,0,0.285,low
Koramangala,6,13,0,0,0.167,low
Electronic City,6,13,0,0,0.509,medium
Indiranagar,6,13,0,0,0.431,medium
MG Road,6,14,0,0,0.638,medium
Whitefield,6,14,0,0,0.347,low
Koramangala,6,14,0,0,0.173,low
Electronic City,6,14,0,0,0.526,medium
Indiranagar,6,14,0,0,0.168,low
MG Road,6,15,0,0,0.423,medium
Whitefield,6,15,0,0,0.302,low
Koramangala,6,15,0,0,0.105,low
Electronic City,6,15,0,0,0.404,medium
Indiranagar,6,15,0,0,0.41,medium
MG Road,6,16,0,0,0.55,medium
Whitefield,6,16,0,0,0.333,low
Koramangala,6,16,0,0,0.05,low
Electronic City,6,16,0,0,0.496,medium
Indiranagar,6,16,0,0,0.14,low
MG Road,6,17,0,1,0.537,medium
Whitefield,6,17,0,1,0.355,medium
Koramangala,6,17,0,1,0.169,low
Electronic City,6,17,0,1,0.375,medium
Indiranagar,6,17,0,1,0.368,medium
MG Road,6,18,0,1,0.467,medium
Whitefield,6,18,0,1,0.285,low
Koramangala,6,18,0,1,0.207,low
Electronic City,6,18,0,1,0.661,high
Indiranagar,6,18,0,1,0.354,medium
MG Road,6,19,0,1,0.485,medium
Whitefield,6,19,0,1,0.365,medium
Koramangala,6,19,0,1,0.225,low
Electronic City,6,19,0,1,0.55,medium
Indiranagar,6,19,0,1,0.569,medium
MG Road,6,20,0,1,0.493,medium
Whitefield,6,20,0,1,0.37,medium
Koramangala,6,20,0,1,0.274,low
Electronic City,6,20,0,1,0.619,medium
Indiranagar,6,20,0,1,0.194,low
MG Road,6,21,0,0,0.55,medium
Whitefield,6,21,0,0,0.469,medium
Koramangala,6,21,0,0,0.381,medium
Electronic City,6,21,0,0,0.556,medium
Indiranagar,6,21,0,0,0.321,low
MG Road,6,22,0,0,0.469,medium
Whitefield,6,22,0,0,0.527,medium
Koramangala,6,22,0,0,0.208,low
Electronic City,6,22,0,0,0.432,medium
Indiranagar,6,22,0,0,0.334,low
MG Road,6,23,0,0,0.575,medium
Whitefield,6,23,0,0,0.394,medium
Koramangala,6,23,0,0,0.078,low
Electronic City,6,23,0,0,0.451,medium
Indiranagar,6,23,0,0,0.218,low
MG Road,0,0,1,0,0.583,medium
Whitefield,0,0,1,0,0.273,low
Koramangala,0,0,1,0,0.137,low
Electronic City,0,0,1,0,0.564,medium
Indiranagar,0,0,1,0,0.318,low
MG Road,0,1,1,0,0.491,medium
Whitefield,0,1,1,0,0.316,low
Koramangala,0,1,1,0,0.105,low
Electronic City,0,1,1,0,0.55,medium
Indiranagar,0,1,1,0,0.325,low
MG Road,0,2,1,0,0.456,medium
Whitefield,0,2,1,0,0.384,medium
Koramangala,0,2,1,0,0.198,low
Electronic City,0,2,1,0,0.343,low
Indiranagar,0,2,1,0,0.423,medium
MG Road,0,3,1,0,0.529,medium
Whitefield,0,3,1,0,0.323,low
Koramangala,0,3,1,0,0.181,low
Electronic City,0,3,1,0,0.405,medium
Indiranagar,0,3,1,0,0.376,medium
MG Road,0,4,1,0,0.47,medium
Whitefield,0,4,1,0,0.182,low
Koramangala,0,4,1,0,0.02,low
Electronic City,0,4,1,0,0.495,medium
Indiranagar,0,4,1,0,0.224,low
MG Road,0,5,1,0,0.929,high
Whitefield,0,5,1,0,0.695,high
Koramangala,0,5,1,0,0.507,medium
Electronic City,0,5,1,0,0.76,high
Indiranagar,0,5,1,0,0.621,medium
MG Road,0,6,1,0,0.705,high
Whitefield,0,6,1,0,0.68,high
Koramangala,0,6,1,0,0.43,medium
Electronic City,0,6,1,0,0.795,high
Indiranagar,0,6,1,0,0.735,high
MG Road,0,7,1,0,0.752,high
Whitefield,0,7,1,0,0.59,medium
Koramangala,0,7,1,0,0.426,medium
Electronic City,0,7,1,0,0.675,high
Indiranagar,0,7,1,0,0.585,medium
MG Road,0,8,1,1,1.0,high
Whitefield,0,8,1,1,0.824,high
Koramangala,0,8,1,1,0.755,high
Electronic City,0,8,1,1,0.879,high
Indiranagar,0,8,1,1,0.94,high
MG Road,0,9,1,1,1.0,high
Whitefield,0,9,1,1,0.804,high
Koramangala,0,9,1,1,0.576,medium
Electronic City,0,9,1,1,0.834,high
Indiranagar,0,9,1,1,0.786,high
MG Road,0,10,1,1,1.0,high
Whitefield,0,10,1,1,0.846,high
Koramangala,0,10,1,1,0.743,high
Electronic City,0,10,1,1,0.95,high
Indiranagar,0,10,1,1,0.907,high
MG Road,0,11,1,0,0.743,high
Whitefield,0,11,1,0,0.523,medium
Koramangala,0,11,1,0,0.391,medium
Electronic City,0,11,1,0,0.697,high
Indiranagar,0,11,1,0,0.477,medium
MG Road,0,12,1,0,0.785,high
Whitefield,0,12,1,0,0.609,medium
Koramangala,0,12,1,0,0.501,medium
Electronic City,0,12,1,0,0.825,high
Indiranagar,0,12,1,0,0.698,high
MG Road,0,13,1,0,0.858,high
Whitefield,0,13,1,0,0.627,medium
Koramangala,0,13,1,0,0.302,low
Electronic City,0,13,1,0,0.762,high
Indiranagar,0,13,1,0,0.648,medium
MG Road,0,14,1,0,0.917,high
Whitefield,0,14,1,0,0.655,high
Koramangala,0,14,1,0,0.499,medium
Electronic City,0,14,1,0,0.667,high
Indiranagar,0,14,1,0,0.574,medium
MG Road,0,15,1,0,0.834,high
Whitefield,0,15,1,0,0.693,high
Koramangala,0,15,1,0,0.388,medium
Electronic City,0,15,1,0,0.743,high
Indiranagar,0,15,1,0,0.655,high
MG Road,0,16,1,0,0.71,high
Whitefield,0,16,1,0,0.729,high
Koramangala,0,16,1,0,0.33,low
Electronic City,0,16,1,0,0.597,medium
Indiranagar,0,16,1,0,0.601,medium
MG Road,0,17,1,1,1.0,high
Whitefield,0,17,1,1,0.897,high
Koramangala,0,17,1,1,0.71,high
Electronic City,0,17,1,1,1.0,high
Indiranagar,0,17,1,1,0.838,high
MG Road,0,18,1,1,0.926,high
Whitefield,0,18,1,1,0.669,high
Koramangala,0,18,1,1,0.666,high
Electronic City,0,18,1,1,1.0,high
Indiranagar,0,18,1,1,0.878,high
MG Road,0,19,1,1,1.0,high
Whitefield,0,19,1,1,0.977,high
Koramangala,0,19,1,1,0.676,high
Electronic City,0,19,1,1,0.99,high
Indiranagar,0,19,1,1,0.785,high
MG Road,0,20,1,1,1.0,high
Whitefield,0,20,1,1,0.892,high
Koramangala,0,20,1,1,0.575,medium
Electronic City,0,20,1,1,0.906,high
Indiranagar,0,20,1,1,0.95,high
MG Road,0,21,1,0,0.717,high
Whitefield,0,21,1,0,0.748,high
Koramangala,0,21,1,0,0.179,low
Electronic City,0,21,1,0,0.864,high
Indiranagar,0,21,1,0,0.639,medium
MG Road,0,22,1,0,0.809,high
Whitefield,0,22,1,0,0.586,medium
Koramangala,0,22,1,0,0.551,medium
Electronic City,0,22,1,0,0.807,high
Indiranagar,0,22,1,0,0.528,medium
MG Road,0,23,1,0,0.662,high
Whitefield,0,23,1,0,0.614,medium
Koramangala,0,23,1,0,0.4,medium
Electronic City,0,23,1,0,0.628,medium
Indiranagar,0,23,1,0,0.596,medium
MG Road,1,0,1,0,0.454,medium
Whitefield,1,0,1,0,0.301,low
Koramangala,1,0,1,0,0.158,low
Electronic City,1,0,1,0,0.569,medium
Indiranagar,1,0,1,0,0.373,medium
MG Road,1,1,1,0,0.442,medium
Whitefield,1,1,1,0,0.33,low
Koramangala,1,1,1,0,0.105,low
Electronic City,1,1,1,0,0.343,low
Indiranagar,1,1,1,0,0.332,low
MG Road,1,2,1,0,0.649,medium
Whitefield,1,2,1,0,0.303,low
Koramangala,1,2,1,0,0.0,low
Electronic City,1,2,1,0,0.452,medium
Indiranagar,1,2,1,0,0.203,low
MG Road,1,3,1,0,0.569,medium
Whitefield,1,3,1,0,0.342,low
Koramangala,1,3,1,0,0.086,low
Electronic City,1,3,1,0,0.424,medium
Indiranagar,1,3,1,0,0.283,low
MG Road,1,4,1,0,0.501,medium
Whitefield,1,4,1,0,0.238,low
Koramangala,1,4,1,0,0.0,low
Electronic City,1,4,1,0,0.541,medium
Indiranagar,1,4,1,0,0.269,low
MG Road,1,5,1,0,0.813,high
Whitefield,1,5,1,0,0.623,medium
Koramangala,1,5,1,0,0.426,medium
Electronic City,1,5,1,0,0.656,high
Indiranagar,1,5,1,0,0.466,medium
MG Road,1,6,1,0,0.753,high
Whitefield,1,6,1,0,0.632,medium
Koramangala,1,6,1,0,0.342,low
Electronic City,1,6,1,0,0.722,high
Indiranagar,1,6,1,0,0.77,high
MG Road,1,7,1,0,0.652,high
Whitefield,1,7,1,0,0.54,medium
Koramangala,1,7,1,0,0.552,medium
Electronic City,1,7,1,0,0.746,high
Indiranagar,1,7,1,0,0.544,medium
MG Road,1,8,1,1,1.0,high
Whitefield,1,8,1,1,0.854,high
Koramangala,1,8,1,1,0.622,medium
Electronic City,1,8,1,1,1.0,high
Indiranagar,1,8,1,1,0.797,high
MG Road,1,9,1,1,0.969,high
Whitefield,1,9,1,1,0.841,high
Koramangala,1,9,1,1,0.569,medium
Electronic City,1,9,1,1,1.0,high
Indiranagar,1,9,1,1,0.878,high
MG Road,1,10,1,1,1.0,high
Whitefield,1,10,1,1,0.94,high
Koramangala,1,10,1,1,0.618,medium
Electronic City,1,10,1,1,1.0,high
Indiranagar,1,10,1,1,0.889,high
MG Road,1,11,1,0,0.826,high
Whitefield,1,11,1,0,0.562,medium
Koramangala,1,11,1,0,0.318,low
Electronic City,1,11,1,0,0.79,high
Indiranagar,1,11,1,0,0.463,medium
MG Road,1,12,1,0,0.779,high
Whitefield,1,12,1,0,0.396,medium
Koramangala,1,12,1,0,0.293,low
Electronic City,1,12,1,0,0.68,high
Indiranagar,1,12,1,0,0.688,high
MG Road,1,13,1,0,0.855,high
Whitefield,1,13,1,0,0.556,medium
Koramangala,1,13,1,0,0.458,medium
Electronic City,1,13,1,0,0.821,high
Indiranagar,1,13,1,0,0.587,medium
MG Road,1,14,1,0,0.689,high
Whitefield,1,14,1,0,0.583,medium
Koramangala,1,14,1,0,0.392,medium
Electronic City,1,14,1,0,0.651,high
Indiranagar,1,14,1,0,0.629,medium
MG Road,1,15,1,0,0.822,high
Whitefield,1,15,1,0,0.636,medium
Koramangala,1,15,1,0,0.422,medium
Electronic City,1,15,1,0,0.808,high
Indiranagar,1,15,1,0,0.586,medium
MG Road,1,16,1,0,0.816,high
Whitefield,1,16,1,0,0.568,medium
Koramangala,1,16,1,0,0.353,medium
Electronic City,1,16,1,0,0.857,high
Indiranagar,1,16,1,0,0.436,medium
MG Road,1,17,1,1,1.0,high
Whitefield,1,17,1,1,0.8,high
Koramangala,1,17,1,1,0.59,medium
Electronic City,1,17,1,1,1.0,high
Indiranagar,1,17,1,1,0.731,high
MG Road,1,18,1,1,0.985,high
Whitefield,1,18,1,1,0.782,high
Koramangala,1,18,1,1,0.632,medium
Electronic City,1,18,1,1,0.936,high
Indiranagar,1,18,1,1,0.978,high
MG Road,1,19,1,1,1.0,high
Whitefield,1,19,1,1,0.688,high
Koramangala,1,19,1,1,0.694,high
Electronic City,1,19,1,1,1.0,high
Indiranagar,1,19,1,1,0.893,high
MG Road,1,20,1,1,0.997,high
Whitefield,1,20,1,1,0.83,high
Koramangala,1,20,1,1,0.59,medium
Electronic City,1,20,1,1,0.966,high
Indiranagar,1,20,1,1,0.753,high
MG Road,1,21,1,0,0.791,high
Whitefield,1,21,1,0,0.48,medium
Koramangala,1,21,1,0,0.384,medium
Electronic City,1,21,1,0,0.65,high
Indiranagar,1,21,1,0,0.617,medium
MG Road,1,22,1,0,0.746,high
Whitefield,1,22,1,0,0.623,medium
Koramangala,1,22,1,0,0.487,medium
Electronic City,1,22,1,0,0.877,high
Indiranagar,1,22,1,0,0.398,medium
MG Road,1,23,1,0,0.733,high
Whitefield,1,23,1,0,0.576,medium
Koramangala,1,23,1,0,0.437,medium
Electronic City,1,23,1,0,0.618,medium
Indiranagar,1,23,1,0,0.521,medium
MG Road,2,0,1,0,0.51,medium
Whitefield,2,0,1,0,0.307,low
Koramangala,2,0,1,0,0.13,low
Electronic City,2,0,1,0,0.485,medium
Indiranagar,2,0,1,0,0.327,low
MG Road,2,1,1,0,0.515,medium
Whitefield,2,1,1,0,0.304,low
Koramangala,2,1,1,0,0.153,low
Electronic City,2,1,1,0,0.271,low
Indiranagar,2,1,1,0,0.424,medium
MG Road,2,2,1,0,0.324,low
Whitefield,2,2,1,0,0.214,low
Koramangala,2,2,1,0,0.082,low
Electronic City,2,2,1,0,0.504,medium
Indiranagar,2,2,1,0,0.06,low
MG Road,2,3,1,0,0.498,medium
Whitefield,2,3,1,0,0.363,medium
Koramangala,2,3,1,0,0.18,low
Electronic City,2,3,1,0,0.394,medium
Indiranagar,2,3,1,0,0.276,low
MG Road,2,4,1,0,0.451,medium
Whitefield,2,4,1,0,0.269,low
Koramangala,2,4,1,0,0.017,low
Electronic City,2,4,1,0,0.379,medium
Indiranagar,2,4,1,0,0.335,low
MG Road,2,5,1,0,0.811,high
Whitefield,2,5,1,0,0.639,medium
Koramangala,2,5,1,0,0.417,medium
Electronic City,2,5,1,0,0.806,high
Indiranagar,2,5,1,0,0.67,high
MG Road,2,6,1,0,0.661,high
Whitefield,2,6,1,0,0.532,medium
Koramangala,2,6,1,0,0.381,medium
Electronic City,2,6,1,0,0.748,high
Indiranagar,2,6,1,0,0.546,medium
MG Road,2,7,1,0,0.873,high
Whitefield,2,7,1,0,0.758,high
Koramangala,2,7,1,0,0.415,medium
Electronic City,2,7,1,0,0.757,high
Indiranagar,2,7,1,0,0.668,high
MG Road,2,8,1,1,0.901,high
Whitefield,2,8,1,1,0.852,high
Koramangala,2,8,1,1,0.728,high
Electronic City,2,8,1,1,0.949,high
Indiranagar,2,8,1,1,0.752,high
MG Road,2,9,1,1,1.0,high
Whitefield,2,9,1,1,0.845,high
Koramangala,2,9,1,1,0.577,medium
Electronic City,2,9,1,1,1.0,high
Indiranagar,2,9,1,1,0.812,high
MG Road,2,10,1,1,0.958,high
Whitefield,2,10,1,1,0.843,high
Koramangala,2,10,1,1,0.723,high
Electronic City,2,10,1,1,1.0,high
Indiranagar,2,10,1,1,0.889,high
MG Road,2,11,1,0,0.73,high
Whitefield,2,11,1,0,0.719,high
Koramangala,2,11,1,0,0.445,medium
Electronic City,2,11,1,0,0.834,high
Indiranagar,2,11,1,0,0.629,medium
MG Road,2,12,1,0,0.866,high
Whitefield,2,12,1,0,0.53,medium
Koramangala,2,12,1,0,0.361,medium
Electronic City,2,12,1,0,0.858,high
Indiranagar,2,12,1,0,0.725,high
MG Road,2,13,1,0,0.708,high
Whitefield,2,13,1,0,0.62,medium
Koramangala,2,13,1,0,0.366,medium
Electronic City,2,13,1,0,0.694,high
Indiranagar,2,13,1,0,0.623,medium
MG Road,2,14,1,0,0.891,high
Whitefield,2,14,1,0,0.636,medium
Koramangala,2,14,1,0,0.374,medium
Electronic City,2,14,1,0,0.791,high
Indiranagar,2,14,1,0,0.571,medium
MG Road,2,15,1,0,0.833,high
Whitefield,2,15,1,0,0.712,high
Koramangala,2,15,1,0,0.234,low
Electronic City,2,15,1,0,0.814,high
Indiranagar,2,15,1,0,0.477,medium
MG Road,2,16,1,0,0.898,high
Whitefield,2,16,1,0,0.549,medium
Koramangala,2,16,1,0,0.303,low
Electronic City,2,16,1,0,0.806,high
Indiranagar,2,16,1,0,0.629,medium
MG Road,2,17,1,1,0.97,high
Whitefield,2,17,1,1,0.75,high
Koramangala,2,17,1,1,0.635,medium
Electronic City,2,17,1,1,0.904,high
Indiranagar,2,17,1,1,0.765,high
MG Road,2,18,1,1,1.0,high
Whitefield,2,18,1,1,0.773,high
Koramangala,2,18,1,1,0.684,high
Electronic City,2,18,1,1,1.0,high
Indiranagar,2,18,1,1,0.838,high
MG Road,2,19,1,1,1.0,high
Whitefield,2,19,1,1,1.0,high
Koramangala,2,19,1,1,0.555,medium
Electronic City,2,19,1,1,1.0,high
Indiranagar,2,19,1,1,0.936,high
MG Road,2,20,1,1,1.0,high
Whitefield,2,20,1,1,0.953,high
Koramangala,2,20,1,1,0.672,high
Electronic City,2,20,1,1,0.953,high
Indiranagar,2,20,1,1,0.938,high
MG Road,2,21,1,0,0.891,high
Whitefield,2,21,1,0,0.688,high
Koramangala,2,21,1,0,0.404,medium
Electronic City,2,21,1,0,0.693,high
Indiranagar,2,21,1,0,0.615,medium
MG Road,2,22,1,0,0.875,high
Whitefield,2,22,1,0,0.682,high
Koramangala,2,22,1,0,0.366,medium
Electronic City,2,22,1,0,0.775,high
Indiranagar,2,22,1,0,0.495,medium
MG Road,2,23,1,0,0.879,high
Whitefield,2,23,1,0,0.537,medium
Koramangala,2,23,1,0,0.463,medium
Electronic City,2,23,1,0,0.658,high
Indiranagar,2,23,1,0,0.683,high
MG Road,3,0,1,0,0.526,medium
Whitefield,3,0,1,0,0.237,low
Koramangala,3,0,1,0,0.155,low
Electronic City,3,0,1,0,0.403,medium
Indiranagar,3,0,1,0,0.36,medium
MG Road,3,1,1,0,0.478,medium
Whitefield,3,1,1,0,0.162,low
Koramangala,3,1,1,0,0.021,low
Electronic City,3,1,1,0,0.416,medium
Indiranagar,3,1,1,0,0.409,medium
MG Road,3,2,1,0,0.572,medium
Whitefield,3,2,1,0,0.43,medium
Koramangala,3,2,1,0,0.232,low
Electronic City,3,2,1,0,0.407,medium
Indiranagar,3,2,1,0,0.285,low
MG Road,3,3,1,0,0.467,medium
Whitefield,3,3,1,0,0.246,low
Koramangala,3,3,1,0,0.0,low
Electronic City,3,3,1,0,0.449,medium
Indiranagar,3,3,1,0,0.197,low
MG Road,3,4,1,0,0.497,medium
Whitefield,3,4,1,0,0.469,medium
Koramangala,3,4,1,0,0.059,low
Electronic City,3,4,1,0,0.466,medium
Indiranagar,3,4,1,0,0.373,medium
MG Road,3,5,1,0,0.822,high
Whitefield,3,5,1,0,0.623,medium
Koramangala,3,5,1,0,0.371,medium
Electronic City,3,5,1,0,0.731,high
Indiranagar,3,5,1,0,0.523,medium
MG Road,3,6,1,0,0.868,high
Whitefield,3,6,1,0,0.461,medium
Koramangala,3,6,1,0,0.478,medium
Electronic City,3,6,1,0,0.638,medium
Indiranagar,3,6,1,0,0.677,high
MG Road,3,7,1,0,0.772,high
Whitefield,3,7,1,0,0.501,medium
Koramangala,3,7,1,0,0.446,medium
Electronic City,3,7,1,0,0.824,high
Indiranagar,3,7,1,0,0.565,medium
MG Road,3,8,1,1,1.0,high
Whitefield,3,8,1,1,0.667,high
Koramangala,3,8,1,1,0.544,medium
Electronic City,3,8,1,1,1.0,high
Indiranagar,3,8,1,1,0.832,high
MG Road,3,9,1,1,0.901,high
Whitefield,3,9,1,1,0.794,high
Koramangala,3,9,1,1,0.576,medium
Electronic City,3,9,1,1,0.987,high
Indiranagar,3,9,1,1,0.82,high
MG Road,3,10,1,1,1.0,high
Whitefield,3,10,1,1,0.844,high
Koramangala,3,10,1,1,0.759,high
Electronic City,3,10,1,1,1.0,high
Indiranagar,3,10,1,1,0.887,high
MG Road,3,11,1,0,0.893,high
Whitefield,3,11,1,0,0.569,medium
Koramangala,3,11,1,0,0.299,low
Electronic City,3,11,1,0,0.847,high
Indiranagar,3,11,1,0,0.611,medium
MG Road,3,12,1,0,0.811,high
Whitefield,3,12,1,0,0.549,medium
Koramangala,3,12,1,0,0.351,medium
Electronic City,3,12,1,0,0.818,high
Indiranagar,3,12,1,0,0.679,high
MG Road,3,13,1,0,0.863,high
Whitefield,3,13,1,0,0.663,high
Koramangala,3,13,1,0,0.446,medium
Electronic City,3,13,1,0,0.761,high
Indiranagar,3,13,1,0,0.586,medium
MG Road,3,14,1,0,0.897,high
Whitefield,3,14,1,0,0.57,medium
Koramangala,3,14,1,0,0.43,medium
Electronic City,3,14,1,0,0.686,high
Indiranagar,3,14,1,0,0.547,medium
MG Road,3,15,1,0,0.781,high
Whitefield,3,15,1,0,0.536,medium
Koramangala,3,15,1,0,0.464,medium
Electronic City,3,15,1,0,0.642,medium
Indiranagar,3,15,1,0,0.608,medium
MG Road,3,16,1,0,0.811,high
Whitefield,3,16,1,0,0.455,medium
Koramangala,3,16,1,0,0.365,medium
Electronic City,3,16,1,0,0.77,high
Indiranagar,3,16,1,0,0.634,medium
MG Road,3,17,1,1,1.0,high
Whitefield,3,17,1,1,0.904,high
Koramangala,3,17,1,1,0.641,medium
Electronic City,3,17,1,1,1.0,high
Indiranagar,3,17,1,1,0.87,high
MG Road,3,18,1,1,1.0,high
Whitefield,3,18,1,1,0.796,high
Koramangala,3,18,1,1,0.611,medium
Electronic City,3,18,1,1,0.946,high
Indiranagar,3,18,1,1,0.823,high
MG Road,3,19,1,1,1.0,high
Whitefield,3,19,1,1,0.896,high
Koramangala,3,19,1,1,0.56,medium
Electronic City,3,19,1,1,0.952,high
Indiranagar,3,19,1,1,0.88,high
MG Road,3,20,1,1,0.977,high
Whitefield,3,20,1,1,0.792,high
Koramangala,3,20,1,1,0.758,high
Electronic City,3,20,1,1,0.951,high
Indiranagar,3,20,1,1,0.926,high
MG Road,3,21,1,0,0.9,high
Whitefield,3,21,1,0,0.541,medium
Koramangala,3,21,1,0,0.329,low
Electronic City,3,21,1,0,0.728,high
Indiranagar,3,21,1,0,0.513,medium
MG Road,3,22,1,0,0.81,high
Whitefield,3,22,1,0,0.584,medium
Koramangala,3,22,1,0,0.429,medium
Electronic City,3,22,1,0,0.862,high
Indiranagar,3,22,1,0,0.665,high
MG Road,3,23,1,0,0.839,high
Whitefield,3,23,1,0,0.443,medium
Koramangala,3,23,1,0,0.435,medium
Electronic City,3,23,1,0,0.888,high
Indiranagar,3,23,1,0,0.359,medium
MG Road,4,0,1,0,0.555,medium
Whitefield,4,0,1,0,0.287,low
Koramangala,4,0,1,0,0.032,low
Electronic City,4,0,1,0,0.514,medium
Indiranagar,4,0,1,0,0.437,medium
MG Road,4,1,1,0,0.562,medium
Whitefield,4,1,1,0,0.27,low
Koramangala,4,1,1,0,0.025,low
Electronic City,4,1,1,0,0.462,medium
Indiranagar,4,1,1,0,0.37,medium
MG Road,4,2,1,0,0.469,medium
Whitefield,4,2,1,0,0.277,low
Koramangala,4,2,1,0,0.326,low
Electronic City,4,2,1,0,0.536,medium
Indiranagar,4,2,1,0,0.392,medium
MG Road,4,3,1,0,0.383,medium
Whitefield,4,3,1,0,0.243,low
Koramangala,4,3,1,0,0.106,low
Electronic City,4,3,1,0,0.37,medium
Indiranagar,4,3,1,0,0.428,medium
MG Road,4,4,1,0,0.613,medium
Whitefield,4,4,1,0,0.257,low
Koramangala,4,4,1,0,0.243,low
Electronic City,4,4,1,0,0.45,medium
Indiranagar,4,4,1,0,0.507,medium
MG Road,4,5,1,0,0.812,high
Whitefield,4,5,1,0,0.646,medium
Koramangala,4,5,1,0,0.512,medium
Electronic City,4,5,1,0,0.852,high
Indiranagar,4,5,1,0,0.641,medium
MG Road,4,6,1,0,0.789,high
Whitefield,4,6,1,0,0.641,medium
Koramangala,4,6,1,0,0.335,low
Electronic City,4,6,1,0,0.762,high
Indiranagar,4,6,1,0,0.511,medium
MG Road,4,7,1,0,0.658,high
Whitefield,4,7,1,0,0.604,medium
Koramangala,4,7,1,0,0.501,medium
Electronic City,4,7,1,0,0.824,high
Indiranagar,4,7,1,0,0.593,medium
MG Road,4,8,1,1,1.0,high
Whitefield,4,8,1,1,0.804,high
Koramangala,4,8,1,1,0.497,medium
Electronic City,4,8,1,1,0.825,high
Indiranagar,4,8,1,1,0.756,high
MG Road,4,9,1,1,1.0,high
Whitefield,4,9,1,1,0.799,high
Koramangala,4,9,1,1,0.687,high
Electronic City,4,9,1,1,1.0,high
Indiranagar,4,9,1,1,0.762,high
MG Road,4,10,1,1,1.0,high
Whitefield,4,10,1,1,0.893,high
Koramangala,4,10,1,1,0.581,medium
Electronic City,4,10,1,1,1.0,high
Indiranagar,4,10,1,1,0.827,high
MG Road,4,11,1,0,0.769,high
Whitefield,4,11,1,0,0.769,high
Koramangala,4,11,1,0,0.442,medium
Electronic City,4,11,1,0,0.824,high
Indiranagar,4,11,1,0,0.708,high
MG Road,4,12,1,0,0.748,high
Whitefield,4,12,1,0,0.7,high
Koramangala,4,12,1,0,0.36,medium
Electronic City,4,12,1,0,0.706,high
Indiranagar,4,12,1,0,0.578,medium
MG Road,4,13,1,0,0.75,high
Whitefield,4,13,1,0,0.666,high
Koramangala,4,13,1,0,0.421,medium
Electronic City,4,13,1,0,0.711,high
Indiranagar,4,13,1,0,0.654,high
MG Road,4,14,1,0,0.778,high
Whitefield,4,14,1,0,0.574,medium
Koramangala,4,14,1,0,0.404,medium
Electronic City,4,14,1,0,0.787,high
Indiranagar,4,14,1,0,0.631,medium
MG Road,4,15,1,0,0.771,high
Whitefield,4,15,1,0,0.668,high
Koramangala,4,15,1,0,0.382,medium
Electronic City,4,15,1,0,0.698,high
Indiranagar,4,15,1,0,0.483,medium
MG Road,4,16,1,0,0.879,high
Whitefield,4,16,1,0,0.601,medium
Koramangala,4,16,1,0,0.417,medium
Electronic City,4,16,1,0,0.834,high
Indiranagar,4,16,1,0,0.562,medium
MG Road,4,17,1,1,0.94,high
Whitefield,4,17,1,1,0.856,high
Koramangala,4,17,1,1,0.675,high
Electronic City,4,17,1,1,0.979,high
Indiranagar,4,17,1,1,0.968,high
MG Road,4,18,1,1,0.851,high
Whitefield,4,18,1,1,0.94,high
Koramangala,4,18,1,1,0.713,high
Electronic City,4,18,1,1,1.0,high
Indiranagar,4,18,1,1,0.583,medium
MG Road,4,19,1,1,1.0,high
Whitefield,4,19,1,1,0.768,high
Koramangala,4,19,1,1,0.609,medium
Electronic City,4,19,1,1,0.986,high
Indiranagar,4,19,1,1,0.883,high
MG Road,4,20,1,1,1.0,high
Whitefield,4,20,1,1,0.921,high
Koramangala,4,20,1,1,0.715,high
Electronic City,4,20,1,1,1.0,high
Indiranagar,4,20,1,1,0.883,high
MG Road,4,21,1,0,0.713,high
Whitefield,4,21,1,0,0.54,medium
Koramangala,4,21,1,0,0.472,medium
Electronic City,4,21,1,0,0.817,high
Indiranagar,4,21,1,0,0.658,high
MG Road,4,22,1,0,0.759,high
Whitefield,4,22,1,0,0.673,high
Koramangala,4,22,1,0,0.307,low
Electronic City,4,22,1,0,0.836,high
Indiranagar,4,22,1,0,0.579,medium
MG Road,4,23,1,0,0.935,high
Whitefield,4,23,1,0,0.478,medium
Koramangala,4,23,1,0,0.541,medium
Electronic City,4,23,1,0,0.721,high
Indiranagar,4,23,1,0,0.57,medium
MG Road,5,0,0,0,0.266,low
Whitefield,5,0,0,0,0.0,low
Koramangala,5,0,0,0,0.0,low
Electronic City,5,0,0,0,0.141,low
Indiranagar,5,0,0,0,0.0,low
MG Road,5,1,0,0,0.289,low
Whitefield,5,1,0,0,0.0,low
Koramangala,5,1,0,0,0.0,low
Electronic City,5,1,0,0,0.09,low
Indiranagar,5,1,0,0,0.01,low
MG Road,5,2,0,0,0.355,medium
Whitefield,5,2,0,0,0.0,low
Koramangala,5,2,0,0,0.0,low
Electronic City,5,2,0,0,0.216,low
Indiranagar,5,2,0,0,0.02,low
MG Road,5,3,0,0,0.428,medium
Whitefield,5,3,0,0,0.037,low
Koramangala,5,3,0,0,0.0,low
Electronic City,5,3,0,0,0.276,low
Indiranagar,5,3,0,0,0.124,low
MG Road,5,4,0,0,0.269,low
Whitefield,5,4,0,0,0.037,low
Koramangala,5,4,0,0,0.012,low
Electronic City,5,4,0,0,0.192,low
Indiranagar,5,4,0,0,0.015,low
MG Road,5,5,0,0,0.498,medium
Whitefield,5,5,0,0,0.212,low
Koramangala,5,5,0,0,0.216,low
Electronic City,5,5,0,0,0.312,low
Indiranagar,5,5,0,0,0.35,low
MG Road,5,6,0,0,0.534,medium
Whitefield,5,6,0,0,0.529,medium
Koramangala,5,6,0,0,0.003,low
Electronic City,5,6,0,0,0.428,medium
Indiranagar,5,6,0,0,0.339,low
MG Road,5,7,0,0,0.534,medium
Whitefield,5,7,0,0,0.306,low
Koramangala,5,7,0,0,0.144,low
Electronic City,5,7,0,0,0.399,medium
Indiranagar,5,7,0,0,0.379,medium
MG Road,5,8,0,1,0.364,medium
Whitefield,5,8,0,1,0.348,low
Koramangala,5,8,0,1,0.102,low
Electronic City,5,8,0,1,0.581,medium
Indiranagar,5,8,0,1,0.49,medium
MG Road,5,9,0,1,0.524,medium
Whitefield,5,9,0,1,0.461,medium
Koramangala,5,9,0,1,0.125,low
Electronic City,5,9,0,1,0.423,medium
Indiranagar,5,9,0,1,0.49,medium
MG Road,5,10,0,1,0.592,medium
Whitefield,5,10,0,1,0.35,medium
Koramangala,5,10,0,1,0.205,low
Electronic City,5,10,0,1,0.522,medium
Indiranagar,5,10,0,1,0.344,low
MG Road,5,11,0,0,0.444,medium
Whitefield,5,11,0,0,0.328,low
Koramangala,5,11,0,0,0.2,low
Electronic City,5,11,0,0,0.49,medium
Indiranagar,5,11,0,0,0.422,medium
MG Road,5,12,0,0,0.581,medium
Whitefield,5,12,0,0,0.28,low
Koramangala,5,12,0,0,0.044,low
Electronic City,5,12,0,0,0.487,medium
Indiranagar,5,12,0,0,0.308,low
MG Road,5,13,0,0,0.577,medium
Whitefield,5,13,0,0,0.293,low
Koramangala,5,13,0,0,0.101,low
Electronic City,5,13,0,0,0.584,medium
Indiranagar,5,13,0,0,0.362,medium
MG Road,5,14,0,0,0.494,medium
Whitefield,5,14,0,0,0.351,medium
Koramangala,5,14,0,0,0.26,low
Electronic City,5,14,0,0,0.524,medium
Indiranagar,5,14,0,0,0.397,medium
MG Road,5,15,0,0,0.49,medium
Whitefield,5,15,0,0,0.432,medium
Koramangala,5,15,0,0,0.335,low
Electronic City,5,15,0,0,0.437,medium
Indiranagar,5,15,0,0,0.255,low
MG Road,5,16,0,0,0.564,medium
Whitefield,5,16,0,0,0.42,medium
Koramangala,5,16,0,0,0.143,low
Electronic City,5,16,0,0,0.416,medium
Indiranagar,5,16,0,0,0.341,low
MG Road,5,17,0,1,0.598,medium
Whitefield,5,17,0,1,0.317,low
Koramangala,5,17,0,1,0.199,low
Electronic City,5,17,0,1,0.593,medium
Indiranagar,5,17,0,1,0.369,medium
MG Road,5,18,0,1,0.548,medium
Whitefield,5,18,0,1,0.416,medium
Koramangala,5,18,0,1,0.082,low
Electronic City,5,18,0,1,0.424,medium
Indiranagar,5,18,0,1,0.329,low
MG Road,5,19,0,1,0.511,medium
Whitefield,5,19,0,1,0.286,low
Koramangala,5,19,0,1,0.296,low
Electronic City,5,19,0,1,0.674,high
Indiranagar,5,19,0,1,0.322,low
MG Road,5,20,0,1,0.557,medium
Whitefield,5,20,0,1,0.335,low
Koramangala,5,20,0,1,0.239,low
Electronic City,5,20,0,1,0.604,medium
Indiranagar,5,20,0,1,0.208,low
MG Road,5,21,0,0,0.588,medium
Whitefield,5,21,0,0,0.245,low
Koramangala,5,21,0,0,0.291,low
Electronic City,5,21,0,0,0.535,medium
Indiranagar,5,21,0,0,0.284,low
MG Road,5,22,0,0,0.531,medium
Whitefield,5,22,0,0,0.327,low
Koramangala,5,22,0,0,0.192,low
Electronic City,5,22,0,0,0.583,medium
Indiranagar,5,22,0,0,0.258,low
MG Road,5,23,0,0,0.697,high
Whitefield,5,23,0,0,0.478,medium
Koramangala,5,23,0,0,0.08,low
Electronic City,5,23,0,0,0.506,medium
Indiranagar,5,23,0,0,0.487,medium
MG Road,6,0,0,0,0.349,low
Whitefield,6,0,0,0,0.023,low
Koramangala,6,0,0,0,0.0,low
Electronic City,6,0,0,0,0.44,medium
Indiranagar,6,0,0,0,0.058,low
MG Road,6,1,0,0,0.199,low
Whitefield,6,1,0,0,0.064,low
Koramangala,6,1,0,0,0.0,low
Electronic City,6,1,0,0,0.158,low
Indiranagar,6,1,0,0,0.085,low
MG Road,6,2,0,0,0.15,low
Whitefield,6,2,0,0,0.0,low
Koramangala,6,2,0,0,0.0,low
Electronic City,6,2,0,0,0.06,low
Indiranagar,6,2,0,0,0.122,low
MG Road,6,3,0,0,0.089,low
Whitefield,6,3,0,0,0.0,low
Koramangala,6,3,0,0,0.0,low
Electronic City,6,3,0,0,0.223,low
Indiranagar,6,3,0,0,0.156,low
MG Road,6,4,0,0,0.255,low
Whitefield,6,4,0,0,0.03,low
Koramangala,6,4,0,0,0.0,low
Electronic City,6,4,0,0,0.13,low
Indiranagar,6,4,0,0,0.061,low
MG Road,6,5,0,0,0.454,medium
Whitefield,6,5,0,0,0.357,medium
Koramangala,6,5,0,0,0.14,low
Electronic City,6,5,0,0,0.436,medium
Indiranagar,6,5,0,0,0.363,medium
MG Road,6,6,0,0,0.563,medium
Whitefield,6,6,0,0,0.444,medium
Koramangala,6,6,0,0,0.022,low
Electronic City,6,6,0,0,0.494,medium
Indiranagar,6,6,0,0,0.289,low
MG Road,6,7,0,0,0.62,medium
Whitefield,6,7,0,0,0.41,medium
Koramangala,6,7,0,0,0.191,low
Electronic City,6,7,0,0,0.444,medium
Indiranagar,6,7,0,0,0.421,medium
MG Road,6,8,0,1,0.428,medium
Whitefield,6,8,0,1,0.211,low
Koramangala,6,8,0,1,0.048,low
Electronic City,6,8,0,1,0.497,medium
Indiranagar,6,8,0,1,0.404,medium
MG Road,6,9,0,1,0.312,low
Whitefield,6,9,0,1,0.456,medium
Koramangala,6,9,0,1,0.16,low
Electronic City,6,9,0,1,0.375,medium
Indiranagar,6,9,0,1,0.358,medium
MG Road,6,10,0,1,0.637,medium
Whitefield,6,10,0,1,0.398,medium
Koramangala,6,10,0,1,0.238,low
Electronic City,6,10,0,1,0.391,medium
Indiranagar,6,10,0,1,0.317,low
MG Road,6,11,0,0,0.476,medium
Whitefield,6,11,0,0,0.487,medium
Koramangala,6,11,0,0,0.201,low
Electronic City,6,11,0,0,0.728,high
Indiranagar,6,11,0,0,0.313,low
MG Road,6,12,0,0,0.492,medium
Whitefield,6,12,0,0,0.339,low
Koramangala,6,12,0,0,0.26,low
Electronic City,6,12,0,0,0.471,medium
Indiranagar,6,12,0,0,0.36,medium
MG Road,6,13,0,0,0.558,medium
Whitefield,6,13,0,0,0.353,medium
Koramangala,6,13,0,0,0.098,low
Electronic City,6,13,0,0,0.489,medium
Indiranagar,6,13,0,0,0.336,low
MG Road,6,14,0,0,0.549,medium
Whitefield,6,14,0,0,0.425,medium
Koramangala,6,14,0,0,0.291,low
Electronic City,6,14,0,0,0.433,medium
Indiranagar,6,14,0,0,0.319,low
MG Road,6,15,0,0,0.484,medium
Whitefield,6,15,0,0,0.365,medium
Koramangala,6,15,0,0,0.107,low
Electronic City,6,15,0,0,0.519,medium
Indiranagar,6,15,0,0,0.438,medium
MG Road,6,16,0,0,0.348,low
Whitefield,6,16,0,0,0.389,medium
Koramangala,6,16,0,0,0.113,low
Electronic City,6,16,0,0,0.537,medium
Indiranagar,6,16,0,0,0.278,low
MG Road,6,17,0,1,0.646,medium
Whitefield,6,17,0,1,0.423,medium
Koramangala,6,17,0,1,0.195,low
Electronic City,6,17,0,1,0.563,medium
Indiranagar,6,17,0,1,0.29,low
MG Road,6,18,0,1,0.5,medium
Whitefield,6,18,0,1,0.41,medium
Koramangala,6,18,0,1,0.089,low
Electronic City,6,18,0,1,0.616,medium
Indiranagar,6,18,0,1,0.324,low
MG Road,6,19,0,1,0.59,medium
Whitefield,6,19,0,1,0.518,medium
Koramangala,6,19,0,1,0.094,low
Electronic City,6,19,0,1,0.506,medium
Indiranagar,6,19,0,1,0.434,medium
MG Road,6,20,0,1,0.626,medium
Whitefield,6,20,0,1,0.324,low
Koramangala,6,20,0,1,0.109,low
Electronic City,6,20,0,1,0.481,medium
Indiranagar,6,20,0,1,0.466,medium
MG Road,6,21,0,0,0.528,medium
Whitefield,6,21,0,0,0.356,medium
Koramangala,6,21,0,0,0.116,low
Electronic City,6,21,0,0,0.556,medium
Indiranagar,6,21,0,0,0.362,medium
MG Road,6,22,0,0,0.47,medium
Whitefield,6,22,0,0,0.272,low
Koramangala,6,22,0,0,0.0,low
Electronic City,6,22,0,0,0.433,medium
Indiranagar,6,22,0,0,0.414,medium
MG Road,6,23,0,0,0.656,high
Whitefield,6,23,0,0,0.405,medium
Koramangala,6,23,0,0,0.194,low
Electronic City,6,23,0,0,0.49,medium
Indiranagar,6,23,0,0,0.412,medium
MG Road,0,0,1,0,0.523,medium
Whitefield,0,0,1,0,0.444,medium
Koramangala,0,0,1,0,0.092,low
Electronic City,0,0,1,0,0.557,medium
Indiranagar,0,0,1,0,0.37,medium
MG Road,0,1,1,0,0.559,medium
Whitefield,0,1,1,0,0.139,low
Koramangala,0,1,1,0,0.174,low
Electronic City,0,1,1,0,0.44,medium
Indiranagar,0,1,1,0,0.264,low
MG Road,0,2,1,0,0.381,medium
Whitefield,0,2,1,0,0.3,low
Koramangala,0,2,1,0,0.103,low
Electronic City,0,2,1,0,0.346,low
Indiranagar,0,2,1,0,0.182,low
MG Road,0,3,1,0,0.539,medium
Whitefield,0,3,1,0,0.37,medium
Koramangala,0,3,1,0,0.115,low
Electronic City,0,3,1,0,0.542,medium
Indiranagar,0,3,1,0,0.293,low
MG Road,0,4,1,0,0.496,medium
Whitefield,0,4,1,0,0.227,low
Koramangala,0,4,1,0,0.0,low
Electronic City,0,4,1,0,0.598,medium
Indiranagar,0,4,1,0,0.391,medium
MG Road,0,5,1,0,0.689,high
Whitefield,0,5,1,0,0.612,medium
Koramangala,0,5,1,0,0.392,medium
Electronic City,0,5,1,0,0.728,high
Indiranagar,0,5,1,0,0.567,medium
MG Road,0,6,1,0,0.831,high
Whitefield,0,6,1,0,0.665,high
Koramangala,0,6,1,0,0.432,medium
Electronic City,0,6,1,0,0.74,high
Indiranagar,0,6,1,0,0.587,medium
MG Road,0,7,1,0,0.875,high
Whitefield,0,7,1,0,0.637,medium
Koramangala,0,7,1,0,0.406,medium
Electronic City,0,7,1,0,0.747,high
Indiranagar,0,7,1,0,0.628,medium
MG Road,0,8,1,1,1.0,high
Whitefield,0,8,1,1,0.916,high
Koramangala,0,8,1,1,0.564,medium
Electronic City,0,8,1,1,0.967,high
Indiranagar,0,8,1,1,0.899,high
MG Road,0,9,1,1,0.959,high
Whitefield,0,9,1,1,0.724,high
Koramangala,0,9,1,1,0.655,high
Electronic City,0,9,1,1,0.864,high
Indiranagar,0,9,1,1,0.746,high
MG Road,0,10,1,1,1.0,high
Whitefield,0,10,1,1,0.834,high
Koramangala,0,10,1,1,0.753,high
Electronic City,0,10,1,1,0.904,high
Indiranagar,0,10,1,1,0.842,high
MG Road,0,11,1,0,0.832,high
Whitefield,0,11,1,0,0.506,medium
Koramangala,0,11,1,0,0.483,medium
Electronic City,0,11,1,0,0.791,high
Indiranagar,0,11,1,0,0.471,medium
MG Road,0,12,1,0,0.797,high
Whitefield,0,12,1,0,0.631,medium
Koramangala,0,12,1,0,0.353,medium
Electronic City,0,12,1,0,0.632,medium
Indiranagar,0,12,1,0,0.622,medium
MG Road,0,13,1,0,0.977,high
Whitefield,0,13,1,0,0.569,medium
Koramangala,0,13,1,0,0.526,medium
Electronic City,0,13,1,0,0.69,high
Indiranagar,0,13,1,0,0.617,medium
MG Road,0,14,1,0,0.862,high
Whitefield,0,14,1,0,0.599,medium
Koramangala,0,14,1,0,0.376,medium
Electronic City,0,14,1,0,0.808,high
Indiranagar,0,14,1,0,0.751,high
MG Road,0,15,1,0,0.824,high
Whitefield,0,15,1,0,0.559,medium
Koramangala,0,15,1,0,0.385,medium
Electronic City,0,15,1,0,0.952,high
Indiranagar,0,15,1,0,0.611,medium
MG Road,0,16,1,0,0.752,high
Whitefield,0,16,1,0,0.508,medium
Koramangala,0,16,1,0,0.254,low
Electronic City,0,16,1,0,0.779,high
Indiranagar,0,16,1,0,0.652,high
MG Road,0,17,1,1,1.0,high
Whitefield,0,17,1,1,0.849,high
Koramangala,0,17,1,1,0.556,medium
Electronic City,0,17,1,1,1.0,high
Indiranagar,0,17,1,1,0.889,high
MG Road,0,18,1,1,1.0,high
Whitefield,0,18,1,1,0.985,high
Koramangala,0,18,1,1,0.583,medium
Electronic City,0,18,1,1,1.0,high
Indiranagar,0,18,1,1,0.918,high
MG Road,0,19,1,1,1.0,high
Whitefield,0,19,1,1,0.835,high
Koramangala,0,19,1,1,0.536,medium
Electronic City,0,19,1,1,1.0,high
Indiranagar,0,19,1,1,0.836,high
MG Road,0,20,1,1,1.0,high
Whitefield,0,20,1,1,0.904,high
Koramangala,0,20,1,1,0.6,medium
Electronic City,0,20,1,1,0.984,high
Indiranagar,0,20,1,1,0.957,high
MG Road,0,21,1,0,0.711,high
Whitefield,0,21,1,0,0.77,high
Koramangala,0,21,1,0,0.34,low
Electronic City,0,21,1,0,0.656,high
Indiranagar,0,21,1,0,0.611,medium
MG Road,0,22,1,0,0.977,high
Whitefield,0,22,1,0,0.447,medium
Koramangala,0,22,1,0,0.389,medium
Electronic City,0,22,1,0,0.788,high
Indiranagar,0,22,1,0,0.603,medium
MG Road,0,23,1,0,0.831,high
Whitefield,0,23,1,0,0.543,medium
Koramangala,0,23,1,0,0.352,medium
Electronic City,0,23,1,0,0.738,high
Indiranagar,0,23,1,0,0.51,medium
MG Road,1,0,1,0,0.496,medium
Whitefield,1,0,1,0,0.269,low
Koramangala,1,0,1,0,0.062,low
Electronic City,1,0,1,0,0.476,medium
Indiranagar,1,0,1,0,0.154,low
MG Road,1,1,1,0,0.482,medium
Whitefield,1,1,1,0,0.485,medium
Koramangala,1,1,1,0,0.013,low
Electronic City,1,1,1,0,0.553,medium
Indiranagar,1,1,1,0,0.304,low
MG Road,1,2,1,0,0.452,medium
Whitefield,1,2,1,0,0.194,low
Koramangala,1,2,1,0,0.111,low
Electronic City,1,2,1,0,0.566,medium
Indiranagar,1,2,1,0,0.269,low
MG Road,1,3,1,0,0.494,medium
Whitefield,1,3,1,0,0.381,medium
Koramangala,1,3,1,0,0.127,low
Electronic City,1,3,1,0,0.324,low
Indiranagar,1,3,1,0,0.308,low
MG Road,1,4,1,0,0.621,medium
Whitefield,1,4,1,0,0.297,low
Koramangala,1,4,1,0,0.0,low
Electronic City,1,4,1,0,0.481,medium
Indiranagar,1,4,1,0,0.284,low
MG Road,1,5,1,0,0.654,high
Whitefield,1,5,1,0,0.466,medium
Koramangala,1,5,1,0,0.478,medium
Electronic City,1,5,1,0,0.691,high
Indiranagar,1,5,1,0,0.527,medium
MG Road,1,6,1,0,0.797,high
Whitefield,1,6,1,0,0.548,medium
Koramangala,1,6,1,0,0.408,medium
Electronic City,1,6,1,0,0.734,high
Indiranagar,1,6,1,0,0.504,medium
MG Road,1,7,1,0,0.759,high
Whitefield,1,7,1,0,0.635,medium
Koramangala,1,7,1,0,0.403,medium
Electronic City,1,7,1,0,0.743,high
Indiranagar,1,7,1,0,0.755,high
MG Road,1,8,1,1,1.0,high
Whitefield,1,8,1,1,0.918,high
Koramangala,1,8,1,1,0.637,medium
Electronic City,1,8,1,1,1.0,high
Indiranagar,1,8,1,1,0.816,high
MG Road,1,9,1,1,1.0,high
Whitefield,1,9,1,1,0.841,high
Koramangala,1,9,1,1,0.668,high
Electronic City,1,9,1,1,1.0,high
Indiranagar,1,9,1,1,0.849,high
MG Road,1,10,1,1,1.0,high
Whitefield,1,10,1,1,0.797,high
Koramangala,1,10,1,1,0.596,medium
Electronic City,1,10,1,1,1.0,high
Indiranagar,1,10,1,1,0.802,high
MG Road,1,11,1,0,0.777,high
Whitefield,1,11,1,0,0.513,medium
Koramangala,1,11,1,0,0.439,medium
Electronic City,1,11,1,0,0.79,high
Indiranagar,1,11,1,0,0.575,medium
MG Road,1,12,1,0,0.857,high
Whitefield,1,12,1,0,0.451,medium
Koramangala,1,12,1,0,0.343,low
Electronic City,1,12,1,0,0.736,high
Indiranagar,1,12,1,0,0.506,medium
MG Road,1,13,1,0,0.66,high
Whitefield,1,13,1,0,0.575,medium
Koramangala,1,13,1,0,0.456,medium
Electronic City,1,13,1,0,0.853,high
Indiranagar,1,13,1,0,0.556,medium
MG Road,1,14,1,0,0.859,high
Whitefield,1,14,1,0,0.651,high
Koramangala,1,14,1,0,0.497,medium
Electronic City,1,14,1,0,0.722,high
Indiranagar,1,14,1,0,0.456,medium
MG Road,1,15,1,0,0.806,high
Whitefield,1,15,1,0,0.519,medium
Koramangala,1,15,1,0,0.342,low
Electronic City,1,15,1,0,0.726,high
Indiranagar,1,15,1,0,0.573,medium
MG Road,1,16,1,0,0.811,high
Whitefield,1,16,1,0,0.656,high
Koramangala,1,16,1,0,0.371,medium
Electronic City,1,16,1,0,0.782,high
Indiranagar,1,16,1,0,0.601,medium
MG Road,1,17,1,1,1.0,high
Whitefield,1,17,1,1,0.835,high
Koramangala,1,17,1,1,0.644,medium
Electronic City,1,17,1,1,0.97,high
Indiranagar,1,17,1,1,0.837,high
MG Road,1,18,1,1,0.987,high
Whitefield,1,18,1,1,0.779,high
Koramangala,1,18,1,1,0.712,high
Electronic City,1,18,1,1,0.913,high
Indiranagar,1,18,1,1,0.824,high
MG Road,1,19,1,1,1.0,high
Whitefield,1,19,1,1,0.822,high
Koramangala,1,19,1,1,0.716,high
Electronic City,1,19,1,1,0.953,high
Indiranagar,1,19,1,1,0.766,high
MG Road,1,20,1,1,0.922,high
Whitefield,1,20,1,1,0.955,high
Koramangala,1,20,1,1,0.559,medium
Electronic City,1,20,1,1,1.0,high
Indiranagar,1,20,1,1,0.77,high
MG Road,1,21,1,0,0.905,high
Whitefield,1,21,1,0,0.777,high
Koramangala,1,21,1,0,0.265,low
Electronic City,1,21,1,0,0.663,high
Indiranagar,1,21,1,0,0.662,high
MG Road,1,22,1,0,0.841,high
Whitefield,1,22,1,0,0.662,high
Koramangala,1,22,1,0,0.354,medium
Electronic City,1,22,1,0,0.909,high
Indiranagar,1,22,1,0,0.609,medium
MG Road,1,23,1,0,0.703,high
Whitefield,1,23,1,0,0.58,medium
Koramangala,1,23,1,0,0.304,low
Electronic City,1,23,1,0,0.877,high
Indiranagar,1,23,1,0,0.547,medium
MG Road,2,0,1,0,0.539,medium
Whitefield,2,0,1,0,0.262,low
Koramangala,2,0,1,0,0.051,low
Electronic City,2,0,1,0,0.297,low
Indiranagar,2,0,1,0,0.348,low
MG Road,2,1,1,0,0.604,medium
Whitefield,2,1,1,0,0.227,low
Koramangala,2,1,1,0,0.0,low
Electronic City,2,1,1,0,0.514,medium
Indiranagar,2,1,1,0,0.168,low
MG Road,2,2,1,0,0.598,medium
Whitefield,2,2,1,0,0.228,low
Koramangala,2,2,1,0,0.012,low
Electronic City,2,2,1,0,0.47,medium
Indiranagar,2,2,1,0,0.217,low
MG Road,2,3,1,0,0.443,medium
Whitefield,2,3,1,0,0.328,low
Koramangala,2,3,1,0,0.0,low
Electronic City,2,3,1,0,0.581,medium
Indiranagar,2,3,1,0,0.303,low
MG Road,2,4,1,0,0.397,medium
Whitefield,2,4,1,0,0.219,low
Koramangala,2,4,1,0,0.179,low
Electronic City,2,4,1,0,0.498,medium
Indiranagar,2,4,1,0,0.411,medium
MG Road,2,5,1,0,0.745,high
Whitefield,2,5,1,0,0.624,medium
Koramangala,2,5,1,0,0.434,medium
Electronic City,2,5,1,0,0.806,high
Indiranagar,2,5,1,0,0.69,high
MG Road,2,6,1,0,0.743,high
Whitefield,2,6,1,0,0.591,medium
Koramangala,2,6,1,0,0.351,medium
Electronic City,2,6,1,0,0.746,high
Indiranagar,2,6,1,0,0.656,high
MG Road,2,7,1,0,0.668,high
Whitefield,2,7,1,0,0.689,high
Koramangala,2,7,1,0,0.309,low
Electronic City,2,7,1,0,0.725,high
Indiranagar,2,7,1,0,0.7,high
MG Road,2,8,1,1,1.0,high
Whitefield,2,8,1,1,0.877,high
Koramangala,2,8,1,1,0.556,medium
Electronic City,2,8,1,1,0.916,high
Indiranagar,2,8,1,1,0.925,high
MG Road,2,9,1,1,1.0,high
Whitefield,2,9,1,1,0.81,high
Koramangala,2,9,1,1,0.727,high
Electronic City,2,9,1,1,0.916,high
Indiranagar,2,9,1,1,0.872,high
MG Road,2,10,1,1,1.0,high
Whitefield,2,10,1,1,0.85,high
Koramangala,2,10,1,1,0.609,medium
Electronic City,2,10,1,1,0.954,high
Indiranagar,2,10,1,1,0.764,high
MG Road,2,11,1,0,0.839,high
Whitefield,2,11,1,0,0.547,medium
Koramangala,2,11,1,0,0.477,medium
Electronic City,2,11,1,0,0.732,high
Indiranagar,2,11,1,0,0.515,medium
MG Road,2,12,1,0,0.781,high
Whitefield,2,12,1,0,0.567,medium
Koramangala,2,12,1,0,0.481,medium
Electronic City,2,12,1,0,0.72,high
Indiranagar,2,12,1,0,0.578,medium
MG Road,2,13,1,0,0.913,high
Whitefield,2,13,1,0,0.641,medium
Koramangala,2,13,1,0,0.533,medium
Electronic City,2,13,1,0,0.851,high
Indiranagar,2,13,1,0,0.529,medium
MG Road,2,14,1,0,0.879,high
Whitefield,2,14,1,0,0.722,high
Koramangala,2,14,1,0,0.523,medium
Electronic City,2,14,1,0,0.829,high
Indiranagar,2,14,1,0,0.677,high
MG Road,2,15,1,0,0.776,high
Whitefield,2,15,1,0,0.533,medium
Koramangala,2,15,1,0,0.372,medium
Electronic City,2,15,1,0,0.617,medium
Indiranagar,2,15,1,0,0.707,high
MG Road,2,16,1,0,0.777,high
Whitefield,2,16,1,0,0.703,high
Koramangala,2,16,1,0,0.301,low
Electronic City,2,16,1,0,0.837,high
Indiranagar,2,16,1,0,0.56,medium
MG Road,2,17,1,1,0.947,high
Whitefield,2,17,1,1,0.98,high
Koramangala,2,17,1,1,0.739,high
Electronic City,2,17,1,1,1.0,high
Indiranagar,2,17,1,1,0.853,high
MG Road,2,18,1,1,1.0,high
Whitefield,2,18,1,1,0.866,high
Koramangala,2,18,1,1,0.587,medium
Electronic City,2,18,1,1,0.967,high
Indiranagar,2,18,1,1,1.0,high
MG Road,2,19,1,1,1.0,high
Whitefield,2,19,1,1,0.975,high
Koramangala,2,19,1,1,0.688,high
Electronic City,2,19,1,1,0.973,high
Indiranagar,2,19,1,1,0.786,high
MG Road,2,20,1,1,0.991,high
Whitefield,2,20,1,1,0.806,high
Koramangala,2,20,1,1,0.822,high
Electronic City,2,20,1,1,1.0,high
Indiranagar,2,20,1,1,0.91,high
MG Road,2,21,1,0,0.723,high
Whitefield,2,21,1,0,0.671,high
Koramangala,2,21,1,0,0.381,medium
Electronic City,2,21,1,0,0.578,medium
Indiranagar,2,21,1,0,0.623,medium
MG Road,2,22,1,0,0.733,high
Whitefield,2,22,1,0,0.535,medium
Koramangala,2,22,1,0,0.38,medium
Electronic City,2,22,1,0,0.71,high
Indiranagar,2,22,1,0,0.597,medium
MG Road,2,23,1,0,0.793,high
Whitefield,2,23,1,0,0.45,medium
Koramangala,2,23,1,0,0.522,medium
Electronic City,2,23,1,0,0.671,high
Indiranagar,2,23,1,0,0.524,medium
MG Road,3,0,1,0,0.474,medium
Whitefield,3,0,1,0,0.291,low
Koramangala,3,0,1,0,0.217,low
Electronic City,3,0,1,0,0.472,medium
Indiranagar,3,0,1,0,0.345,low
MG Road,3,1,1,0,0.522,medium
Whitefield,3,1,1,0,0.319,low
Koramangala,3,1,1,0,0.125,low
Electronic City,3,1,1,0,0.295,low
Indiranagar,3,1,1,0,0.28,low
MG Road,3,2,1,0,0.593,medium
Whitefield,3,2,1,0,0.615,medium
Koramangala,3,2,1,0,0.004,low
Electronic City,3,2,1,0,0.484,medium
Indiranagar,3,2,1,0,0.254,low
MG Road,3,3,1,0,0.664,high
Whitefield,3,3,1,0,0.192,low
Koramangala,3,3,1,0,0.15,low
Electronic City,3,3,1,0,0.337,low
Indiranagar,3,3,1,0,0.275,low
MG Road,3,4,1,0,0.497,medium
Whitefield,3,4,1,0,0.386,medium
Koramangala,3,4,1,0,0.014,low
Electronic City,3,4,1,0,0.503,medium
Indiranagar,3,4,1,0,0.302,low
MG Road,3,5,1,0,0.822,high
Whitefield,3,5,1,0,0.677,high
Koramangala,3,5,1,0,0.297,low
Electronic City,3,5,1,0,0.815,high
Indiranagar,3,5,1,0,0.554,medium
MG Road,3,6,1,0,0.888,high
Whitefield,3,6,1,0,0.627,medium
Koramangala,3,6,1,0,0.383,medium
Electronic City,3,6,1,0,0.703,high
Indiranagar,3,6,1,0,0.666,high
MG Road,3,7,1,0,0.901,high
Whitefield,3,7,1,0,0.557,medium
Koramangala,3,7,1,0,0.309,low
Electronic City,3,7,1,0,0.806,high
Indiranagar,3,7,1,0,0.484,medium
MG Road,3,8,1,1,0.946,high
Whitefield,3,8,1,1,0.765,high
Koramangala,3,8,1,1,0.617,medium
Electronic City,3,8,1,1,0.893,high
Indiranagar,3,8,1,1,0.695,high
MG Road,3,9,1,1,0.959,high
Whitefield,3,9,1,1,0.901,high
Koramangala,3,9,1,1,0.548,medium
Electronic City,3,9,1,1,0.973,high
Indiranagar,3,9,1,1,1.0,high
MG Road,3,10,1,1,1.0,high
Whitefield,3,10,1,1,0.877,high
Koramangala,3,10,1,1,0.574,medium
Electronic City,3,10,1,1,1.0,high
Indiranagar,3,10,1,1,0.807,high
MG Road,3,11,1,0,0.782,high
Whitefield,3,11,1,0,0.705,high
Koramangala,3,11,1,0,0.385,medium
Electronic City,3,11,1,0,0.754,high
Indiranagar,3,11,1,0,0.577,medium
MG Road,3,12,1,0,0.778,high
Whitefield,3,12,1,0,0.63,medium
Koramangala,3,12,1,0,0.444,medium
Electronic City,3,12,1,0,0.699,high
Indiranagar,3,12,1,0,0.539,medium
MG Road,3,13,1,0,0.751,high
Whitefield,3,13,1,0,0.488,medium
Koramangala,3,13,1,0,0.273,low
Electronic City,3,13,1,0,0.774,high
Indiranagar,3,13,1,0,0.675,high
MG Road,3,14,1,0,0.87,high
Whitefield,3,14,1,0,0.409,medium
Koramangala,3,14,1,0,0.38,medium
Electronic City,3,14,1,0,0.662,high
Indiranagar,3,14,1,0,0.611,medium
MG Road,3,15,1,0,0.767,high
Whitefield,3,15,1,0,0.647,medium
Koramangala,3,15,1,0,0.398,medium
Electronic City,3,15,1,0,0.598,medium
Indiranagar,3,15,1,0,0.523,medium
MG Road,3,16,1,0,0.8,high
Whitefield,3,16,1,0,0.607,medium
Koramangala,3,16,1,0,0.288,low
Electronic City,3,16,1,0,0.627,medium
Indiranagar,3,16,1,0,0.604,medium
MG Road,3,17,1,1,0.938,high
Whitefield,3,17,1,1,0.717,high
Koramangala,3,17,1,1,0.614,medium
Electronic City,3,17,1,1,0.961,high
Indiranagar,3,17,1,1,0.78,high
MG Road,3,18,1,1,0.994,high
Whitefield,3,18,1,1,0.851,high
Koramangala,3,18,1,1,0.592,medium
Electronic City,3,18,1,1,1.0,high
Indiranagar,3,18,1,1,0.82,high
MG Road,3,19,1,1,1.0,high
Whitefield,3,19,1,1,0.92,high
Koramangala,3,19,1,1,0.717,high
Electronic City,3,19,1,1,1.0,high
Indiranagar,3,19,1,1,0.917,high
MG Road,3,20,1,1,1.0,high
Whitefield,3,20,1,1,0.815,high
Koramangala,3,20,1,1,0.619,medium
Electronic City,3,20,1,1,0.93,high
Indiranagar,3,20,1,1,0.85,high
MG Road,3,21,1,0,0.856,high
Whitefield,3,21,1,0,0.542,medium
Koramangala,3,21,1,0,0.397,medium
Electronic City,3,21,1,0,0.696,high
Indiranagar,3,21,1,0,0.617,medium
MG Road,3,22,1,0,0.756,high
Whitefield,3,22,1,0,0.541,medium
Koramangala,3,22,1,0,0.346,low
Electronic City,3,22,1,0,0.79,high
Indiranagar,3,22,1,0,0.592,medium
MG Road,3,23,1,0,0.766,high
Whitefield,3,23,1,0,0.621,medium
Koramangala,3,23,1,0,0.367,medium
Electronic City,3,23,1,0,0.84,high
Indiranagar,3,23,1,0,0.522,medium
MG Road,4,0,1,0,0.485,medium
Whitefield,4,0,1,0,0.188,low
Koramangala,4,0,1,0,0.072,low
Electronic City,4,0,1,0,0.316,low
Indiranagar,4,0,1,0,0.36,medium
MG Road,4,1,1,0,0.561,medium
Whitefield,4,1,1,0,0.363,medium
Koramangala,4,1,1,0,0.102,low
Electronic City,4,1,1,0,0.38,medium
Indiranagar,4,1,1,0,0.236,low
MG Road,4,2,1,0,0.622,medium
Whitefield,4,2,1,0,0.415,medium
Koramangala,4,2,1,0,0.11,low
Electronic City,4,2,1,0,0.409,medium
Indiranagar,4,2,1,0,0.409,medium
MG Road,4,3,1,0,0.444,medium
Whitefield,4,3,1,0,0.318,low
Koramangala,4,3,1,0,0.208,low
Electronic City,4,3,1,0,0.383,medium
Indiranagar,4,3,1,0,0.366,medium
MG Road,4,4,1,0,0.542,medium
Whitefield,4,4,1,0,0.297,low
Koramangala,4,4,1,0,0.021,low
Electronic City,4,4,1,0,0.392,medium
Indiranagar,4,4,1,0,0.323,low
MG Road,4,5,1,0,0.686,high
Whitefield,4,5,1,0,0.61,medium
Koramangala,4,5,1,0,0.443,medium
Electronic City,4,5,1,0,0.829,high
Indiranagar,4,5,1,0,0.488,medium
MG Road,4,6,1,0,0.905,high
Whitefield,4,6,1,0,0.736,high
Koramangala,4,6,1,0,0.433,medium
Electronic City,4,6,1,0,0.667,high
Indiranagar,4,6,1,0,0.574,medium
MG Road,4,7,1,0,0.796,high
Whitefield,4,7,1,0,0.622,medium
Koramangala,4,7,1,0,0.402,medium
Electronic City,4,7,1,0,0.772,high
Indiranagar,4,7,1,0,0.593,medium
MG Road,4,8,1,1,1.0,high
Whitefield,4,8,1,1,0.813,high
Koramangala,4,8,1,1,0.623,medium
Electronic City,4,8,1,1,0.954,high
Indiranagar,4,8,1,1,1.0,high
MG Road,4,9,1,1,1.0,high
Whitefield,4,9,1,1,0.894,high
Koramangala,4,9,1,1,0.756,high
Electronic City,4,9,1,1,1.0,high
Indiranagar,4,9,1,1,0.865,high
MG Road,4,10,1,1,0.93,high
Whitefield,4,10,1,1,0.829,high
Koramangala,4,10,1,1,0.623,medium
Electronic City,4,10,1,1,0.909,high
Indiranagar,4,10,1,1,0.731,high
MG Road,4,11,1,0,0.839,high
Whitefield,4,11,1,0,0.626,medium
Koramangala,4,11,1,0,0.307,low
Electronic City,4,11,1,0,0.69,high
Indiranagar,4,11,1,0,0.693,high
MG Road,4,12,1,0,0.73,high
Whitefield,4,12,1,0,0.614,medium
Koramangala,4,12,1,0,0.385,medium
Electronic City,4,12,1,0,0.791,high
Indiranagar,4,12,1,0,0.532,medium
MG Road,4,13,1,0,0.807,high
Whitefield,4,13,1,0,0.613,medium
Koramangala,4,13,1,0,0.418,medium
Electronic City,4,13,1,0,0.756,high
Indiranagar,4,13,1,0,0.628,medium
MG Road,4,14,1,0,0.975,high
Whitefield,4,14,1,0,0.805,high
Koramangala,4,14,1,0,0.349,low
Electronic City,4,14,1,0,0.565,medium
Indiranagar,4,14,1,0,0.648,medium
MG Road,4,15,1,0,0.815,high
Whitefield,4,15,1,0,0.685,high
Koramangala,4,15,1,0,0.423,medium
Electronic City,4,15,1,0,0.755,high
Indiranagar,4,15,1,0,0.69,high
MG Road,4,16,1,0,0.902,high
Whitefield,4,16,1,0,0.489,medium
Koramangala,4,16,1,0,0.335,low
Electronic City,4,16,1,0,0.742,high
Indiranagar,4,16,1,0,0.608,medium
MG Road,4,17,1,1,1.0,high
Whitefield,4,17,1,1,0.885,high
Koramangala,4,17,1,1,0.73,high
Electronic City,4,17,1,1,1.0,high
Indiranagar,4,17,1,1,0.896,high
MG Road,4,18,1,1,0.982,high
Whitefield,4,18,1,1,0.838,high
Koramangala,4,18,1,1,0.644,medium
Electronic City,4,18,1,1,1.0,high
Indiranagar,4,18,1,1,0.881,high
MG Road,4,19,1,1,1.0,high
Whitefield,4,19,1,1,0.813,high
Koramangala,4,19,1,1,0.681,high
Electronic City,4,19,1,1,1.0,high
Indiranagar,4,19,1,1,0.803,high
MG Road,4,20,1,1,1.0,high
Whitefield,4,20,1,1,0.774,high
Koramangala,4,20,1,1,0.657,high
Electronic City,4,20,1,1,0.938,high
Indiranagar,4,20,1,1,0.934,high
MG Road,4,21,1,0,0.812,high
Whitefield,4,21,1,0,0.525,medium
Koramangala,4,21,1,0,0.467,medium
Electronic City,4,21,1,0,0.764,high
Indiranagar,4,21,1,0,0.676,high
MG Road,4,22,1,0,0.708,high
Whitefield,4,22,1,0,0.63,medium
Koramangala,4,22,1,0,0.462,medium
Electronic City,4,22,1,0,0.716,high
Indiranagar,4,22,1,0,0.499,medium
MG Road,4,23,1,0,0.797,high
Whitefield,4,23,1,0,0.698,high
Koramangala,4,23,1,0,0.49,medium
Electronic City,4,23,1,0,0.716,high
Indiranagar,4,23,1,0,0.497,medium
MG Road,5,0,0,0,0.216,low
Whitefield,5,0,0,0,0.013,low
Koramangala,5,0,0,0,0.0,low
Electronic City,5,0,0,0,0.192,low
Indiranagar,5,0,0,0,0.0,low
MG Road,5,1,0,0,0.338,low
Whitefield,5,1,0,0,0.061,low
Koramangala,5,1,0,0,0.0,low
Electronic City,5,1,0,0,0.062,low
Indiranagar,5,1,0,0,0.0,low
MG Road,5,2,0,0,0.135,low
Whitefield,5,2,0,0,0.012,low
Koramangala,5,2,0,0,0.0,low
Electronic City,5,2,0,0,0.013,low
Indiranagar,5,2,0,0,0.177,low
MG Road,5,3,0,0,0.264,low
Whitefield,5,3,0,0,0.159,low
Koramangala,5,3,0,0,0.0,low
Electronic City,5,3,0,0,0.24,low
Indiranagar,5,3,0,0,0.057,low
MG Road,5,4,0,0,0.315,low
Whitefield,5,4,0,0,0.031,low
Koramangala,5,4,0,0,0.0,low
Electronic City,5,4,0,0,0.288,low
Indiranagar,5,4,0,0,0.0,low
MG Road,5,5,0,0,0.569,medium
Whitefield,5,5,0,0,0.199,low
Koramangala,5,5,0,0,0.206,low
Electronic City,5,5,0,0,0.656,high
Indiranagar,5,5,0,0,0.25,low
MG Road,5,6,0,0,0.543,medium
Whitefield,5,6,0,0,0.42,medium
Koramangala,5,6,0,0,0.153,low
Electronic City,5,6,0,0,0.513,medium
Indiranagar,5,6,0,0,0.319,low
MG Road,5,7,0,0,0.516,medium
Whitefield,5,7,0,0,0.343,low
Koramangala,5,7,0,0,0.153,low
Electronic City,5,7,0,0,0.405,medium
Indiranagar,5,7,0,0,0.345,low
MG Road,5,8,0,1,0.675,high
Whitefield,5,8,0,1,0.316,low
Koramangala,5,8,0,1,0.051,low
Electronic City,5,8,0,1,0.488,medium
Indiranagar,5,8,0,1,0.293,low
MG Road,5,9,0,1,0.443,medium
Whitefield,5,9,0,1,0.361,medium
Koramangala,5,9,0,1,0.093,low
Electronic City,5,9,0,1,0.45,medium
Indiranagar,5,9,0,1,0.362,medium
MG Road,5,10,0,1,0.427,medium
Whitefield,5,10,0,1,0.211,low
Koramangala,5,10,0,1,0.204,low
Electronic City,5,10,0,1,0.346,low
Indiranagar,5,10,0,1,0.272,low
MG Road,5,11,0,0,0.406,medium
Whitefield,5,11,0,0,0.311,low
Koramangala,5,11,0,0,0.184,low
Electronic City,5,11,0,0,0.509,medium
Indiranagar,5,11,0,0,0.541,medium
MG Road,5,12,0,0,0.637,medium
Whitefield,5,12,0,0,0.276,low
Koramangala,5,12,0,0,0.054,low
Electronic City,5,12,0,0,0.717,high
Indiranagar,5,12,0,0,0.435,medium
MG Road,5,13,0,0,0.597,medium
Whitefield,5,13,0,0,0.356,medium
Koramangala,5,13,0,0,0.172,low
Electronic City,5,13,0,0,0.381,medium
Indiranagar,5,13,0,0,0.363,medium
MG Road,5,14,0,0,0.556,medium
Whitefield,5,14,0,0,0.278,low
Koramangala,5,14,0,0,0.107,low
Electronic City,5,14,0,0,0.621,medium
Indiranagar,5,14,0,0,0.34,low
MG Road,5,15,0,0,0.716,high
Whitefield,5,15,0,0,0.211,low
Koramangala,5,15,0,0,0.108,low
Electronic City,5,15,0,0,0.376,medium
Indiranagar,5,15,0,0,0.253,low
MG Road,5,16,0,0,0.484,medium
Whitefield,5,16,0,0,0.375,medium
Koramangala,5,16,0,0,0.171,low
Electronic City,5,16,0,0,0.446,medium
Indiranagar,5,16,0,0,0.172,low
MG Road,5,17,0,1,0.668,high
Whitefield,5,17,0,1,0.327,low
Koramangala,5,17,0,1,0.061,low
Electronic City,5,17,0,1,0.522,medium
Indiranagar,5,17,0,1,0.366,medium
MG Road,5,18,0,1,0.524,medium
Whitefield,5,18,0,1,0.362,medium
Koramangala,5,18,0,1,0.058,low
Electronic City,5,18,0,1,0.561,medium
Indiranagar,5,18,0,1,0.27,low
MG Road,5,19,0,1,0.502,medium
Whitefield,5,19,0,1,0.402,medium
Koramangala,5,19,0,1,0.246,low
Electronic City,5,19,0,1,0.627,medium
Indiranagar,5,19,0,1,0.434,medium
MG Road,5,20,0,1,0.524,medium
Whitefield,5,20,0,1,0.227,low
Koramangala,5,20,0,1,0.262,low
Electronic City,5,20,0,1,0.61,medium
Indiranagar,5,20,0,1,0.296,low
MG Road,5,21,0,0,0.624,medium
Whitefield,5,21,0,0,0.323,low
Koramangala,5,21,0,0,0.27,low
Electronic City,5,21,0,0,0.459,medium
Indiranagar,5,21,0,0,0.508,medium
MG Road,5,22,0,0,0.613,medium
Whitefield,5,22,0,0,0.494,medium
Koramangala,5,22,0,0,0.113,low
Electronic City,5,22,0,0,0.532,medium
Indiranagar,5,22,0,0,0.272,low
MG Road,5,23,0,0,0.618,medium
Whitefield,5,23,0,0,0.422,medium
Koramangala,5,23,0,0,0.342,low
Electronic City,5,23,0,0,0.539,medium
Indiranagar,5,23,0,0,0.408,medium
MG Road,6,0,0,0,0.212,low
Whitefield,6,0,0,0,0.093,low
Koramangala,6,0,0,0,0.0,low
Electronic City,6,0,0,0,0.209,low
Indiranagar,6,0,0,0,0.064,low
MG Road,6,1,0,0,0.222,low
Whitefield,6,1,0,0,0.055,low
Koramangala,6,1,0,0,0.0,low
Electronic City,6,1,0,0,0.17,low
Indiranagar,6,1,0,0,0.136,low
MG Road,6,2,0,0,0.264,low
Whitefield,6,2,0,0,0.078,low
Koramangala,6,2,0,0,0.0,low
Electronic City,6,2,0,0,0.234,low
Indiranagar,6,2,0,0,0.092,low
MG Road,6,3,0,0,0.218,low
Whitefield,6,3,0,0,0.217,low
Koramangala,6,3,0,0,0.0,low
Electronic City,6,3,0,0,0.263,low
Indiranagar,6,3,0,0,0.107,low
MG Road,6,4,0,0,0.293,low
Whitefield,6,4,0,0,0.064,low
Koramangala,6,4,0,0,0.0,low
Electronic City,6,4,0,0,0.269,low
Indiranagar,6,4,0,0,0.0,low
MG Road,6,5,0,0,0.574,medium
Whitefield,6,5,0,0,0.335,low
Koramangala,6,5,0,0,0.062,low
Electronic City,6,5,0,0,0.557,medium
Indiranagar,6,5,0,0,0.305,low
MG Road,6,6,0,0,0.43,medium
Whitefield,6,6,0,0,0.307,low
Koramangala,6,6,0,0,0.086,low
Electronic City,6,6,0,0,0.582,medium
Indiranagar,6,6,0,0,0.362,medium
MG Road,6,7,0,0,0.661,high
Whitefield,6,7,0,0,0.297,low
Koramangala,6,7,0,0,0.22,low
Electronic City,6,7,0,0,0.727,high
Indiranagar,6,7,0,0,0.378,medium
MG Road,6,8,0,1,0.619,medium
Whitefield,6,8,0,1,0.405,medium
Koramangala,6,8,0,1,0.036,low
Electronic City,6,8,0,1,0.547,medium
Indiranagar,6,8,0,1,0.375,medium
MG Road,6,9,0,1,0.529,medium
Whitefield,6,9,0,1,0.279,low
Koramangala,6,9,0,1,0.206,low
Electronic City,6,9,0,1,0.422,medium
Indiranagar,6,9,0,1,0.521,medium
MG Road,6,10,0,1,0.559,medium
Whitefield,6,10,0,1,0.252,low
Koramangala,6,10,0,1,0.109,low
Electronic City,6,10,0,1,0.478,medium
Indiranagar,6,10,0,1,0.543,medium
MG Road,6,11,0,0,0.479,medium
Whitefield,6,11,0,0,0.341,low
Koramangala,6,11,0,0,0.107,low
Electronic City,6,11,0,0,0.54,medium
Indiranagar,6,11,0,0,0.308,low
MG Road,6,12,0,0,0.459,medium
Whitefield,6,12,0,0,0.334,low
Koramangala,6,12,0,0,0.126,low
Electronic City,6,12,0,0,0.453,medium
Indiranagar,6,12,0,0,0.307,low
MG Road,6,13,0,0,0.645,medium
Whitefield,6,13,0,0,0.324,low
Koramangala,6,13,0,0,0.059,low
Electronic City,6,13,0,0,0.463,medium
Indiranagar,6,13,0,0,0.354,medium
MG Road,6,14,0,0,0.443,medium
Whitefield,6,14,0,0,0.48,medium
Koramangala,6,14,0,0,0.219,low
Electronic City,6,14,0,0,0.614,medium
Indiranagar,6,14,0,0,0.381,medium
MG Road,6,15,0,0,0.383,medium
Whitefield,6,15,0,0,0.473,medium
Koramangala,6,15,0,0,0.081,low
Electronic City,6,15,0,0,0.437,medium
Indiranagar,6,15,0,0,0.363,medium
MG Road,6,16,0,0,0.66,high
Whitefield,6,16,0,0,0.434,medium
Koramangala,6,16,0,0,0.223,low
Electronic City,6,16,0,0,0.475,medium
Indiranagar,6,16,0,0,0.324,low
MG Road,6,17,0,1,0.578,medium
Whitefield,6,17,0,1,0.34,low
Koramangala,6,17,0,1,0.221,low
Electronic City,6,17,0,1,0.566,medium
Indiranagar,6,17,0,1,0.397,medium
MG Road,6,18,0,1,0.348,low
Whitefield,6,18,0,1,0.36,medium
Koramangala,6,18,0,1,0.141,low
Electronic City,6,18,0,1,0.513,medium
Indiranagar,6,18,0,1,0.29,low
MG Road,6,19,0,1,0.444,medium
Whitefield,6,19,0,1,0.387,medium
Koramangala,6,19,0,1,0.121,low
Electronic City,6,19,0,1,0.546,medium
Indiranagar,6,19,0,1,0.296,low
MG Road,6,20,0,1,0.663,high
Whitefield,6,20,0,1,0.43,medium
Koramangala,6,20,0,1,0.174,low
Electronic City,6,20,0,1,0.483,medium
Indiranagar,6,20,0,1,0.418,medium
MG Road,6,21,0,0,0.581,medium
Whitefield,6,21,0,0,0.369,medium
Koramangala,6,21,0,0,0.233,low
Electronic City,6,21,0,0,0.614,medium
Indiranagar,6,21,0,0,0.25,low
MG Road,6,22,0,0,0.466,medium
Whitefield,6,22,0,0,0.288,low
Koramangala,6,22,0,0,0.03,low
Electronic City,6,22,0,0,0.495,medium
Indiranagar,6,22,0,0,0.398,medium
MG Road,6,23,0,0,0.548,medium
Whitefield,6,23,0,0,0.307,low
Koramangala,6,23,0,0,0.24,low
Electronic City,6,23,0,0,0.511,medium
Indiranagar,6,23,0,0,0.377,medium
MG Road,0,0,1,0,0.592,medium
Whitefield,0,0,1,0,0.29,low
Koramangala,0,0,1,0,0.265,low
Electronic City,0,0,1,0,0.414,medium
Indiranagar,0,0,1,0,0.46,medium
MG Road,0,1,1,0,0.422,medium
Whitefield,0,1,1,0,0.341,low
Koramangala,0,1,1,0,0.049,low
Electronic City,0,1,1,0,0.54,medium
Indiranagar,0,1,1,0,0.262,low
MG Road,0,2,1,0,0.523,medium
Whitefield,0,2,1,0,0.248,low
Koramangala,0,2,1,0,0.175,low
Electronic City,0,2,1,0,0.398,medium
Indiranagar,0,2,1,0,0.435,medium
MG Road,0,3,1,0,0.42,medium
Whitefield,0,3,1,0,0.192,low
Koramangala,0,3,1,0,0.176,low
Electronic City,0,3,1,0,0.403,medium
Indiranagar,0,3,1,0,0.299,low
MG Road,0,4,1,0,0.474,medium
Whitefield,0,4,1,0,0.195,low
Koramangala,0,4,1,0,0.094,low
Electronic City,0,4,1,0,0.551,medium
Indiranagar,0,4,1,0,0.38,medium
MG Road,0,5,1,0,0.819,high
Whitefield,0,5,1,0,0.689,high
Koramangala,0,5,1,0,0.315,low
Electronic City,0,5,1,0,0.724,high
Indiranagar,0,5,1,0,0.632,medium
MG Road,0,6,1,0,0.79,high
Whitefield,0,6,1,0,0.58,medium
Koramangala,0,6,1,0,0.304,low
Electronic City,0,6,1,0,0.583,medium
Indiranagar,0,6,1,0,0.665,high
MG Road,0,7,1,0,0.819,high
Whitefield,0,7,1,0,0.672,high
Koramangala,0,7,1,0,0.365,medium
Electronic City,0,7,1,0,0.693,high
Indiranagar,0,7,1,0,0.601,medium
MG Road,0,8,1,1,1.0,high
Whitefield,0,8,1,1,0.831,high
Koramangala,0,8,1,1,0.714,high
Electronic City,0,8,1,1,0.919,high
Indiranagar,0,8,1,1,0.837,high
MG Road,0,9,1,1,1.0,high
Whitefield,0,9,1,1,0.948,high
Koramangala,0,9,1,1,0.667,high
Electronic City,0,9,1,1,1.0,high
Indiranagar,0,9,1,1,0.742,high
MG Road,0,10,1,1,1.0,high
Whitefield,0,10,1,1,0.864,high
Koramangala,0,10,1,1,0.7,high
Electronic City,0,10,1,1,0.935,high
Indiranagar,0,10,1,1,0.985,high
MG Road,0,11,1,0,0.801,high
Whitefield,0,11,1,0,0.513,medium
Koramangala,0,11,1,0,0.399,medium
Electronic City,0,11,1,0,0.725,high
Indiranagar,0,11,1,0,0.823,high
MG Road,0,12,1,0,0.884,high
Whitefield,0,12,1,0,0.604,medium
Koramangala,0,12,1,0,0.391,medium
Electronic City,0,12,1,0,0.826,high
Indiranagar,0,12,1,0,0.68,high
MG Road,0,13,1,0,0.567,medium
Whitefield,0,13,1,0,0.651,high
Koramangala,0,13,1,0,0.402,medium
Electronic City,0,13,1,0,0.645,medium
Indiranagar,0,13,1,0,0.67,high
MG Road,0,14,1,0,0.98,high
Whitefield,0,14,1,0,0.645,medium
Koramangala,0,14,1,0,0.488,medium
Electronic City,0,14,1,0,0.894,high
Indiranagar,0,14,1,0,0.534,medium
MG Road,0,15,1,0,0.651,high
Whitefield,0,15,1,0,0.653,high
Koramangala,0,15,1,0,0.38,medium
Electronic City,0,15,1,0,0.64,medium
Indiranagar,0,15,1,0,0.594,medium
MG Road,0,16,1,0,0.858,high
Whitefield,0,16,1,0,0.588,medium
Koramangala,0,16,1,0,0.337,low
Electronic City,0,16,1,0,0.732,high
Indiranagar,0,16,1,0,0.598,medium
MG Road,0,17,1,1,0.896,high
Whitefield,0,17,1,1,0.839,high
Koramangala,0,17,1,1,0.542,medium
Electronic City,0,17,1,1,1.0,high
Indiranagar,0,17,1,1,0.725,high
MG Road,0,18,1,1,1.0,high
Whitefield,0,18,1,1,0.817,high
Koramangala,0,18,1,1,0.607,medium
Electronic City,0,18,1,1,1.0,high
Indiranagar,0,18,1,1,0.781,high
MG Road,0,19,1,1,1.0,high
Whitefield,0,19,1,1,0.791,high
Koramangala,0,19,1,1,0.605,medium
Electronic City,0,19,1,1,1.0,high
Indiranagar,0,19,1,1,0.759,high
MG Road,0,20,1,1,0.949,high
Whitefield,0,20,1,1,0.87,high
Koramangala,0,20,1,1,0.648,medium
Electronic City,0,20,1,1,1.0,high
Indiranagar,0,20,1,1,0.876,high
MG Road,0,21,1,0,0.805,high
Whitefield,0,21,1,0,0.649,medium
Koramangala,0,21,1,0,0.408,medium
Electronic City,0,21,1,0,0.589,medium
Indiranagar,0,21,1,0,0.46,medium
MG Road,0,22,1,0,0.954,high
Whitefield,0,22,1,0,0.6,medium
Koramangala,0,22,1,0,0.476,medium
Electronic City,0,22,1,0,0.722,high
Indiranagar,0,22,1,0,0.595,medium
MG Road,0,23,1,0,0.764,high
Whitefield,0,23,1,0,0.797,high
Koramangala,0,23,1,0,0.42,medium
Electronic City,0,23,1,0,0.707,high
Indiranagar,0,23,1,0,0.468,medium
MG Road,1,0,1,0,0.658,high
Whitefield,1,0,1,0,0.287,low
Koramangala,1,0,1,0,0.16,low
Electronic City,1,0,1,0,0.518,medium
Indiranagar,1,0,1,0,0.263,low
MG Road,1,1,1,0,0.554,medium
Whitefield,1,1,1,0,0.252,low
Koramangala,1,1,1,0,0.021,low
Electronic City,1,1,1,0,0.543,medium
Indiranagar,1,1,1,0,0.287,low
MG Road,1,2,1,0,0.541,medium
Whitefield,1,2,1,0,0.333,low
Koramangala,1,2,1,0,0.151,low
Electronic City,1,2,1,0,0.325,low
Indiranagar,1,2,1,0,0.253,low
MG Road,1,3,1,0,0.474,medium
Whitefield,1,3,1,0,0.233,low
Koramangala,1,3,1,0,0.134,low
Electronic City,1,3,1,0,0.545,medium
Indiranagar,1,3,1,0,0.408,medium
MG Road,1,4,1,0,0.473,medium
Whitefield,1,4,1,0,0.323,low
Koramangala,1,4,1,0,0.136,low
Electronic City,1,4,1,0,0.5,medium
Indiranagar,1,4,1,0,0.23,low
MG Road,1,5,1,0,0.946,high
Whitefield,1,5,1,0,0.674,high
Koramangala,1,5,1,0,0.476,medium
Electronic City,1,5,1,0,0.846,high
Indiranagar,1,5,1,0,0.643,medium
MG Road,1,6,1,0,0.718,high
Whitefield,1,6,1,0,0.589,medium
Koramangala,1,6,1,0,0.268,low
Electronic City,1,6,1,0,0.783,high
Indiranagar,1,6,1,0,0.586,medium
MG Road,1,7,1,0,0.797,high
Whitefield,1,7,1,0,0.696,high
Koramangala,1,7,1,0,0.363,medium
Electronic City,1,7,1,0,0.73,high
Indiranagar,1,7,1,0,0.602,medium
MG Road,1,8,1,1,0.903,high
Whitefield,1,8,1,1,0.829,high
Koramangala,1,8,1,1,0.451,medium
Electronic City,1,8,1,1,0.953,high
Indiranagar,1,8,1,1,0.918,high
MG Road,1,9,1,1,1.0,high
Whitefield,1,9,1,1,0.802,high
Koramangala,1,9,1,1,0.653,high
Electronic City,1,9,1,1,0.914,high
Indiranagar,1,9,1,1,0.85,high
MG Road,1,10,1,1,1.0,high
Whitefield,1,10,1,1,0.998,high
Koramangala,1,10,1,1,0.654,high
Electronic City,1,10,1,1,1.0,high
Indiranagar,1,10,1,1,0.772,high
MG Road,1,11,1,0,0.736,high
Whitefield,1,11,1,0,0.629,medium
Koramangala,1,11,1,0,0.358,medium
Electronic City,1,11,1,0,0.822,high
Indiranagar,1,11,1,0,0.726,high
MG Road,1,12,1,0,0.827,high
Whitefield,1,12,1,0,0.608,medium
Koramangala,1,12,1,0,0.266,low
Electronic City,1,12,1,0,0.81,high
Indiranagar,1,12,1,0,0.509,medium
MG Road,1,13,1,0,0.767,high
Whitefield,1,13,1,0,0.677,high
Koramangala,1,13,1,0,0.482,medium
Electronic City,1,13,1,0,0.713,high
Indiranagar,1,13,1,0,0.567,medium
MG Road,1,14,1,0,0.744,high
Whitefield,1,14,1,0,0.504,medium
Koramangala,1,14,1,0,0.349,low
Electronic City,1,14,1,0,0.621,medium
Indiranagar,1,14,1,0,0.655,high
MG Road,1,15,1,0,0.832,high
Whitefield,1,15,1,0,0.645,medium
Koramangala,1,15,1,0,0.324,low
Electronic City,1,15,1,0,0.654,high
Indiranagar,1,15,1,0,0.604,medium
MG Road,1,16,1,0,0.805,high
Whitefield,1,16,1,0,0.588,medium
Koramangala,1,16,1,0,0.377,medium
Electronic City,1,16,1,0,0.887,high
Indiranagar,1,16,1,0,0.634,medium
MG Road,1,17,1,1,1.0,high
Whitefield,1,17,1,1,0.952,high
Koramangala,1,17,1,1,0.786,high
Electronic City,1,17,1,1,0.914,high
Indiranagar,1,17,1,1,0.897,high
MG Road,1,18,1,1,1.0,high
Whitefield,1,18,1,1,0.717,high
Koramangala,1,18,1,1,0.77,high
Electronic City,1,18,1,1,0.977,high
Indiranagar,1,18,1,1,0.766,high
MG Road,1,19,1,1,1.0,high
Whitefield,1,19,1,1,0.786,high
Koramangala,1,19,1,1,0.595,medium
Electronic City,1,19,1,1,0.982,high
Indiranagar,1,19,1,1,0.988,high
MG Road,1,20,1,1,0.997,high
Whitefield,1,20,1,1,0.983,high
Koramangala,1,20,1,1,0.718,high
Electronic City,1,20,1,1,1.0,high
Indiranagar,1,20,1,1,0.91,high
MG Road,1,21,1,0,0.801,high
Whitefield,1,21,1,0,0.703,high
Koramangala,1,21,1,0,0.445,medium
Electronic City,1,21,1,0,0.617,medium
Indiranagar,1,21,1,0,0.624,medium
MG Road,1,22,1,0,0.863,high
Whitefield,1,22,1,0,0.577,medium
Koramangala,1,22,1,0,0.41,medium
Electronic City,1,22,1,0,0.701,high
Indiranagar,1,22,1,0,0.49,medium
MG Road,1,23,1,0,0.676,high
Whitefield,1,23,1,0,0.477,medium
Koramangala,1,23,1,0,0.454,medium
Electronic City,1,23,1,0,0.551,medium
Indiranagar,1,23,1,0,0.547,medium
MG Road,2,0,1,0,0.439,medium
Whitefield,2,0,1,0,0.277,low
Koramangala,2,0,1,0,0.0,low
Electronic City,2,0,1,0,0.482,medium
Indiranagar,2,0,1,0,0.198,low
MG Road,2,1,1,0,0.591,medium
Whitefield,2,1,1,0,0.25,low
Koramangala,2,1,1,0,0.092,low
Electronic City,2,1,1,0,0.45,medium
Indiranagar,2,1,1,0,0.32,low
MG Road,2,2,1,0,0.503,medium
Whitefield,2,2,1,0,0.266,low
Koramangala,2,2,1,0,0.127,low
Electronic City,2,2,1,0,0.487,medium
Indiranagar,2,2,1,0,0.239,low
MG Road,2,3,1,0,0.534,medium
Whitefield,2,3,1,0,0.395,medium
Koramangala,2,3,1,0,0.156,low
Electronic City,2,3,1,0,0.525,medium
Indiranagar,2,3,1,0,0.314,low
MG Road,2,4,1,0,0.425,medium
Whitefield,2,4,1,0,0.235,low
Koramangala,2,4,1,0,0.126,low
Electronic City,2,4,1,0,0.525,medium
Indiranagar,2,4,1,0,0.523,medium
MG Road,2,5,1,0,0.879,high
Whitefield,2,5,1,0,0.506,medium
Koramangala,2,5,1,0,0.339,low
Electronic City,2,5,1,0,0.932,high
Indiranagar,2,5,1,0,0.583,medium
MG Road,2,6,1,0,0.804,high
Whitefield,2,6,1,0,0.523,medium
Koramangala,2,6,1,0,0.525,medium
Electronic City,2,6,1,0,0.79,high
Indiranagar,2,6,1,0,0.538,medium
MG Road,2,7,1,0,0.72,high
Whitefield,2,7,1,0,0.625,medium
Koramangala,2,7,1,0,0.404,medium
Electronic City,2,7,1,0,0.817,high
Indiranagar,2,7,1,0,0.644,medium
MG Road,2,8,1,1,1.0,high
Whitefield,2,8,1,1,0.806,high
Koramangala,2,8,1,1,0.637,medium
Electronic City,2,8,1,1,0.956,high
Indiranagar,2,8,1,1,0.84,high
MG Road,2,9,1,1,1.0,high
Whitefield,2,9,1,1,0.778,high
Koramangala,2,9,1,1,0.7,high
Electronic City,2,9,1,1,0.97,high
Indiranagar,2,9,1,1,0.783,high
MG Road,2,10,1,1,1.0,high
Whitefield,2,10,1,1,0.869,high
Koramangala,2,10,1,1,0.657,high
Electronic City,2,10,1,1,1.0,high
Indiranagar,2,10,1,1,0.922,high
MG Road,2,11,1,0,0.904,high
Whitefield,2,11,1,0,0.623,medium
Koramangala,2,11,1,0,0.314,low
Electronic City,2,11,1,0,0.728,high
Indiranagar,2,11,1,0,0.52,medium
MG Road,2,12,1,0,0.936,high
Whitefield,2,12,1,0,0.759,high
Koramangala,2,12,1,0,0.452,medium
Electronic City,2,12,1,0,0.819,high
Indiranagar,2,12,1,0,0.62,medium
MG Road,2,13,1,0,0.829,high
Whitefield,2,13,1,0,0.472,medium
Koramangala,2,13,1,0,0.394,medium
Electronic City,2,13,1,0,0.68,high
Indiranagar,2,13,1,0,0.623,medium
MG Road,2,14,1,0,0.795,high
Whitefield,2,14,1,0,0.756,high
Koramangala,2,14,1,0,0.473,medium
Electronic City,2,14,1,0,0.773,high
Indiranagar,2,14,1,0,0.579,medium
MG Road,2,15,1,0,0.934,high
Whitefield,2,15,1,0,0.598,medium
Koramangala,2,15,1,0,0.427,medium
Electronic City,2,15,1,0,0.753,high
Indiranagar,2,15,1,0,0.568,medium
MG Road,2,16,1,0,0.803,high
Whitefield,2,16,1,0,0.443,medium
Koramangala,2,16,1,0,0.276,low
Electronic City,2,16,1,0,0.778,high
Indiranagar,2,16,1,0,0.725,high
MG Road,2,17,1,1,1.0,high
Whitefield,2,17,1,1,0.792,high
Koramangala,2,17,1,1,0.535,medium
Electronic City,2,17,1,1,1.0,high
Indiranagar,2,17,1,1,0.805,high
MG Road,2,18,1,1,1.0,high
Whitefield,2,18,1,1,0.881,high
Koramangala,2,18,1,1,0.688,high
Electronic City,2,18,1,1,1.0,high
Indiranagar,2,18,1,1,0.881,high
MG Road,2,19,1,1,1.0,high
Whitefield,2,19,1,1,0.799,high
Koramangala,2,19,1,1,0.573,medium
Electronic City,2,19,1,1,0.809,high
Indiranagar,2,19,1,1,0.836,high
MG Road,2,20,1,1,1.0,high
Whitefield,2,20,1,1,0.908,high
Koramangala,2,20,1,1,0.668,high
Electronic City,2,20,1,1,0.941,high
Indiranagar,2,20,1,1,0.93,high
MG Road,2,21,1,0,0.79,high
Whitefield,2,21,1,0,0.726,high
Koramangala,2,21,1,0,0.322,low
Electronic City,2,21,1,0,0.69,high
Indiranagar,2,21,1,0,0.532,medium
MG Road,2,22,1,0,0.681,high
Whitefield,2,22,1,0,0.525,medium
Koramangala,2,22,1,0,0.408,medium
Electronic City,2,22,1,0,0.693,high
Indiranagar,2,22,1,0,0.291,low
MG Road,2,23,1,0,0.886,high
Whitefield,2,23,1,0,0.465,medium
Koramangala,2,23,1,0,0.447,medium
Electronic City,2,23,1,0,0.752,high
Indiranagar,2,23,1,0,0.769,high
MG Road,3,0,1,0,0.58,medium
Whitefield,3,0,1,0,0.26,low
Koramangala,3,0,1,0,0.044,low
Electronic City,3,0,1,0,0.57,medium
Indiranagar,3,0,1,0,0.182,low
MG Road,3,1,1,0,0.515,medium
Whitefield,3,1,1,0,0.29,low
Koramangala,3,1,1,0,0.073,low
Electronic City,3,1,1,0,0.478,medium
Indiranagar,3,1,1,0,0.315,low
MG Road,3,2,1,0,0.537,medium
Whitefield,3,2,1,0,0.311,low
Koramangala,3,2,1,0,0.133,low
Electronic City,3,2,1,0,0.457,medium
Indiranagar,3,2,1,0,0.247,low
MG Road,3,3,1,0,0.5,medium
Whitefield,3,3,1,0,0.243,low
Koramangala,3,3,1,0,0.038,low
Electronic City,3,3,1,0,0.423,medium
Indiranagar,3,3,1,0,0.29,low
MG Road,3,4,1,0,0.503,medium
Whitefield,3,4,1,0,0.373,medium
Koramangala,3,4,1,0,0.06,low
Electronic City,3,4,1,0,0.466,medium
Indiranagar,3,4,1,0,0.309,low
MG Road,3,5,1,0,0.751,high
Whitefield,3,5,1,0,0.606,medium
Koramangala,3,5,1,0,0.48,medium
Electronic City,3,5,1,0,0.765,high
Indiranagar,3,5,1,0,0.618,medium
MG Road,3,6,1,0,0.744,high
Whitefield,3,6,1,0,0.758,high
Koramangala,3,6,1,0,0.348,low
Electronic City,3,6,1,0,0.617,medium
Indiranagar,3,6,1,0,0.669,high
MG Road,3,7,1,0,0.791,high
Whitefield,3,7,1,0,0.576,medium
Koramangala,3,7,1,0,0.356,medium
Electronic City,3,7,1,0,0.9,high
Indiranagar,3,7,1,0,0.628,medium
MG Road,3,8,1,1,1.0,high
Whitefield,3,8,1,1,0.863,high
Koramangala,3,8,1,1,0.672,high
Electronic City,3,8,1,1,1.0,high
Indiranagar,3,8,1,1,0.83,high
MG Road,3,9,1,1,0.933,high
Whitefield,3,9,1,1,0.919,high
Koramangala,3,9,1,1,0.69,high
Electronic City,3,9,1,1,1.0,high
Indiranagar,3,9,1,1,0.888,high
MG Road,3,10,1,1,1.0,high
Whitefield,3,10,1,1,0.852,high
Koramangala,3,10,1,1,0.639,medium
Electronic City,3,10,1,1,0.953,high
Indiranagar,3,10,1,1,0.945,high
MG Road,3,11,1,0,0.687,high
Whitefield,3,11,1,0,0.789,high
Koramangala,3,11,1,0,0.47,medium
Electronic City,3,11,1,0,0.608,medium
Indiranagar,3,11,1,0,0.582,medium
MG Road,3,12,1,0,0.787,high
Whitefield,3,12,1,0,0.631,medium
Koramangala,3,12,1,0,0.321,low
Electronic City,3,12,1,0,0.753,high
Indiranagar,3,12,1,0,0.59,medium
MG Road,3,13,1,0,0.741,high
Whitefield,3,13,1,0,0.53,medium
Koramangala,3,13,1,0,0.474,medium
Electronic City,3,13,1,0,0.614,medium
Indiranagar,3,13,1,0,0.638,medium
MG Road,3,14,1,0,0.864,high
Whitefield,3,14,1,0,0.583,medium
Koramangala,3,14,1,0,0.404,medium
Electronic City,3,14,1,0,0.843,high
Indiranagar,3,14,1,0,0.544,medium
MG Road,3,15,1,0,0.752,high
Whitefield,3,15,1,0,0.56,medium
Koramangala,3,15,1,0,0.493,medium
Electronic City,3,15,1,0,0.853,high
Indiranagar,3,15,1,0,0.488,medium
MG Road,3,16,1,0,0.88,high
Whitefield,3,16,1,0,0.666,high
Koramangala,3,16,1,0,0.524,medium
Electronic City,3,16,1,0,0.781,high
Indiranagar,3,16,1,0,0.596,medium
MG Road,3,17,1,1,1.0,high
Whitefield,3,17,1,1,0.906,high
Koramangala,3,17,1,1,0.83,high
Electronic City,3,17,1,1,1.0,high
Indiranagar,3,17,1,1,0.862,high
MG Road,3,18,1,1,0.956,high
Whitefield,3,18,1,1,0.804,high
Koramangala,3,18,1,1,0.535,medium
Electronic City,3,18,1,1,0.983,high
Indiranagar,3,18,1,1,0.924,high
MG Road,3,19,1,1,1.0,high
Whitefield,3,19,1,1,0.932,high
Koramangala,3,19,1,1,0.677,high
Electronic City,3,19,1,1,0.968,high
Indiranagar,3,19,1,1,0.857,high
MG Road,3,20,1,1,1.0,high
Whitefield,3,20,1,1,0.861,high
Koramangala,3,20,1,1,0.662,high
Electronic City,3,20,1,1,0.938,high
Indiranagar,3,20,1,1,0.815,high
MG Road,3,21,1,0,0.981,high
Whitefield,3,21,1,0,0.698,high
Koramangala,3,21,1,0,0.282,low
Electronic City,3,21,1,0,0.561,medium
Indiranagar,3,21,1,0,0.606,medium
MG Road,3,22,1,0,0.871,high
Whitefield,3,22,1,0,0.558,medium
Koramangala,3,22,1,0,0.482,medium
Electronic City,3,22,1,0,0.755,high
Indiranagar,3,22,1,0,0.587,medium
MG Road,3,23,1,0,0.86,high
Whitefield,3,23,1,0,0.557,medium
Koramangala,3,23,1,0,0.377,medium
Electronic City,3,23,1,0,0.804,high
Indiranagar,3,23,1,0,0.597,medium
MG Road,4,0,1,0,0.653,high
Whitefield,4,0,1,0,0.356,medium
Koramangala,4,0,1,0,0.15,low
Electronic City,4,0,1,0,0.446,medium
Indiranagar,4,0,1,0,0.37,medium
MG Road,4,1,1,0,0.474,medium
Whitefield,4,1,1,0,0.323,low
Koramangala,4,1,1,0,0.027,low
Electronic City,4,1,1,0,0.533,medium
Indiranagar,4,1,1,0,0.323,low
MG Road,4,2,1,0,0.659,high
Whitefield,4,2,1,0,0.491,medium
Koramangala,4,2,1,0,0.161,low
Electronic City,4,2,1,0,0.455,medium
Indiranagar,4,2,1,0,0.224,low
MG Road,4,3,1,0,0.572,medium
Whitefield,4,3,1,0,0.317,low
Koramangala,4,3,1,0,0.143,low
Electronic City,4,3,1,0,0.588,medium
Indiranagar,4,3,1,0,0.234,low
MG Road,4,4,1,0,0.426,medium
Whitefield,4,4,1,0,0.281,low
Koramangala,4,4,1,0,0.166,low
Electronic City,4,4,1,0,0.494,medium
Indiranagar,4,4,1,0,0.228,low
MG Road,4,5,1,0,0.861,high
Whitefield,4,5,1,0,0.504,medium
Koramangala,4,5,1,0,0.333,low
Electronic City,4,5,1,0,0.741,high
Indiranagar,4,5,1,0,0.556,medium
MG Road,4,6,1,0,0.871,high
Whitefield,4,6,1,0,0.623,medium
Koramangala,4,6,1,0,0.541,medium
Electronic City,4,6,1,0,0.73,high
Indiranagar,4,6,1,0,0.59,medium
MG Road,4,7,1,0,0.897,high
Whitefield,4,7,1,0,0.593,medium
Koramangala,4,7,1,0,0.52,medium
Electronic City,4,7,1,0,0.793,high
Indiranagar,4,7,1,0,0.412,medium
MG Road,4,8,1,1,1.0,high
Whitefield,4,8,1,1,0.923,high
Koramangala,4,8,1,1,0.726,high
Electronic City,4,8,1,1,0.847,high
Indiranagar,4,8,1,1,0.797,high
MG Road,4,9,1,1,1.0,high
Whitefield,4,9,1,1,0.783,high
Koramangala,4,9,1,1,0.789,high
Electronic City,4,9,1,1,0.999,high
Indiranagar,4,9,1,1,0.847,high
MG Road,4,10,1,1,1.0,high
Whitefield,4,10,1,1,0.896,high
Koramangala,4,10,1,1,0.383,medium
Electronic City,4,10,1,1,0.948,high
Indiranagar,4,10,1,1,0.737,high
MG Road,4,11,1,0,0.832,high
Whitefield,4,11,1,0,0.577,medium
Koramangala,4,11,1,0,0.401,medium
Electronic City,4,11,1,0,0.584,medium
Indiranagar,4,11,1,0,0.575,medium
MG Road,4,12,1,0,0.889,high
Whitefield,4,12,1,0,0.713,high
Koramangala,4,12,1,0,0.458,medium
Electronic City,4,12,1,0,0.643,medium
Indiranagar,4,12,1,0,0.701,high
MG Road,4,13,1,0,0.858,high
Whitefield,4,13,1,0,0.591,medium
Koramangala,4,13,1,0,0.238,low
Electronic City,4,13,1,0,0.826,high
Indiranagar,4,13,1,0,0.553,medium
MG Road,4,14,1,0,0.828,high
Whitefield,4,14,1,0,0.605,medium
Koramangala,4,14,1,0,0.523,medium
Electronic City,4,14,1,0,0.74,high
Indiranagar,4,14,1,0,0.599,medium
MG Road,4,15,1,0,0.926,high
Whitefield,4,15,1,0,0.547,medium
Koramangala,4,15,1,0,0.465,medium
Electronic City,4,15,1,0,0.734,high
Indiranagar,4,15,1,0,0.52,medium
MG Road,4,16,1,0,0.8,high
Whitefield,4,16,1,0,0.655,high
Koramangala,4,16,1,0,0.508,medium
Electronic City,4,16,1,0,0.868,high
Indiranagar,4,16,1,0,0.576,medium
MG Road,4,17,1,1,0.971,high
Whitefield,4,17,1,1,0.825,high
Koramangala,4,17,1,1,0.555,medium
Electronic City,4,17,1,1,0.983,high
Indiranagar,4,17,1,1,0.823,high
MG Road,4,18,1,1,1.0,high
Whitefield,4,18,1,1,0.674,high
Koramangala,4,18,1,1,0.591,medium
Electronic City,4,18,1,1,0.942,high
Indiranagar,4,18,1,1,0.945,high
MG Road,4,19,1,1,0.961,high
Whitefield,4,19,1,1,0.868,high
Koramangala,4,19,1,1,0.64,medium
Electronic City,4,19,1,1,1.0,high
Indiranagar,4,19,1,1,0.898,high
MG Road,4,20,1,1,1.0,high
Whitefield,4,20,1,1,0.806,high
Koramangala,4,20,1,1,0.502,medium
Electronic City,4,20,1,1,1.0,high
Indiranagar,4,20,1,1,0.892,high
MG Road,4,21,1,0,0.674,high
Whitefield,4,21,1,0,0.501,medium
Koramangala,4,21,1,0,0.42,medium
Electronic City,4,21,1,0,0.777,high
Indiranagar,4,21,1,0,0.521,medium
MG Road,4,22,1,0,0.754,high
Whitefield,4,22,1,0,0.453,medium
Koramangala,4,22,1,0,0.51,medium
Electronic City,4,22,1,0,0.646,medium
Indiranagar,4,22,1,0,0.643,medium
MG Road,4,23,1,0,0.797,high
Whitefield,4,23,1,0,0.703,high
Koramangala,4,23,1,0,0.337,low
Electronic City,4,23,1,0,0.755,high
Indiranagar,4,23,1,0,0.464,medium
MG Road,5,0,0,0,0.095,low
Whitefield,5,0,0,0,0.098,low
Koramangala,5,0,0,0,0.0,low
Electronic City,5,0,0,0,0.182,low
Indiranagar,5,0,0,0,0.131,low
MG Road,5,1,0,0,0.31,low
Whitefield,5,1,0,0,0.0,low
Koramangala,5,1,0,0,0.0,low
Electronic City,5,1,0,0,0.241,low
Indiranagar,5,1,0,0,0.157,low
MG Road,5,2,0,0,0.197,low
Whitefield,5,2,0,0,0.0,low
Koramangala,5,2,0,0,0.0,low
Electronic City,5,2,0,0,0.246,low
Indiranagar,5,2,0,0,0.148,low
MG Road,5,3,0,0,0.151,low
Whitefield,5,3,0,0,0.0,low
Koramangala,5,3,0,0,0.037,low
Electronic City,5,3,0,0,0.186,low
Indiranagar,5,3,0,0,0.07,low
MG Road,5,4,0,0,0.195,low
Whitefield,5,4,0,0,0.089,low
Koramangala,5,4,0,0,0.0,low
Electronic City,5,4,0,0,0.224,low
Indiranagar,5,4,0,0,0.189,low
MG Road,5,5,0,0,0.524,medium
Whitefield,5,5,0,0,0.329,low
Koramangala,5,5,0,0,0.169,low
Electronic City,5,5,0,0,0.537,medium
Indiranagar,5,5,0,0,0.368,medium
MG Road,5,6,0,0,0.447,medium
Whitefield,5,6,0,0,0.375,medium
Koramangala,5,6,0,0,0.12,low
Electronic City,5,6,0,0,0.454,medium
Indiranagar,5,6,0,0,0.353,medium
MG Road,5,7,0,0,0.473,medium
Whitefield,5,7,0,0,0.259,low
Koramangala,5,7,0,0,0.0,low
Electronic City,5,7,0,0,0.64,medium
Indiranagar,5,7,0,0,0.394,medium
MG Road,5,8,0,1,0.541,medium
Whitefield,5,8,0,1,0.297,low
Koramangala,5,8,0,1,0.0,low
Electronic City,5,8,0,1,0.442,medium
Indiranagar,5,8,0,1,0.407,medium
MG Road,5,9,0,1,0.625,medium
Whitefield,5,9,0,1,0.401,medium
Koramangala,5,9,0,1,0.163,low
Electronic City,5,9,0,1,0.604,medium
Indiranagar,5,9,0,1,0.324,low
MG Road,5,10,0,1,0.637,medium
Whitefield,5,10,0,1,0.319,low
Koramangala,5,10,0,1,0.08,low
Electronic City,5,10,0,1,0.42,medium
Indiranagar,5,10,0,1,0.265,low
MG Road,5,11,0,0,0.603,medium
Whitefield,5,11,0,0,0.291,low
Koramangala,5,11,0,0,0.067,low
Electronic City,5,11,0,0,0.557,medium
Indiranagar,5,11,0,0,0.376,medium
MG Road,5,12,0,0,0.627,medium
Whitefield,5,12,0,0,0.391,medium
Koramangala,5,12,0,0,0.09,low
Electronic City,5,12,0,0,0.506,medium
Indiranagar,5,12,0,0,0.36,medium
MG Road,5,13,0,0,0.476,medium
Whitefield,5,13,0,0,0.262,low
Koramangala,5,13,0,0,0.096,low
Electronic City,5,13,0,0,0.663,high
Indiranagar,5,13,0,0,0.317,low
MG Road,5,14,0,0,0.649,medium
Whitefield,5,14,0,0,0.313,low
Koramangala,5,14,0,0,0.221,low
Electronic City,5,14,0,0,0.572,medium
Indiranagar,5,14,0,0,0.426,medium
MG Road,5,15,0,0,0.581,medium
Whitefield,5,15,0,0,0.46,medium
Koramangala,5,15,0,0,0.18,low
Electronic City,5,15,0,0,0.637,medium
Indiranagar,5,15,0,0,0.22,low
MG Road,5,16,0,0,0.578,medium
Whitefield,5,16,0,0,0.373,medium
Koramangala,5,16,0,0,0.075,low
Electronic City,5,16,0,0,0.546,medium
Indiranagar,5,16,0,0,0.231,low
MG Road,5,17,0,1,0.498,medium
Whitefield,5,17,0,1,0.19,low
Koramangala,5,17,0,1,0.275,low
Electronic City,5,17,0,1,0.481,medium
Indiranagar,5,17,0,1,0.523,medium
MG Road,5,18,0,1,0.614,medium
Whitefield,5,18,0,1,0.386,medium
Koramangala,5,18,0,1,0.103,low
Electronic City,5,18,0,1,0.416,medium
Indiranagar,5,18,0,1,0.392,medium
MG Road,5,19,0,1,0.544,medium
Whitefield,5,19,0,1,0.243,low
Koramangala,5,19,0,1,0.029,low
Electronic City,5,19,0,1,0.423,medium
Indiranagar,5,19,0,1,0.496,medium
MG Road,5,20,0,1,0.727,high
Whitefield,5,20,0,1,0.366,medium
Koramangala,5,20,0,1,0.162,low
Electronic City,5,20,0,1,0.473,medium
Indiranagar,5,20,0,1,0.275,low
MG Road,5,21,0,0,0.66,high
Whitefield,5,21,0,0,0.5,medium
Koramangala,5,21,0,0,0.079,low
Electronic City,5,21,0,0,0.493,medium
Indiranagar,5,21,0,0,0.314,low
MG Road,5,22,0,0,0.516,medium
Whitefield,5,22,0,0,0.445,medium
Koramangala,5,22,0,0,0.045,low
Electronic City,5,22,0,0,0.537,medium
Indiranagar,5,22,0,0,0.408,medium
MG Road,5,23,0,0,0.539,medium
Whitefield,5,23,0,0,0.421,medium
Koramangala,5,23,0,0,0.162,low
Electronic City,5,23,0,0,0.597,medium
Indiranagar,5,23,0,0,0.228,low
MG Road,6,0,0,0,0.222,low
Whitefield,6,0,0,0,0.044,low
Koramangala,6,0,0,0,0.0,low
Electronic City,6,0,0,0,0.113,low
Indiranagar,6,0,0,0,0.0,low
MG Road,6,1,0,0,0.326,low
Whitefield,6,1,0,0,0.0,low
Koramangala,6,1,0,0,0.0,low
Electronic City,6,1,0,0,0.265,low
Indiranagar,6,1,0,0,0.0,low
MG Road,6,2,0,0,0.084,low
Whitefield,6,2,0,0,0.021,low
Koramangala,6,2,0,0,0.0,low
Electronic City,6,2,0,0,0.087,low
Indiranagar,6,2,0,0,0.096,low
MG Road,6,3,0,0,0.32,low
Whitefield,6,3,0,0,0.113,low
Koramangala,6,3,0,0,0.0,low
Electronic City,6,3,0,0,0.299,low
Indiranagar,6,3,0,0,0.0,low
MG Road,6,4,0,0,0.286,low
Whitefield,6,4,0,0,0.008,low
Koramangala,6,4,0,0,0.0,low
Electronic City,6,4,0,0,0.245,low
Indiranagar,6,4,0,0,0.0,low
MG Road,6,5,0,0,0.41,medium
Whitefield,6,5,0,0,0.401,medium
Koramangala,6,5,0,0,0.189,low
Electronic City,6,5,0,0,0.511,medium
Indiranagar,6,5,0,0,0.28,low
MG Road,6,6,0,0,0.61,medium
Whitefield,6,6,0,0,0.404,medium
Koramangala,6,6,0,0,0.157,low
Electronic City,6,6,0,0,0.406,medium
Indiranagar,6,6,0,0,0.316,low
MG Road,6,7,0,0,0.617,medium
Whitefield,6,7,0,0,0.456,medium
Koramangala,6,7,0,0,0.124,low
Electronic City,6,7,0,0,0.48,medium
Indiranagar,6,7,0,0,0.337,low
MG Road,6,8,0,1,0.572,medium
Whitefield,6,8,0,1,0.304,low
Koramangala,6,8,0,1,0.0,low
Electronic City,6,8,0,1,0.595,medium
Indiranagar,6,8,0,1,0.494,medium
MG Road,6,9,0,1,0.501,medium
Whitefield,6,9,0,1,0.265,low
Koramangala,6,9,0,1,0.139,low
Electronic City,6,9,0,1,0.485,medium
Indiranagar,6,9,0,1,0.43,medium
MG Road,6,10,0,1,0.554,medium
Whitefield,6,10,0,1,0.287,low
Koramangala,6,10,0,1,0.045,low
Electronic City,6,10,0,1,0.569,medium
Indiranagar,6,10,0,1,0.398,medium
MG Road,6,11,0,0,0.635,medium
Whitefield,6,11,0,0,0.273,low
Koramangala,6,11,0,0,0.297,low
Electronic City,6,11,0,0,0.361,medium
Indiranagar,6,11,0,0,0.407,medium
MG Road,6,12,0,0,0.397,medium
Whitefield,6,12,0,0,0.287,low
Koramangala,6,12,0,0,0.275,low
Electronic City,6,12,0,0,0.567,medium
Indiranagar,6,12,0,0,0.306,low
MG Road,6,13,0,0,0.508,medium
Whitefield,6,13,0,0,0.358,medium
Koramangala,6,13,0,0,0.191,low
Electronic City,6,13,0,0,0.6,medium
Indiranagar,6,13,0,0,0.314,low
MG Road,6,14,0,0,0.421,medium
Whitefield,6,14,0,0,0.363,medium
Koramangala,6,14,0,0,0.113,low
Electronic City,6,14,0,0,0.396,medium
Indiranagar,6,14,0,0,0.374,medium
MG Road,6,15,0,0,0.533,medium
Whitefield,6,15,0,0,0.375,medium
Koramangala,6,15,0,0,0.078,low
Electronic City,6,15,0,0,0.539,medium
Indiranagar,6,15,0,0,0.245,low
MG Road,6,16,0,0,0.484,medium
Whitefield,6,16,0,0,0.331,low
Koramangala,6,16,0,0,0.289,low
Electronic City,6,16,0,0,0.563,medium
Indiranagar,6,16,0,0,0.436,medium
MG Road,6,17,0,1,0.663,high
Whitefield,6,17,0,1,0.638,medium
Koramangala,6,17,0,1,0.153,low
Electronic City,6,17,0,1,0.614,medium
Indiranagar,6,17,0,1,0.431,medium
MG Road,6,18,0,1,0.63,medium
Whitefield,6,18,0,1,0.492,medium
Koramangala,6,18,0,1,0.116,low
Electronic City,6,18,0,1,0.46,medium
Indiranagar,6,18,0,1,0.376,medium
MG Road,6,19,0,1,0.535,medium
Whitefield,6,19,0,1,0.375,medium
Koramangala,6,19,0,1,0.275,low
Electronic City,6,19,0,1,0.462,medium
Indiranagar,6,19,0,1,0.326,low
MG Road,6,20,0,1,0.564,medium
Whitefield,6,20,0,1,0.332,low
Koramangala,6,20,0,1,0.0,low
Electronic City,6,20,0,1,0.454,medium
Indiranagar,6,20,0,1,0.405,medium
MG Road,6,21,0,0,0.665,high
Whitefield,6,21,0,0,0.258,low
Koramangala,6,21,0,0,0.057,low
Electronic City,6,21,0,0,0.502,medium
Indiranagar,6,21,0,0,0.184,low
MG Road,6,22,0,0,0.514,medium
Whitefield,6,22,0,0,0.211,low
Koramangala,6,22,0,0,0.26,low
Electronic City,6,22,0,0,0.438,medium
Indiranagar,6,22,0,0,0.482,medium
MG Road,6,23,0,0,0.639,medium
Whitefield,6,23,0,0,0.298,low
Koramangala,6,23,0,0,0.064,low
Electronic City,6,23,0,0,0.485,medium
Indiranagar,6,23,0,0,0.342,low
MG Road,0,0,1,0,0.528,medium
Whitefield,0,0,1,0,0.238,low
Koramangala,0,0,1,0,0.16,low
Electronic City,0,0,1,0,0.471,medium
Indiranagar,0,0,1,0,0.273,low
MG Road,0,1,1,0,0.443,medium
Whitefield,0,1,1,0,0.285,low
Koramangala,0,1,1,0,0.035,low
Electronic City,0,1,1,0,0.455,medium
Indiranagar,0,1,1,0,0.307,low
MG Road,0,2,1,0,0.521,medium
Whitefield,0,2,1,0,0.441,medium
Koramangala,0,2,1,0,0.089,low
Electronic City,0,2,1,0,0.53,medium
Indiranagar,0,2,1,0,0.318,low
MG Road,0,3,1,0,0.481,medium
Whitefield,0,3,1,0,0.29,low
Koramangala,0,3,1,0,0.095,low
Electronic City,0,3,1,0,0.472,medium
Indiranagar,0,3,1,0,0.223,low
MG Road,0,4,1,0,0.383,medium
Whitefield,0,4,1,0,0.352,medium
Koramangala,0,4,1,0,0.172,low
Electronic City,0,4,1,0,0.51,medium
Indiranagar,0,4,1,0,0.312,low
MG Road,0,5,1,0,0.861,high
Whitefield,0,5,1,0,0.657,high
Koramangala,0,5,1,0,0.463,medium
Electronic City,0,5,1,0,0.681,high
Indiranagar,0,5,1,0,0.512,medium
MG Road,0,6,1,0,0.769,high
Whitefield,0,6,1,0,0.599,medium
Koramangala,0,6,1,0,0.381,medium
Electronic City,0,6,1,0,0.6,medium
Indiranagar,0,6,1,0,0.738,high
MG Road,0,7,1,0,0.778,high
Whitefield,0,7,1,0,0.614,medium
Koramangala,0,7,1,0,0.5,medium
Electronic City,0,7,1,0,0.562,medium
Indiranagar,0,7,1,0,0.559,medium
MG Road,0,8,1,1,1.0,high
Whitefield,0,8,1,1,0.823,high
Koramangala,0,8,1,1,0.636,medium
Electronic City,0,8,1,1,1.0,high
Indiranagar,0,8,1,1,0.904,high
MG Road,0,9,1,1,1.0,high
Whitefield,0,9,1,1,0.854,high
Koramangala,0,9,1,1,0.538,medium
Electronic City,0,9,1,1,0.834,high
Indiranagar,0,9,1,1,0.728,high
MG Road,0,10,1,1,1.0,high
Whitefield,0,10,1,1,0.853,high
Koramangala,0,10,1,1,0.633,medium
Electronic City,0,10,1,1,0.971,high
Indiranagar,0,10,1,1,1.0,high
MG Road,0,11,1,0,0.734,high
Whitefield,0,11,1,0,0.674,high
Koramangala,0,11,1,0,0.4,medium
Electronic City,0,11,1,0,0.745,high
Indiranagar,0,11,1,0,0.694,high
MG Road,0,12,1,0,0.917,high
Whitefield,0,12,1,0,0.581,medium
Koramangala,0,12,1,0,0.464,medium
Electronic City,0,12,1,0,0.779,high
Indiranagar,0,12,1,0,0.601,medium
MG Road,0,13,1,0,0.816,high
Whitefield,0,13,1,0,0.545,medium
Koramangala,0,13,1,0,0.376,medium
Electronic City,0,13,1,0,0.704,high
Indiranagar,0,13,1,0,0.672,high
MG Road,0,14,1,0,0.792,high
Whitefield,0,14,1,0,0.496,medium
Koramangala,0,14,1,0,0.342,low
Electronic City,0,14,1,0,0.494,medium
Indiranagar,0,14,1,0,0.56,medium
MG Road,0,15,1,0,0.803,high
Whitefield,0,15,1,0,0.589,medium
Koramangala,0,15,1,0,0.558,medium
Electronic City,0,15,1,0,0.796,high
Indiranagar,0,15,1,0,0.642,medium
MG Road,0,16,1,0,0.669,high
Whitefield,0,16,1,0,0.571,medium
Koramangala,0,16,1,0,0.361,medium
Electronic City,0,16,1,0,0.687,high
Indiranagar,0,16,1,0,0.536,medium
MG Road,0,17,1,1,0.905,high
Whitefield,0,17,1,1,0.748,high
Koramangala,0,17,1,1,0.72,high
Electronic City,0,17,1,1,0.989,high
Indiranagar,0,17,1,1,0.809,high
MG Road,0,18,1,1,1.0,high
Whitefield,0,18,1,1,0.943,high
Koramangala,0,18,1,1,0.65,high
Electronic City,0,18,1,1,1.0,high
Indiranagar,0,18,1,1,0.782,high
MG Road,0,19,1,1,1.0,high
Whitefield,0,19,1,1,0.878,high
Koramangala,0,19,1,1,0.801,high
Electronic City,0,19,1,1,1.0,high
Indiranagar,0,19,1,1,0.897,high
MG Road,0,20,1,1,1.0,high
Whitefield,0,20,1,1,0.962,high
Koramangala,0,20,1,1,0.714,high
Electronic City,0,20,1,1,0.817,high
Indiranagar,0,20,1,1,0.766,high
MG Road,0,21,1,0,0.827,high
Whitefield,0,21,1,0,0.457,medium
Koramangala,0,21,1,0,0.328,low
Electronic City,0,21,1,0,0.694,high
Indiranagar,0,21,1,0,0.58,medium
MG Road,0,22,1,0,0.777,high
Whitefield,0,22,1,0,0.577,medium
Koramangala,0,22,1,0,0.466,medium
Electronic City,0,22,1,0,0.729,high
Indiranagar,0,22,1,0,0.569,medium
MG Road,0,23,1,0,0.692,high
Whitefield,0,23,1,0,0.682,high
Koramangala,0,23,1,0,0.346,low
Electronic City,0,23,1,0,0.663,high
Indiranagar,0,23,1,0,0.617,medium
MG Road,1,0,1,0,0.439,medium
Whitefield,1,0,1,0,0.258,low
Koramangala,1,0,1,0,0.121,low
Electronic City,1,0,1,0,0.424,medium
Indiranagar,1,0,1,0,0.485,medium
MG Road,1,1,1,0,0.494,medium
Whitefield,1,1,1,0,0.349,low
Koramangala,1,1,1,0,0.0,low
Electronic City,1,1,1,0,0.381,medium
Indiranagar,1,1,1,0,0.213,low
MG Road,1,2,1,0,0.424,medium
Whitefield,1,2,1,0,0.333,low
Koramangala,1,2,1,0,0.183,low
Electronic City,1,2,1,0,0.478,medium
Indiranagar,1,2,1,0,0.282,low
MG Road,1,3,1,0,0.45,medium
Whitefield,1,3,1,0,0.389,medium
Koramangala,1,3,1,0,0.266,low
Electronic City,1,3,1,0,0.461,medium
Indiranagar,1,3,1,0,0.375,medium
MG Road,1,4,1,0,0.527,medium
Whitefield,1,4,1,0,0.36,medium
Koramangala,1,4,1,0,0.007,low
Electronic City,1,4,1,0,0.411,medium
Indiranagar,1,4,1,0,0.332,low
MG Road,1,5,1,0,0.897,high
Whitefield,1,5,1,0,0.535,medium
Koramangala,1,5,1,0,0.237,low
Electronic City,1,5,1,0,0.71,high
Indiranagar,1,5,1,0,0.681,high
MG Road,1,6,1,0,0.673,high
Whitefield,1,6,1,0,0.506,medium
Koramangala,1,6,1,0,0.412,medium
Electronic City,1,6,1,0,0.741,high
Indiranagar,1,6,1,0,0.648,medium
MG Road,1,7,1,0,0.702,high
Whitefield,1,7,1,0,0.574,medium
Koramangala,1,7,1,0,0.496,medium
Electronic City,1,7,1,0,0.655,high
Indiranagar,1,7,1,0,0.718,high
MG Road,1,8,1,1,0.965,high
Whitefield,1,8,1,1,0.918,high
Koramangala,1,8,1,1,0.62,medium
Electronic City,1,8,1,1,0.908,high
Indiranagar,1,8,1,1,0.81,high
MG Road,1,9,1,1,1.0,high
Whitefield,1,9,1,1,0.849,high
Koramangala,1,9,1,1,0.739,high
Electronic City,1,9,1,1,1.0,high
Indiranagar,1,9,1,1,0.755,high
MG Road,1,10,1,1,0.949,high
Whitefield,1,10,1,1,0.746,high
Koramangala,1,10,1,1,0.578,medium
Electronic City,1,10,1,1,1.0,high
Indiranagar,1,10,1,1,0.895,high
MG Road,1,11,1,0,0.756,high
Whitefield,1,11,1,0,0.599,medium
Koramangala,1,11,1,0,0.512,medium
Electronic City,1,11,1,0,0.903,high
Indiranagar,1,11,1,0,0.621,medium
MG Road,1,12,1,0,0.587,medium
Whitefield,1,12,1,0,0.624,medium
Koramangala,1,12,1,0,0.475,medium
Electronic City,1,12,1,0,0.768,high
Indiranagar,1,12,1,0,0.658,high
MG Road,1,13,1,0,0.829,high
Whitefield,1,13,1,0,0.501,medium
Koramangala,1,13,1,0,0.329,low
Electronic City,1,13,1,0,0.724,high
Indiranagar,1,13,1,0,0.685,high
MG Road,1,14,1,0,0.739,high
Whitefield,1,14,1,0,0.636,medium
Koramangala,1,14,1,0,0.424,medium
Electronic City,1,14,1,0,0.877,high
Indiranagar,1,14,1,0,0.597,medium
MG Road,1,15,1,0,0.66,high
Whitefield,1,15,1,0,0.652,high
Koramangala,1,15,1,0,0.571,medium
Electronic City,1,15,1,0,0.807,high
Indiranagar,1,15,1,0,0.537,medium
MG Road,1,16,1,0,0.713,high
Whitefield,1,16,1,0,0.524,medium
Koramangala,1,16,1,0,0.56,medium
Electronic City,1,16,1,0,0.724,high
Indiranagar,1,16,1,0,0.547,medium
MG Road,1,17,1,1,1.0,high
Whitefield,1,17,1,1,0.825,high
Koramangala,1,17,1,1,0.775,high
Electronic City,1,17,1,1,0.919,high
Indiranagar,1,17,1,1,0.944,high
MG Road,1,18,1,1,1.0,high
Whitefield,1,18,1,1,0.947,high
Koramangala,1,18,1,1,0.777,high
Electronic City,1,18,1,1,1.0,high
Indiranagar,1,18,1,1,0.825,high
MG Road,1,19,1,1,1.0,high
Whitefield,1,19,1,1,0.842,high
Koramangala,1,19,1,1,0.517,medium
Electronic City,1,19,1,1,1.0,high
Indiranagar,1,19,1,1,0.87,high
MG Road,1,20,1,1,0.957,high
Whitefield,1,20,1,1,0.685,high
Koramangala,1,20,1,1,0.464,medium
Electronic City,1,20,1,1,1.0,high
Indiranagar,1,20,1,1,0.8,high
MG Road,1,21,1,0,0.764,high
Whitefield,1,21,1,0,0.639,medium
Koramangala,1,21,1,0,0.359,medium
Electronic City,1,21,1,0,0.794,high
Indiranagar,1,21,1,0,0.608,medium
MG Road,1,22,1,0,0.793,high
Whitefield,1,22,1,0,0.474,medium
Koramangala,1,22,1,0,0.334,low
Electronic City,1,22,1,0,0.798,high
Indiranagar,1,22,1,0,0.545,medium
MG Road,1,23,1,0,0.896,high
Whitefield,1,23,1,0,0.788,high
Koramangala,1,23,1,0,0.453,medium
Electronic City,1,23,1,0,0.869,high
Indiranagar,1,23,1,0,0.658,high
MG Road,2,0,1,0,0.457,medium
Whitefield,2,0,1,0,0.316,low
Koramangala,2,0,1,0,0.261,low
Electronic City,2,0,1,0,0.408,medium
Indiranagar,2,0,1,0,0.217,low
MG Road,2,1,1,0,0.409,medium
Whitefield,2,1,1,0,0.283,low
Koramangala,2,1,1,0,0.02,low
Electronic City,2,1,1,0,0.584,medium
Indiranagar,2,1,1,0,0.317,low
MG Road,2,2,1,0,0.578,medium
Whitefield,2,2,1,0,0.276,low
Koramangala,2,2,1,0,0.009,low
Electronic City,2,2,1,0,0.345,low
Indiranagar,2,2,1,0,0.227,low
MG Road,2,3,1,0,0.528,medium
Whitefield,2,3,1,0,0.342,low
Koramangala,2,3,1,0,0.148,low
Electronic City,2,3,1,0,0.331,low
Indiranagar,2,3,1,0,0.3,low
MG Road,2,4,1,0,0.418,medium
Whitefield,2,4,1,0,0.332,low
Koramangala,2,4,1,0,0.138,low
Electronic City,2,4,1,0,0.356,medium
Indiranagar,2,4,1,0,0.377,medium
MG Road,2,5,1,0,0.987,high
Whitefield,2,5,1,0,0.667,high
Koramangala,2,5,1,0,0.387,medium
Electronic City,2,5,1,0,0.725,high
Indiranagar,2,5,1,0,0.583,medium
MG Road,2,6,1,0,0.739,high
Whitefield,2,6,1,0,0.62,medium
Koramangala,2,6,1,0,0.309,low
Electronic City,2,6,1,0,0.599,medium
Indiranagar,2,6,1,0,0.618,medium
MG Road,2,7,1,0,0.802,high
Whitefield,2,7,1,0,0.554,medium
Koramangala,2,7,1,0,0.297,low
Electronic City,2,7,1,0,0.773,high
Indiranagar,2,7,1,0,0.521,medium
MG Road,2,8,1,1,1.0,high
Whitefield,2,8,1,1,0.991,high
Koramangala,2,8,1,1,0.702,high
Electronic City,2,8,1,1,0.89,high
Indiranagar,2,8,1,1,0.748,high
MG Road,2,9,1,1,1.0,high
Whitefield,2,9,1,1,0.74,high
Koramangala,2,9,1,1,0.49,medium
Electronic City,2,9,1,1,1.0,high
Indiranagar,2,9,1,1,0.876,high
MG Road,2,10,1,1,1.0,high
Whitefield,2,10,1,1,0.871,high
Koramangala,2,10,1,1,0.645,medium
Electronic City,2,10,1,1,0.947,high
Indiranagar,2,10,1,1,0.891,high
MG Road,2,11,1,0,0.922,high
Whitefield,2,11,1,0,0.56,medium
Koramangala,2,11,1,0,0.318,low
Electronic City,2,11,1,0,0.659,high
Indiranagar,2,11,1,0,0.531,medium
MG Road,2,12,1,0,0.816,high
Whitefield,2,12,1,0,0.429,medium
Koramangala,2,12,1,0,0.435,medium
Electronic City,2,12,1,0,0.802,high
Indiranagar,2,12,1,0,0.456,medium
MG Road,2,13,1,0,0.722,high
Whitefield,2,13,1,0,0.606,medium
Koramangala,2,13,1,0,0.389,medium
Electronic City,2,13,1,0,0.792,high
Indiranagar,2,13,1,0,0.589,medium
MG Road,2,14,1,0,0.901,high
Whitefield,2,14,1,0,0.574,medium
Koramangala,2,14,1,0,0.321,low
Electronic City,2,14,1,0,0.665,high
Indiranagar,2,14,1,0,0.659,high
MG Road,2,15,1,0,0.802,high
Whitefield,2,15,1,0,0.651,high
Koramangala,2,15,1,0,0.449,medium
Electronic City,2,15,1,0,0.588,medium
Indiranagar,2,15,1,0,0.509,medium
MG Road,2,16,1,0,0.718,high
Whitefield,2,16,1,0,0.535,medium
Koramangala,2,16,1,0,0.366,medium
Electronic City,2,16,1,0,0.83,high
Indiranagar,2,16,1,0,0.696,high
MG Road,2,17,1,1,1.0,high
Whitefield,2,17,1,1,0.83,high
Koramangala,2,17,1,1,0.594,medium
Electronic City,2,17,1,1,1.0,high
Indiranagar,2,17,1,1,0.866,high
MG Road,2,18,1,1,1.0,high
Whitefield,2,18,1,1,0.914,high
Koramangala,2,18,1,1,0.466,medium
Electronic City,2,18,1,1,0.988,high
Indiranagar,2,18,1,1,0.961,high
MG Road,2,19,1,1,1.0,high
Whitefield,2,19,1,1,0.941,high
Koramangala,2,19,1,1,0.625,medium
Electronic City,2,19,1,1,1.0,high
Indiranagar,2,19,1,1,0.759,high
MG Road,2,20,1,1,0.962,high
Whitefield,2,20,1,1,0.908,high
Koramangala,2,20,1,1,0.721,high
Electronic City,2,20,1,1,1.0,high
Indiranagar,2,20,1,1,0.752,high
MG Road,2,21,1,0,0.804,high
Whitefield,2,21,1,0,0.701,high
Koramangala,2,21,1,0,0.539,medium
Electronic City,2,21,1,0,0.725,high
Indiranagar,2,21,1,0,0.467,medium
MG Road,2,22,1,0,0.867,high
Whitefield,2,22,1,0,0.578,medium
Koramangala,2,22,1,0,0.475,medium
Electronic City,2,22,1,0,0.772,high
Indiranagar,2,22,1,0,0.529,medium
MG Road,2,23,1,0,0.805,high
Whitefield,2,23,1,0,0.705,high
Koramangala,2,23,1,0,0.388,medium
Electronic City,2,23,1,0,0.667,high
Indiranagar,2,23,1,0,0.473,medium
MG Road,3,0,1,0,0.438,medium
Whitefield,3,0,1,0,0.267,low
Koramangala,3,0,1,0,0.166,low
Electronic City,3,0,1,0,0.36,medium
Indiranagar,3,0,1,0,0.424,medium
MG Road,3,1,1,0,0.393,medium
Whitefield,3,1,1,0,0.487,medium
Koramangala,3,1,1,0,0.238,low
Electronic City,3,1,1,0,0.461,medium
Indiranagar,3,1,1,0,0.168,low
MG Road,3,2,1,0,0.496,medium
Whitefield,3,2,1,0,0.269,low
Koramangala,3,2,1,0,0.0,low
Electronic City,3,2,1,0,0.473,medium
Indiranagar,3,2,1,0,0.234,low
MG Road,3,3,1,0,0.443,medium
Whitefield,3,3,1,0,0.284,low
Koramangala,3,3,1,0,0.054,low
Electronic City,3,3,1,0,0.616,medium
Indiranagar,3,3,1,0,0.257,low
MG Road,3,4,1,0,0.535,medium
Whitefield,3,4,1,0,0.312,low
Koramangala,3,4,1,0,0.128,low
Electronic City,3,4,1,0,0.484,medium
Indiranagar,3,4,1,0,0.371,medium
MG Road,3,5,1,0,0.821,high
Whitefield,3,5,1,0,0.618,medium
Koramangala,3,5,1,0,0.405,medium
Electronic City,3,5,1,0,0.739,high
Indiranagar,3,5,1,0,0.527,medium
MG Road,3,6,1,0,0.795,high
Whitefield,3,6,1,0,0.619,medium
Koramangala,3,6,1,0,0.432,medium
Electronic City,3,6,1,0,0.764,high
Indiranagar,3,6,1,0,0.581,medium
MG Road,3,7,1,0,0.795,high
Whitefield,3,7,1,0,0.556,medium
Koramangala,3,7,1,0,0.425,medium
Electronic City,3,7,1,0,0.732,high
Indiranagar,3,7,1,0,0.614,medium
MG Road,3,8,1,1,1.0,high
Whitefield,3,8,1,1,0.793,high
Koramangala,3,8,1,1,0.698,high
Electronic City,3,8,1,1,1.0,high
Indiranagar,3,8,1,1,1.0,high
MG Road,3,9,1,1,1.0,high
Whitefield,3,9,1,1,0.906,high
Koramangala,3,9,1,1,0.651,high
Electronic City,3,9,1,1,0.889,high
Indiranagar,3,9,1,1,0.808,high
MG Road,3,10,1,1,1.0,high
Whitefield,3,10,1,1,0.815,high
Koramangala,3,10,1,1,0.472,medium
Electronic City,3,10,1,1,0.997,high
Indiranagar,3,10,1,1,0.763,high
MG Road,3,11,1,0,0.811,high
Whitefield,3,11,1,0,0.724,high
Koramangala,3,11,1,0,0.462,medium
Electronic City,3,11,1,0,0.873,high
Indiranagar,3,11,1,0,0.555,medium
MG Road,3,12,1,0,0.789,high
Whitefield,3,12,1,0,0.516,medium
Koramangala,3,12,1,0,0.345,low
Electronic City,3,12,1,0,0.676,high
Indiranagar,3,12,1,0,0.495,medium
MG Road,3,13,1,0,0.909,high
Whitefield,3,13,1,0,0.433,medium
Koramangala,3,13,1,0,0.51,medium
Electronic City,3,13,1,0,0.85,high
Indiranagar,3,13,1,0,0.64,medium
MG Road,3,14,1,0,0.711,high
Whitefield,3,14,1,0,0.473,medium
Koramangala,3,14,1,0,0.356,medium
Electronic City,3,14,1,0,0.8,high
Indiranagar,3,14,1,0,0.6,medium
MG Road,3,15,1,0,0.717,high
Whitefield,3,15,1,0,0.692,high
Koramangala,3,15,1,0,0.535,medium
Electronic City,3,15,1,0,0.732,high
Indiranagar,3,15,1,0,0.609,medium
MG Road,3,16,1,0,0.679,high
Whitefield,3,16,1,0,0.567,medium
Koramangala,3,16,1,0,0.441,medium
Electronic City,3,16,1,0,0.778,high
Indiranagar,3,16,1,0,0.559,medium
MG Road,3,17,1,1,1.0,high
Whitefield,3,17,1,1,0.814,high
Koramangala,3,17,1,1,0.628,medium
Electronic City,3,17,1,1,1.0,high
Indiranagar,3,17,1,1,0.693,high
MG Road,3,18,1,1,1.0,high
Whitefield,3,18,1,1,0.878,high
Koramangala,3,18,1,1,0.604,medium
Electronic City,3,18,1,1,0.962,high
Indiranagar,3,18,1,1,0.814,high
MG Road,3,19,1,1,1.0,high
Whitefield,3,19,1,1,0.85,high
Koramangala,3,19,1,1,0.66,high
Electronic City,3,19,1,1,0.832,high
Indiranagar,3,19,1,1,0.902,high
MG Road,3,20,1,1,1.0,high
Whitefield,3,20,1,1,1.0,high
Koramangala,3,20,1,1,0.555,medium
Electronic City,3,20,1,1,0.931,high
Indiranagar,3,20,1,1,0.834,high
MG Road,3,21,1,0,0.833,high
Whitefield,3,21,1,0,0.444,medium
Koramangala,3,21,1,0,0.334,low
Electronic City,3,21,1,0,0.797,high
Indiranagar,3,21,1,0,0.524,medium
MG Road,3,22,1,0,0.91,high
Whitefield,3,22,1,0,0.564,medium
Koramangala,3,22,1,0,0.328,low
Electronic City,3,22,1,0,0.799,high
Indiranagar,3,22,1,0,0.729,high
MG Road,3,23,1,0,0.833,high
Whitefield,3,23,1,0,0.701,high
Koramangala,3,23,1,0,0.534,medium
Electronic City,3,23,1,0,0.676,high
Indiranagar,3,23,1,0,0.675,high
MG Road,4,0,1,0,0.378,medium
Whitefield,4,0,1,0,0.334,low
Koramangala,4,0,1,0,0.094,low
Electronic City,4,0,1,0,0.549,medium
Indiranagar,4,0,1,0,0.394,medium
MG Road,4,1,1,0,0.546,medium
Whitefield,4,1,1,0,0.324,low
Koramangala,4,1,1,0,0.141,low
Electronic City,4,1,1,0,0.455,medium
Indiranagar,4,1,1,0,0.295,low
MG Road,4,2,1,0,0.615,medium
Whitefield,4,2,1,0,0.425,medium
Koramangala,4,2,1,0,0.089,low
Electronic City,4,2,1,0,0.469,medium
Indiranagar,4,2,1,0,0.307,low
MG Road,4,3,1,0,0.371,medium
Whitefield,4,3,1,0,0.273,low
Koramangala,4,3,1,0,0.228,low
Electronic City,4,3,1,0,0.39,medium
Indiranagar,4,3,1,0,0.469,medium
MG Road,4,4,1,0,0.594,medium
Whitefield,4,4,1,0,0.332,low
Koramangala,4,4,1,0,0.145,low
Electronic City,4,4,1,0,0.377,medium
Indiranagar,4,4,1,0,0.279,low
MG Road,4,5,1,0,0.915,high
Whitefield,4,5,1,0,0.551,medium
Koramangala,4,5,1,0,0.485,medium
Electronic City,4,5,1,0,0.64,medium
Indiranagar,4,5,1,0,0.504,medium
MG Road,4,6,1,0,0.952,high
Whitefield,4,6,1,0,0.599,medium
Koramangala,4,6,1,0,0.357,medium
Electronic City,4,6,1,0,0.859,high
Indiranagar,4,6,1,0,0.7,high
MG Road,4,7,1,0,0.874,high
Whitefield,4,7,1,0,0.554,medium
Koramangala,4,7,1,0,0.377,medium
Electronic City,4,7,1,0,0.775,high
Indiranagar,4,7,1,0,0.656,high
MG Road,4,8,1,1,1.0,high
Whitefield,4,8,1,1,0.864,high
Koramangala,4,8,1,1,0.671,high
Electronic City,4,8,1,1,1.0,high
Indiranagar,4,8,1,1,0.91,high
MG Road,4,9,1,1,0.929,high
Whitefield,4,9,1,1,0.833,high
Koramangala,4,9,1,1,0.576,medium
Electronic City,4,9,1,1,1.0,high
Indiranagar,4,9,1,1,0.924,high
MG Road,4,10,1,1,1.0,high
Whitefield,4,10,1,1,0.829,high
Koramangala,4,10,1,1,0.656,high
Electronic City,4,10,1,1,1.0,high
Indiranagar,4,10,1,1,0.799,high
MG Road,4,11,1,0,0.703,high
Whitefield,4,11,1,0,0.436,medium
Koramangala,4,11,1,0,0.501,medium
Electronic City,4,11,1,0,0.79,high
Indiranagar,4,11,1,0,0.629,medium
MG Road,4,12,1,0,0.901,high
Whitefield,4,12,1,0,0.5,medium
Koramangala,4,12,1,0,0.261,low
Electronic City,4,12,1,0,0.781,high
Indiranagar,4,12,1,0,0.623,medium
MG Road,4,13,1,0,0.661,high
Whitefield,4,13,1,0,0.629,medium
Koramangala,4,13,1,0,0.368,medium
Electronic City,4,13,1,0,0.685,high
Indiranagar,4,13,1,0,0.573,medium
MG Road,4,14,1,0,0.605,medium
Whitefield,4,14,1,0,0.553,medium
Koramangala,4,14,1,0,0.344,low
Electronic City,4,14,1,0,0.795,high
Indiranagar,4,14,1,0,0.587,medium
MG Road,4,15,1,0,0.851,high
Whitefield,4,15,1,0,0.396,medium
Koramangala,4,15,1,0,0.333,low
Electronic City,4,15,1,0,0.794,high
Indiranagar,4,15,1,0,0.575,medium
MG Road,4,16,1,0,0.868,high
Whitefield,4,16,1,0,0.456,medium
Koramangala,4,16,1,0,0.458,medium
Electronic City,4,16,1,0,0.699,high
Indiranagar,4,16,1,0,0.541,medium
MG Road,4,17,1,1,1.0,high
Whitefield,4,17,1,1,0.943,high
Koramangala,4,17,1,1,0.733,high
Electronic City,4,17,1,1,1.0,high
Indiranagar,4,17,1,1,0.951,high
MG Road,4,18,1,1,0.986,high
Whitefield,4,18,1,1,0.861,high
Koramangala,4,18,1,1,0.621,medium
Electronic City,4,18,1,1,1.0,high
Indiranagar,4,18,1,1,0.938,high
MG Road,4,19,1,1,1.0,high
Whitefield,4,19,1,1,0.92,high
Koramangala,4,19,1,1,0.551,medium
Electronic City,4,19,1,1,1.0,high
Indiranagar,4,19,1,1,0.775,high
MG Road,4,20,1,1,0.915,high
Whitefield,4,20,1,1,0.913,high
Koramangala,4,20,1,1,0.723,high
Electronic City,4,20,1,1,1.0,high
Indiranagar,4,20,1,1,0.835,high
MG Road,4,21,1,0,0.699,high
Whitefield,4,21,1,0,0.507,medium
Koramangala,4,21,1,0,0.322,low
Electronic City,4,21,1,0,0.731,high
Indiranagar,4,21,1,0,0.686,high
MG Road,4,22,1,0,0.885,high
Whitefield,4,22,1,0,0.468,medium
Koramangala,4,22,1,0,0.345,low
Electronic City,4,22,1,0,0.692,high
Indiranagar,4,22,1,0,0.397,medium
MG Road,4,23,1,0,0.845,high
Whitefield,4,23,1,0,0.58,medium
Koramangala,4,23,1,0,0.391,medium
Electronic City,4,23,1,0,0.858,high
Indiranagar,4,23,1,0,0.607,medium
MG Road,5,0,0,0,0.216,low
Whitefield,5,0,0,0,0.096,low
Koramangala,5,0,0,0,0.0,low
Electronic City,5,0,0,0,0.224,low
Indiranagar,5,0,0,0,0.105,low
MG Road,5,1,0,0,0.238,low
Whitefield,5,1,0,0,0.043,low
Koramangala,5,1,0,0,0.0,low
Electronic City,5,1,0,0,0.14,low
Indiranagar,5,1,0,0,0.005,low
MG Road,5,2,0,0,0.36,medium
Whitefield,5,2,0,0,0.211,low
Koramangala,5,2,0,0,0.0,low
Electronic City,5,2,0,0,0.094,low
Indiranagar,5,2,0,0,0.0,low
MG Road,5,3,0,0,0.155,low
Whitefield,5,3,0,0,0.061,low
Koramangala,5,3,0,0,0.0,low
Electronic City,5,3,0,0,0.153,low
Indiranagar,5,3,0,0,0.163,low
MG Road,5,4,0,0,0.329,low
Whitefield,5,4,0,0,0.009,low
Koramangala,5,4,0,0,0.0,low
Electronic City,5,4,0,0,0.245,low
Indiranagar,5,4,0,0,0.125,low
MG Road,5,5,0,0,0.507,medium
Whitefield,5,5,0,0,0.331,low
Koramangala,5,5,0,0,0.105,low
Electronic City,5,5,0,0,0.393,medium
Indiranagar,5,5,0,0,0.332,low
MG Road,5,6,0,0,0.526,medium
Whitefield,5,6,0,0,0.249,low
Koramangala,5,6,0,0,0.202,low
Electronic City,5,6,0,0,0.539,medium
Indiranagar,5,6,0,0,0.406,medium
MG Road,5,7,0,0,0.489,medium
Whitefield,5,7,0,0,0.191,low
Koramangala,5,7,0,0,0.187,low
Electronic City,5,7,0,0,0.447,medium
Indiranagar,5,7,0,0,0.279,low
MG Road,5,8,0,1,0.449,medium
Whitefield,5,8,0,1,0.328,low
Koramangala,5,8,0,1,0.276,low
Electronic City,5,8,0,1,0.46,medium
Indiranagar,5,8,0,1,0.263,low
MG Road,5,9,0,1,0.602,medium
Whitefield,5,9,0,1,0.364,medium
Koramangala,5,9,0,1,0.0,low
Electronic City,5,9,0,1,0.553,medium
Indiranagar,5,9,0,1,0.52,medium
MG Road,5,10,0,1,0.342,low
Whitefield,5,10,0,1,0.251,low
Koramangala,5,10,0,1,0.0,low
Electronic City,5,10,0,1,0.494,medium
Indiranagar,5,10,0,1,0.429,medium
MG Road,5,11,0,0,0.558,medium
Whitefield,5,11,0,0,0.461,medium
Koramangala,5,11,0,0,0.216,low
Electronic City,5,11,0,0,0.636,medium
Indiranagar,5,11,0,0,0.443,medium
MG Road,5,12,0,0,0.518,medium
Whitefield,5,12,0,0,0.355,medium
Koramangala,5,12,0,0,0.081,low
Electronic City,5,12,0,0,0.482,medium
Indiranagar,5,12,0,0,0.355,medium
MG Road,5,13,0,0,0.543,medium
Whitefield,5,13,0,0,0.457,medium
Koramangala,5,13,0,0,0.124,low
Electronic City,5,13,0,0,0.425,medium
Indiranagar,5,13,0,0,0.28,low
MG Road,5,14,0,0,0.602,medium
Whitefield,5,14,0,0,0.238,low
Koramangala,5,14,0,0,0.134,low
Electronic City,5,14,0,0,0.606,medium
Indiranagar,5,14,0,0,0.373,medium
MG Road,5,15,0,0,0.544,medium
Whitefield,5,15,0,0,0.347,low
Koramangala,5,15,0,0,0.068,low
Electronic City,5,15,0,0,0.431,medium
Indiranagar,5,15,0,0,0.334,low
MG Road,5,16,0,0,0.572,medium
Whitefield,5,16,0,0,0.426,medium
Koramangala,5,16,0,0,0.157,low
Electronic City,5,16,0,0,0.608,medium
Indiranagar,5,16,0,0,0.478,medium
MG Road,5,17,0,1,0.614,medium
Whitefield,5,17,0,1,0.448,medium
Koramangala,5,17,0,1,0.071,low
Electronic City,5,17,0,1,0.408,medium
Indiranagar,5,17,0,1,0.391,medium
MG Road,5,18,0,1,0.443,medium
Whitefield,5,18,0,1,0.327,low
Koramangala,5,18,0,1,0.212,low
Electronic City,5,18,0,1,0.613,medium
Indiranagar,5,18,0,1,0.33,low
MG Road,5,19,0,1,0.498,medium
Whitefield,5,19,0,1,0.376,medium
Koramangala,5,19,0,1,0.064,low
Electronic City,5,19,0,1,0.486,medium
Indiranagar,5,19,0,1,0.349,low
MG Road,5,20,0,1,0.548,medium
Whitefield,5,20,0,1,0.357,medium
Koramangala,5,20,0,1,0.083,low
Electronic City,5,20,0,1,0.442,medium
Indiranagar,5,20,0,1,0.29,low
MG Road,5,21,0,0,0.42,medium
Whitefield,5,21,0,0,0.377,medium
Koramangala,5,21,0,0,0.222,low
Electronic City,5,21,0,0,0.564,medium
Indiranagar,5,21,0,0,0.329,low
MG Road,5,22,0,0,0.485,medium
Whitefield,5,22,0,0,0.41,medium
Koramangala,5,22,0,0,0.201,low
Electronic City,5,22,0,0,0.517,medium
Indiranagar,5,22,0,0,0.49,medium
MG Road,5,23,0,0,0.548,medium
Whitefield,5,23,0,0,0.329,low
Koramangala,5,23,0,0,0.118,low
Electronic City,5,23,0,0,0.375,medium
Indiranagar,5,23,0,0,0.403,medium
MG Road,6,0,0,0,0.242,low
Whitefield,6,0,0,0,0.091,low
Koramangala,6,0,0,0,0.0,low
Electronic City,6,0,0,0,0.169,low
Indiranagar,6,0,0,0,0.0,low
MG Road,6,1,0,0,0.288,low
Whitefield,6,1,0,0,0.063,low
Koramangala,6,1,0,0,0.0,low
Electronic City,6,1,0,0,0.232,low
Indiranagar,6,1,0,0,0.113,low
MG Road,6,2,0,0,0.174,low
Whitefield,6,2,0,0,0.026,low
Koramangala,6,2,0,0,0.0,low
Electronic City,6,2,0,0,0.142,low
Indiranagar,6,2,0,0,0.055,low
MG Road,6,3,0,0,0.04,low
Whitefield,6,3,0,0,0.0,low
Koramangala,6,3,0,0,0.0,low
Electronic City,6,3,0,0,0.298,low
Indiranagar,6,3,0,0,0.0,low
MG Road,6,4,0,0,0.256,low
Whitefield,6,4,0,0,0.02,low
Koramangala,6,4,0,0,0.0,low
Electronic City,6,4,0,0,0.103,low
Indiranagar,6,4,0,0,0.084,low
MG Road,6,5,0,0,0.498,medium
Whitefield,6,5,0,0,0.368,medium
Koramangala,6,5,0,0,0.156,low
Electronic City,6,5,0,0,0.48,medium
Indiranagar,6,5,0,0,0.388,medium
MG Road,6,6,0,0,0.553,medium
Whitefield,6,6,0,0,0.339,low
Koramangala,6,6,0,0,0.121,low
Electronic City,6,6,0,0,0.506,medium
Indiranagar,6,6,0,0,0.368,medium
MG Road,6,7,0,0,0.471,medium
Whitefield,6,7,0,0,0.322,low
Koramangala,6,7,0,0,0.066,low
Electronic City,6,7,0,0,0.497,medium
Indiranagar,6,7,0,0,0.303,low
MG Road,6,8,0,1,0.612,medium
Whitefield,6,8,0,1,0.404,medium
Koramangala,6,8,0,1,0.076,low
Electronic City,6,8,0,1,0.5,medium
Indiranagar,6,8,0,1,0.401,medium
MG Road,6,9,0,1,0.536,medium
Whitefield,6,9,0,1,0.292,low
Koramangala,6,9,0,1,0.063,low
Electronic City,6,9,0,1,0.568,medium
Indiranagar,6,9,0,1,0.422,medium
MG Road,6,10,0,1,0.533,medium
Whitefield,6,10,0,1,0.411,medium
Koramangala,6,10,0,1,0.0,low
Electronic City,6,10,0,1,0.606,medium
Indiranagar,6,10,0,1,0.337,low
MG Road,6,11,0,0,0.561,medium
Whitefield,6,11,0,0,0.324,low
Koramangala,6,11,0,0,0.262,low
Electronic City,6,11,0,0,0.415,medium
Indiranagar,6,11,0,0,0.468,medium
MG Road,6,12,0,0,0.582,medium
Whitefield,6,12,0,0,0.4,medium
Koramangala,6,12,0,0,0.124,low
Electronic City,6,12,0,0,0.395,medium
Indiranagar,6,12,0,0,0.424,medium
MG Road,6,13,0,0,0.575,medium
Whitefield,6,13,0,0,0.459,medium
Koramangala,6,13,0,0,0.134,low
Electronic City,6,13,0,0,0.466,medium
Indiranagar,6,13,0,0,0.461,medium
MG Road,6,14,0,0,0.703,high
Whitefield,6,14,0,0,0.351,medium
Koramangala,6,14,0,0,0.09,low
Electronic City,6,14,0,0,0.565,medium
Indiranagar,6,14,0,0,0.33,low
MG Road,6,15,0,0,0.598,medium
Whitefield,6,15,0,0,0.329,low
Koramangala,6,15,0,0,0.275,low
Electronic City,6,15,0,0,0.444,medium
Indiranagar,6,15,0,0,0.388,medium
MG Road,6,16,0,0,0.511,medium
Whitefield,6,16,0,0,0.327,low
Koramangala,6,16,0,0,0.117,low
Electronic City,6,16,0,0,0.559,medium
Indiranagar,6,16,0,0,0.423,medium
MG Road,6,17,0,1,0.595,medium
Whitefield,6,17,0,1,0.341,low
Koramangala,6,17,0,1,0.161,low
Electronic City,6,17,0,1,0.572,medium
Indiranagar,6,17,0,1,0.424,medium
MG Road,6,18,0,1,0.335,low
Whitefield,6,18,0,1,0.328,low
Koramangala,6,18,0,1,0.132,low
Electronic City,6,18,0,1,0.554,medium
Indiranagar,6,18,0,1,0.345,low
MG Road,6,19,0,1,0.608,medium
Whitefield,6,19,0,1,0.264,low
Koramangala,6,19,0,1,0.171,low
Electronic City,6,19,0,1,0.572,medium
Indiranagar,6,19,0,1,0.232,low
MG Road,6,20,0,1,0.751,high
Whitefield,6,20,0,1,0.445,medium
Koramangala,6,20,0,1,0.15,low
Electronic City,6,20,0,1,0.434,medium
Indiranagar,6,20,0,1,0.336,low
MG Road,6,21,0,0,0.557,medium
Whitefield,6,21,0,0,0.385,medium
Koramangala,6,21,0,0,0.27,low
Electronic City,6,21,0,0,0.462,medium
Indiranagar,6,21,0,0,0.395,medium
MG Road,6,22,0,0,0.447,medium
Whitefield,6,22,0,0,0.317,low
Koramangala,6,22,0,0,0.18,low
Electronic City,6,22,0,0,0.555,medium
Indiranagar,6,22,0,0,0.29,low
MG Road,6,23,0,0,0.515,medium
Whitefield,6,23,0,0,0.467,medium
Koramangala,6,23,0,0,0.243,low
Electronic City,6,23,0,0,0.517,medium
Indiranagar,6,23,0,0,0.171,low
MG Road,0,0,1,0,0.701,high
Whitefield,0,0,1,0,0.298,low
Koramangala,0,0,1,0,0.075,low
Electronic City,0,0,1,0,0.408,medium
Indiranagar,0,0,1,0,0.33,low
MG Road,0,1,1,0,0.531,medium
Whitefield,0,1,1,0,0.376,medium
Koramangala,0,1,1,0,0.026,low
Electronic City,0,1,1,0,0.425,medium
Indiranagar,0,1,1,0,0.462,medium
MG Road,0,2,1,0,0.518,medium
Whitefield,0,2,1,0,0.286,low
Koramangala,0,2,1,0,0.025,low
Electronic City,0,2,1,0,0.49,medium
Indiranagar,0,2,1,0,0.382,medium
MG Road,0,3,1,0,0.57,medium
Whitefield,0,3,1,0,0.279,low
Koramangala,0,3,1,0,0.129,low
Electronic City,0,3,1,0,0.584,medium
Indiranagar,0,3,1,0,0.386,medium
MG Road,0,4,1,0,0.437,medium
Whitefield,0,4,1,0,0.096,low
Koramangala,0,4,1,0,0.124,low
Electronic City,0,4,1,0,0.514,medium
Indiranagar,0,4,1,0,0.213,low
MG Road,0,5,1,0,0.799,high
Whitefield,0,5,1,0,0.579,medium
Koramangala,0,5,1,0,0.408,medium
Electronic City,0,5,1,0,0.706,high
Indiranagar,0,5,1,0,0.703,high
MG Road,0,6,1,0,0.812,high
Whitefield,0,6,1,0,0.53,medium
Koramangala,0,6,1,0,0.473,medium
Electronic City,0,6,1,0,0.649,medium
Indiranagar,0,6,1,0,0.703,high
MG Road,0,7,1,0,0.879,high
Whitefield,0,7,1,0,0.711,high
Koramangala,0,7,1,0,0.387,medium
Electronic City,0,7,1,0,0.71,high
Indiranagar,0,7,1,0,0.607,medium
MG Road,0,8,1,1,1.0,high
Whitefield,0,8,1,1,0.798,high
Koramangala,0,8,1,1,0.606,medium
Electronic City,0,8,1,1,0.971,high
Indiranagar,0,8,1,1,0.756,high
MG Road,0,9,1,1,1.0,high
Whitefield,0,9,1,1,0.846,high
Koramangala,0,9,1,1,0.625,medium
Electronic City,0,9,1,1,0.911,high
Indiranagar,0,9,1,1,0.757,high
MG Road,0,10,1,1,1.0,high
Whitefield,0,10,1,1,0.8,high
Koramangala,0,10,1,1,0.699,high
Electronic City,0,10,1,1,1.0,high
Indiranagar,0,10,1,1,0.628,medium
MG Road,0,11,1,0,0.943,high
Whitefield,0,11,1,0,0.655,high
Koramangala,0,11,1,0,0.339,low
Electronic City,0,11,1,0,0.748,high
Indiranagar,0,11,1,0,0.508,medium
MG Road,0,12,1,0,0.946,high
Whitefield,0,12,1,0,0.527,medium
Koramangala,0,12,1,0,0.358,medium
Electronic City,0,12,1,0,0.692,high
Indiranagar,0,12,1,0,0.606,medium
MG Road,0,13,1,0,0.91,high
Whitefield,0,13,1,0,0.743,high
Koramangala,0,13,1,0,0.368,medium
Electronic City,0,13,1,0,0.78,high
Indiranagar,0,13,1,0,0.607,medium
MG Road,0,14,1,0,0.721,high
Whitefield,0,14,1,0,0.794,high
Koramangala,0,14,1,0,0.509,medium
Electronic City,0,14,1,0,0.765,high
Indiranagar,0,14,1,0,0.727,high
MG Road,0,15,1,0,0.897,high
Whitefield,0,15,1,0,0.607,medium
Koramangala,0,15,1,0,0.426,medium
Electronic City,0,15,1,0,0.871,high
Indiranagar,0,15,1,0,0.524,medium
MG Road,0,16,1,0,0.934,high
Whitefield,0,16,1,0,0.582,medium
Koramangala,0,16,1,0,0.522,medium
Electronic City,0,16,1,0,0.75,high
Indiranagar,0,16,1,0,0.627,medium
MG Road,0,17,1,1,1.0,high
Whitefield,0,17,1,1,0.807,high
Koramangala,0,17,1,1,0.628,medium
Electronic City,0,17,1,1,1.0,high
Indiranagar,0,17,1,1,0.665,high
MG Road,0,18,1,1,0.951,high
Whitefield,0,18,1,1,0.792,high
Koramangala,0,18,1,1,0.564,medium
Electronic City,0,18,1,1,1.0,high
Indiranagar,0,18,1,1,0.951,high
MG Road,0,19,1,1,1.0,high
Whitefield,0,19,1,1,0.799,high
Koramangala,0,19,1,1,0.757,high
Electronic City,0,19,1,1,0.873,high
Indiranagar,0,19,1,1,1.0,high
MG Road,0,20,1,1,0.995,high
Whitefield,0,20,1,1,0.829,high
Koramangala,0,20,1,1,0.616,medium
Electronic City,0,20,1,1,0.914,high
Indiranagar,0,20,1,1,1.0,high
MG Road,0,21,1,0,0.863,high
Whitefield,0,21,1,0,0.697,high
Koramangala,0,21,1,0,0.302,low
Electronic City,0,21,1,0,0.764,high
Indiranagar,0,21,1,0,0.642,medium
MG Road,0,22,1,0,0.822,high
Whitefield,0,22,1,0,0.507,medium
Koramangala,0,22,1,0,0.486,medium
Electronic City,0,22,1,0,0.76,high
Indiranagar,0,22,1,0,0.524,medium
MG Road,0,23,1,0,0.652,high
Whitefield,0,23,1,0,0.649,medium
Koramangala,0,23,1,0,0.596,medium
Electronic City,0,23,1,0,0.669,high
Indiranagar,0,23,1,0,0.614,medium
MG Road,1,0,1,0,0.589,medium
Whitefield,1,0,1,0,0.198,low
Koramangala,1,0,1,0,0.062,low
Electronic City,1,0,1,0,0.381,medium
Indiranagar,1,0,1,0,0.379,medium
MG Road,1,1,1,0,0.606,medium
Whitefield,1,1,1,0,0.313,low
Koramangala,1,1,1,0,0.033,low
Electronic City,1,1,1,0,0.415,medium
Indiranagar,1,1,1,0,0.25,low
MG Road,1,2,1,0,0.422,medium
Whitefield,1,2,1,0,0.292,low
Koramangala,1,2,1,0,0.146,low
Electronic City,1,2,1,0,0.489,medium
Indiranagar,1,2,1,0,0.299,low
MG Road,1,3,1,0,0.505,medium
Whitefield,1,3,1,0,0.293,low
Koramangala,1,3,1,0,0.0,low
Electronic City,1,3,1,0,0.463,medium
Indiranagar,1,3,1,0,0.253,low
MG Road,1,4,1,0,0.392,medium
Whitefield,1,4,1,0,0.33,low
Koramangala,1,4,1,0,0.051,low
Electronic City,1,4,1,0,0.468,medium
Indiranagar,1,4,1,0,0.368,medium
MG Road,1,5,1,0,0.724,high
Whitefield,1,5,1,0,0.607,medium
Koramangala,1,5,1,0,0.255,low
Electronic City,1,5,1,0,0.873,high
Indiranagar,1,5,1,0,0.491,medium
MG Road,1,6,1,0,0.759,high
Whitefield,1,6,1,0,0.707,high
Koramangala,1,6,1,0,0.381,medium
Electronic City,1,6,1,0,0.654,high
Indiranagar,1,6,1,0,0.657,high
MG Road,1,7,1,0,0.855,high
Whitefield,1,7,1,0,0.549,medium
Koramangala,1,7,1,0,0.358,medium
Electronic City,1,7,1,0,0.715,high
Indiranagar,1,7,1,0,0.583,medium
MG Road,1,8,1,1,0.899,high
Whitefield,1,8,1,1,0.835,high
Koramangala,1,8,1,1,0.793,high
Electronic City,1,8,1,1,0.928,high
Indiranagar,1,8,1,1,0.803,high
MG Road,1,9,1,1,0.955,high
Whitefield,1,9,1,1,0.899,high
Koramangala,1,9,1,1,0.746,high
Electronic City,1,9,1,1,1.0,high
Indiranagar,1,9,1,1,0.75,high
MG Road,1,10,1,1,1.0,high
Whitefield,1,10,1,1,0.965,high
Koramangala,1,10,1,1,0.691,high
Electronic City,1,10,1,1,1.0,high
Indiranagar,1,10,1,1,0.812,high
MG Road,1,11,1,0,0.818,high
Whitefield,1,11,1,0,0.699,high
Koramangala,1,11,1,0,0.426,medium
Electronic City,1,11,1,0,0.65,high
Indiranagar,1,11,1,0,0.564,medium
MG Road,1,12,1,0,0.897,high
Whitefield,1,12,1,0,0.626,medium
Koramangala,1,12,1,0,0.41,medium
Electronic City,1,12,1,0,0.706,high
Indiranagar,1,12,1,0,0.695,high
MG Road,1,13,1,0,0.933,high
Whitefield,1,13,1,0,0.701,high
Koramangala,1,13,1,0,0.515,medium
Electronic City,1,13,1,0,0.721,high
Indiranagar,1,13,1,0,0.56,medium
MG Road,1,14,1,0,0.787,high
Whitefield,1,14,1,0,0.603,medium
Koramangala,1,14,1,0,0.514,medium
Electronic City,1,14,1,0,0.843,high
Indiranagar,1,14,1,0,0.643,medium
MG Road,1,15,1,0,0.686,high
Whitefield,1,15,1,0,0.465,medium
Koramangala,1,15,1,0,0.419,medium
Electronic City,1,15,1,0,0.82,high
Indiranagar,1,15,1,0,0.594,medium
MG Road,1,16,1,0,0.953,high
Whitefield,1,16,1,0,0.513,medium
Koramangala,1,16,1,0,0.303,low
Electronic City,1,16,1,0,0.697,high
Indiranagar,1,16,1,0,0.544,medium
MG Road,1,17,1,1,1.0,high
Whitefield,1,17,1,1,0.816,high
Koramangala,1,17,1,1,0.526,medium
Electronic City,1,17,1,1,1.0,high
Indiranagar,1,17,1,1,0.709,high
MG Road,1,18,1,1,0.964,high
Whitefield,1,18,1,1,0.72,high
Koramangala,1,18,1,1,0.667,high
Electronic City,1,18,1,1,1.0,high
Indiranagar,1,18,1,1,1.0,high
MG Road,1,19,1,1,1.0,high
Whitefield,1,19,1,1,0.965,high
Koramangala,1,19,1,1,0.673,high
Electronic City,1,19,1,1,0.922,high
Indiranagar,1,19,1,1,0.86,high
MG Road,1,20,1,1,1.0,high
Whitefield,1,20,1,1,0.906,high
Koramangala,1,20,1,1,0.612,medium
Electronic City,1,20,1,1,1.0,high
Indiranagar,1,20,1,1,0.775,high
MG Road,1,21,1,0,0.717,high
Whitefield,1,21,1,0,0.511,medium
Koramangala,1,21,1,0,0.402,medium
Electronic City,1,21,1,0,0.656,high
Indiranagar,1,21,1,0,0.566,medium
MG Road,1,22,1,0,0.872,high
Whitefield,1,22,1,0,0.518,medium
Koramangala,1,22,1,0,0.36,medium
Electronic City,1,22,1,0,0.756,high
Indiranagar,1,22,1,0,0.62,medium
MG Road,1,23,1,0,0.76,high
Whitefield,1,23,1,0,0.663,high
Koramangala,1,23,1,0,0.447,medium
Electronic City,1,23,1,0,0.841,high
Indiranagar,1,23,1,0,0.593,medium
MG Road,2,0,1,0,0.459,medium
Whitefield,2,0,1,0,0.245,low
Koramangala,2,0,1,0,0.125,low
Electronic City,2,0,1,0,0.42,medium
Indiranagar,2,0,1,0,0.254,low
MG Road,2,1,1,0,0.464,medium
Whitefield,2,1,1,0,0.245,low
Koramangala,2,1,1,0,0.116,low
Electronic City,2,1,1,0,0.337,low
Indiranagar,2,1,1,0,0.324,low
MG Road,2,2,1,0,0.554,medium
Whitefield,2,2,1,0,0.254,low
Koramangala,2,2,1,0,0.254,low
Electronic City,2,2,1,0,0.451,medium
Indiranagar,2,2,1,0,0.175,low
MG Road,2,3,1,0,0.478,medium
Whitefield,2,3,1,0,0.305,low
Koramangala,2,3,1,0,0.136,low
Electronic City,2,3,1,0,0.429,medium
Indiranagar,2,3,1,0,0.219,low
MG Road,2,4,1,0,0.412,medium
Whitefield,2,4,1,0,0.248,low
Koramangala,2,4,1,0,0.055,low
Electronic City,2,4,1,0,0.359,medium
Indiranagar,2,4,1,0,0.241,low
MG Road,2,5,1,0,0.853,high
Whitefield,2,5,1,0,0.732,high
Koramangala,2,5,1,0,0.46,medium
Electronic City,2,5,1,0,0.854,high
Indiranagar,2,5,1,0,0.678,high
MG Road,2,6,1,0,0.867,high
Whitefield,2,6,1,0,0.573,medium
Koramangala,2,6,1,0,0.411,medium
Electronic City,2,6,1,0,0.716,high
Indiranagar,2,6,1,0,0.582,medium
MG Road,2,7,1,0,0.805,high
Whitefield,2,7,1,0,0.657,high
Koramangala,2,7,1,0,0.434,medium
Electronic City,2,7,1,0,0.737,high
Indiranagar,2,7,1,0,0.604,medium
MG Road,2,8,1,1,1.0,high
Whitefield,2,8,1,1,0.903,high
Koramangala,2,8,1,1,0.528,medium
Electronic City,2,8,1,1,0.914,high
Indiranagar,2,8,1,1,0.939,high
MG Road,2,9,1,1,1.0,high
Whitefield,2,9,1,1,0.816,high
Koramangala,2,9,1,1,0.629,medium
Electronic City,2,9,1,1,0.979,high
Indiranagar,2,9,1,1,0.895,high
MG Road,2,10,1,1,0.961,high
Whitefield,2,10,1,1,0.852,high
Koramangala,2,10,1,1,0.67,high
Electronic City,2,10,1,1,1.0,high
Indiranagar,2,10,1,1,0.868,high
MG Road,2,11,1,0,0.841,high
Whitefield,2,11,1,0,0.554,medium
Koramangala,2,11,1,0,0.325,low
Electronic City,2,11,1,0,0.947,high
Indiranagar,2,11,1,0,0.576,medium
MG Road,2,12,1,0,0.785,high
Whitefield,2,12,1,0,0.654,high
Koramangala,2,12,1,0,0.528,medium
Electronic City,2,12,1,0,0.706,high
Indiranagar,2,12,1,0,0.52,medium
MG Road,2,13,1,0,0.701,high
Whitefield,2,13,1,0,0.727,high
Koramangala,2,13,1,0,0.317,low
Electronic City,2,13,1,0,0.748,high
Indiranagar,2,13,1,0,0.522,medium
MG Road,2,14,1,0,0.684,high
Whitefield,2,14,1,0,0.577,medium
Koramangala,2,14,1,0,0.325,low
Electronic City,2,14,1,0,0.695,high
Indiranagar,2,14,1,0,0.76,high
MG Road,2,15,1,0,0.834,high
Whitefield,2,15,1,0,0.675,high
Koramangala,2,15,1,0,0.466,medium
Electronic City,2,15,1,0,0.742,high
Indiranagar,2,15,1,0,0.565,medium
MG Road,2,16,1,0,0.82,high
Whitefield,2,16,1,0,0.613,medium
Koramangala,2,16,1,0,0.354,medium
Electronic City,2,16,1,0,0.76,high
Indiranagar,2,16,1,0,0.543,medium
MG Road,2,17,1,1,1.0,high
Whitefield,2,17,1,1,0.823,high
Koramangala,2,17,1,1,0.548,medium
Electronic City,2,17,1,1,0.812,high
Indiranagar,2,17,1,1,0.775,high
MG Road,2,18,1,1,1.0,high
Whitefield,2,18,1,1,0.825,high
Koramangala,2,18,1,1,0.712,high
Electronic City,2,18,1,1,0.83,high
Indiranagar,2,18,1,1,0.769,high
MG Road,2,19,1,1,0.942,high
Whitefield,2,19,1,1,0.834,high
Koramangala,2,19,1,1,0.844,high
Electronic City,2,19,1,1,1.0,high
Indiranagar,2,19,1,1,0.986,high
MG Road,2,20,1,1,1.0,high
Whitefield,2,20,1,1,0.959,high
Koramangala,2,20,1,1,0.816,high
Electronic City,2,20,1,1,0.991,high
Indiranagar,2,20,1,1,0.807,high
MG Road,2,21,1,0,0.695,high
Whitefield,2,21,1,0,0.575,medium
Koramangala,2,21,1,0,0.407,medium
Electronic City,2,21,1,0,0.912,high
Indiranagar,2,21,1,0,0.496,medium
MG Road,2,22,1,0,0.805,high
Whitefield,2,22,1,0,0.455,medium
Koramangala,2,22,1,0,0.366,medium
Electronic City,2,22,1,0,0.775,high
Indiranagar,2,22,1,0,0.641,medium
MG Road,2,23,1,0,0.847,high
Whitefield,2,23,1,0,0.632,medium
Koramangala,2,23,1,0,0.446,medium
Electronic City,2,23,1,0,0.754,high
Indiranagar,2,23,1,0,0.516,medium
MG Road,3,0,1,0,0.352,medium
Whitefield,3,0,1,0,0.256,low
Koramangala,3,0,1,0,0.089,low
Electronic City,3,0,1,0,0.55,medium
Indiranagar,3,0,1,0,0.292,low
MG Road,3,1,1,0,0.484,medium
Whitefield,3,1,1,0,0.331,low
Koramangala,3,1,1,0,0.078,low
Electronic City,3,1,1,0,0.515,medium
Indiranagar,3,1,1,0,0.458,medium
MG Road,3,2,1,0,0.675,high
Whitefield,3,2,1,0,0.308,low
Koramangala,3,2,1,0,0.127,low
Electronic City,3,2,1,0,0.576,medium
Indiranagar,3,2,1,0,0.288,low
MG Road,3,3,1,0,0.554,medium
Whitefield,3,3,1,0,0.209,low
Koramangala,3,3,1,0,0.075,low
Electronic City,3,3,1,0,0.542,medium
Indiranagar,3,3,1,0,0.243,low
MG Road,3,4,1,0,0.49,medium
Whitefield,3,4,1,0,0.174,low
Koramangala,3,4,1,0,0.26,low
Electronic City,3,4,1,0,0.551,medium
Indiranagar,3,4,1,0,0.315,low
MG Road,3,5,1,0,0.841,high
Whitefield,3,5,1,0,0.632,medium
Koramangala,3,5,1,0,0.511,medium
Electronic City,3,5,1,0,0.708,high
Indiranagar,3,5,1,0,0.659,high
MG Road,3,6,1,0,0.886,high
Whitefield,3,6,1,0,0.697,high
Koramangala,3,6,1,0,0.219,low
Electronic City,3,6,1,0,0.702,high
Indiranagar,3,6,1,0,0.518,medium
MG Road,3,7,1,0,0.812,high
Whitefield,3,7,1,0,0.439,medium
Koramangala,3,7,1,0,0.236,low
Electronic City,3,7,1,0,0.924,high
Indiranagar,3,7,1,0,0.649,medium
MG Road,3,8,1,1,1.0,high
Whitefield,3,8,1,1,0.879,high
Koramangala,3,8,1,1,0.662,high
Electronic City,3,8,1,1,1.0,high
Indiranagar,3,8,1,1,0.799,high
MG Road,3,9,1,1,1.0,high
Whitefield,3,9,1,1,0.868,high
Koramangala,3,9,1,1,0.566,medium
Electronic City,3,9,1,1,1.0,high
Indiranagar,3,9,1,1,0.814,high
MG Road,3,10,1,1,1.0,high
Whitefield,3,10,1,1,0.859,high
Koramangala,3,10,1,1,0.781,high
Electronic City,3,10,1,1,0.917,high
Indiranagar,3,10,1,1,0.763,high
MG Road,3,11,1,0,0.728,high
Whitefield,3,11,1,0,0.611,medium
Koramangala,3,11,1,0,0.523,medium
Electronic City,3,11,1,0,0.877,high
Indiranagar,3,11,1,0,0.415,medium
MG Road,3,12,1,0,0.82,high
Whitefield,3,12,1,0,0.343,low
Koramangala,3,12,1,0,0.464,medium
Electronic City,3,12,1,0,0.839,high
Indiranagar,3,12,1,0,0.597,medium
MG Road,3,13,1,0,0.807,high
Whitefield,3,13,1,0,0.606,medium
Koramangala,3,13,1,0,0.337,low
Electronic City,3,13,1,0,0.785,high
Indiranagar,3,13,1,0,0.581,medium
MG Road,3,14,1,0,0.874,high
Whitefield,3,14,1,0,0.591,medium
Koramangala,3,14,1,0,0.331,low
Electronic City,3,14,1,0,0.627,medium
Indiranagar,3,14,1,0,0.451,medium
MG Road,3,15,1,0,0.905,high
Whitefield,3,15,1,0,0.563,medium
Koramangala,3,15,1,0,0.427,medium
Electronic City,3,15,1,0,0.893,high
Indiranagar,3,15,1,0,0.555,medium
MG Road,3,16,1,0,0.75,high
Whitefield,3,16,1,0,0.589,medium
Koramangala,3,16,1,0,0.402,medium
Electronic City,3,16,1,0,0.901,high
Indiranagar,3,16,1,0,0.725,high
MG Road,3,17,1,1,1.0,high
Whitefield,3,17,1,1,0.966,high
Koramangala,3,17,1,1,0.636,medium
Electronic City,3,17,1,1,1.0,high
Indiranagar,3,17,1,1,0.826,high
MG Road,3,18,1,1,0.947,high
Whitefield,3,18,1,1,0.946,high
Koramangala,3,18,1,1,0.693,high
Electronic City,3,18,1,1,1.0,high
Indiranagar,3,18,1,1,0.85,high
MG Road,3,19,1,1,0.93,high
Whitefield,3,19,1,1,0.772,high
Koramangala,3,19,1,1,0.677,high
Electronic City,3,19,1,1,0.958,high
Indiranagar,3,19,1,1,0.833,high
MG Road,3,20,1,1,1.0,high
Whitefield,3,20,1,1,0.795,high
Koramangala,3,20,1,1,0.573,medium
Electronic City,3,20,1,1,0.871,high
Indiranagar,3,20,1,1,0.838,high
MG Road,3,21,1,0,0.849,high
Whitefield,3,21,1,0,0.469,medium
Koramangala,3,21,1,0,0.398,medium
Electronic City,3,21,1,0,0.772,high
Indiranagar,3,21,1,0,0.521,medium
MG Road,3,22,1,0,0.914,high
Whitefield,3,22,1,0,0.569,medium
Koramangala,3,22,1,0,0.392,medium
Electronic City,3,22,1,0,0.737,high
Indiranagar,3,22,1,0,0.458,medium
MG Road,3,23,1,0,0.881,high
Whitefield,3,23,1,0,0.524,medium
Koramangala,3,23,1,0,0.381,medium
Electronic City,3,23,1,0,0.798,high
Indiranagar,3,23,1,0,0.717,high
MG Road,4,0,1,0,0.414,medium
Whitefield,4,0,1,0,0.264,low
Koramangala,4,0,1,0,0.211,low
Electronic City,4,0,1,0,0.487,medium
Indiranagar,4,0,1,0,0.354,medium
MG Road,4,1,1,0,0.416,medium
Whitefield,4,1,1,0,0.27,low
Koramangala,4,1,1,0,0.087,low
Electronic City,4,1,1,0,0.381,medium
Indiranagar,4,1,1,0,0.166,low
MG Road,4,2,1,0,0.459,medium
Whitefield,4,2,1,0,0.408,medium
Koramangala,4,2,1,0,0.105,low
Electronic City,4,2,1,0,0.56,medium
Indiranagar,4,2,1,0,0.314,low
MG Road,4,3,1,0,0.439,medium
Whitefield,4,3,1,0,0.402,medium
Koramangala,4,3,1,0,0.117,low
Electronic City,4,3,1,0,0.527,medium
Indiranagar,4,3,1,0,0.215,low
MG Road,4,4,1,0,0.583,medium
Whitefield,4,4,1,0,0.386,medium
Koramangala,4,4,1,0,0.123,low
Electronic City,4,4,1,0,0.385,medium
Indiranagar,4,4,1,0,0.296,low
MG Road,4,5,1,0,0.849,high
Whitefield,4,5,1,0,0.619,medium
Koramangala,4,5,1,0,0.448,medium
Electronic City,4,5,1,0,0.831,high
Indiranagar,4,5,1,0,0.548,medium
MG Road,4,6,1,0,0.708,high
Whitefield,4,6,1,0,0.597,medium
Koramangala,4,6,1,0,0.374,medium
Electronic City,4,6,1,0,0.813,high
Indiranagar,4,6,1,0,0.514,medium
MG Road,4,7,1,0,0.882,high
Whitefield,4,7,1,0,0.708,high
Koramangala,4,7,1,0,0.4,medium
Electronic City,4,7,1,0,0.755,high
Indiranagar,4,7,1,0,0.539,medium
MG Road,4,8,1,1,1.0,high
Whitefield,4,8,1,1,0.817,high
Koramangala,4,8,1,1,0.765,high
Electronic City,4,8,1,1,0.994,high
Indiranagar,4,8,1,1,0.744,high
MG Road,4,9,1,1,1.0,high
Whitefield,4,9,1,1,0.916,high
Koramangala,4,9,1,1,0.648,medium
Electronic City,4,9,1,1,1.0,high
Indiranagar,4,9,1,1,0.912,high
MG Road,4,10,1,1,0.966,high
Whitefield,4,10,1,1,0.806,high
Koramangala,4,10,1,1,0.668,high
Electronic City,4,10,1,1,0.867,high
Indiranagar,4,10,1,1,0.877,high
MG Road,4,11,1,0,0.659,high
Whitefield,4,11,1,0,0.682,high
Koramangala,4,11,1,0,0.473,medium
Electronic City,4,11,1,0,0.79,high
Indiranagar,4,11,1,0,0.546,medium
MG Road,4,12,1,0,0.814,high
Whitefield,4,12,1,0,0.559,medium
Koramangala,4,12,1,0,0.318,low
Electronic City,4,12,1,0,0.723,high
Indiranagar,4,12,1,0,0.656,high
MG Road,4,13,1,0,0.804,high
Whitefield,4,13,1,0,0.716,high
Koramangala,4,13,1,0,0.461,medium
Electronic City,4,13,1,0,0.803,high
Indiranagar,4,13,1,0,0.471,medium
MG Road,4,14,1,0,0.777,high
Whitefield,4,14,1,0,0.515,medium
Koramangala,4,14,1,0,0.385,medium
Electronic City,4,14,1,0,0.695,high
Indiranagar,4,14,1,0,0.57,medium
MG Road,4,15,1,0,0.885,high
Whitefield,4,15,1,0,0.638,medium
Koramangala,4,15,1,0,0.481,medium
Electronic City,4,15,1,0,0.622,medium
Indiranagar,4,15,1,0,0.605,medium
MG Road,4,16,1,0,0.877,high
Whitefield,4,16,1,0,0.721,high
Koramangala,4,16,1,0,0.276,low
Electronic City,4,16,1,0,0.722,high
Indiranagar,4,16,1,0,0.683,high
MG Road,4,17,1,1,1.0,high
Whitefield,4,17,1,1,0.777,high
Koramangala,4,17,1,1,0.526,medium
Electronic City,4,17,1,1,0.924,high
Indiranagar,4,17,1,1,0.715,high
MG Road,4,18,1,1,1.0,high
Whitefield,4,18,1,1,0.922,high
Koramangala,4,18,1,1,0.549,medium
Electronic City,4,18,1,1,1.0,high
Indiranagar,4,18,1,1,0.918,high
MG Road,4,19,1,1,1.0,high
Whitefield,4,19,1,1,0.721,high
Koramangala,4,19,1,1,0.681,high
Electronic City,4,19,1,1,0.996,high
Indiranagar,4,19,1,1,0.837,high
MG Road,4,20,1,1,1.0,high
Whitefield,4,20,1,1,0.857,high
Koramangala,4,20,1,1,0.691,high
Electronic City,4,20,1,1,1.0,high
Indiranagar,4,20,1,1,0.859,high
MG Road,4,21,1,0,0.921,high
Whitefield,4,21,1,0,0.629,medium
Koramangala,4,21,1,0,0.392,medium
Electronic City,4,21,1,0,0.762,high
Indiranagar,4,21,1,0,0.502,medium
MG Road,4,22,1,0,0.824,high
Whitefield,4,22,1,0,0.441,medium
Koramangala,4,22,1,0,0.331,low
Electronic City,4,22,1,0,0.759,high
Indiranagar,4,22,1,0,0.696,high
MG Road,4,23,1,0,0.914,high
Whitefield,4,23,1,0,0.581,medium
Koramangala,4,23,1,0,0.412,medium
Electronic City,4,23,1,0,0.829,high
Indiranagar,4,23,1,0,0.494,medium
